{
  "materials": [
    {
      "item": {
        "item": "minecraft:netherite_scrap"
      },
      "count": 1
    },
    {
      "item": {
        "tag": "forge:ingots/copper"
      },
      "count": 8
    },
    {
      "item": {
        "tag": "forge:gunpowder"
      },
      "count": 12
    },
    {
      "item": {
        "tag": "forge:dusts/redstone"
      },
      "count": 12
    }
  ],
  "result": {
    "type": "ammo",
    "id": "create_armorer:40mmhe",
    "count": 12
  },
  "type": "tacz:gun_smith_table_crafting"
}