{
  "materials": [
    {
      "item": {
        "tag": "forge:ingots/iron"
      },
      "count": 36
    },
    {
      "item": {
        "tag": "forge:ingots/copper"
      },
      "count": 12
    },
    {
      "item": {
        "tag": "minecraft:planks"
      },
      "count": 12
    },
    {
      "item": {
        "tag": "forge:gems/quartz"
      },
      "count": 8
    }
  ],
  "result": {
    "type": "gun",
    "id": "immersive_armorer:double_shotgun"
  },
  "type": "tacz:gun_smith_table_crafting"
}