{
  "materials": [
    {
      "item": {
        "tag": "forge:ingots/iron"
      },
      "count": 32
    },
    {
      "item": {
        "tag": "forge:ingots/gold"
      },
      "count": 6
    },
    {
      "item": {
        "tag": "forge:gems/diamond"
      },
      "count": 1
    },
    {
      "item": {
        "tag": "minecraft:planks"
      },
      "count": 4
    }
  ],
  "result": {
    "type": "gun",
    "id": "immersive_armorer:pistol_9mm"
  },
  "type": "tacz:gun_smith_table_crafting"
}