{
  "materials": [
    {
      "item": {
        "tag": "forge:ingots/iron"
      },
      "count": 20
    },
    {
      "item": {
        "tag": "forge:ingots/copper"
      },
      "count": 10
    },
    {
      "item": {
        "tag": "minecraft:logs"
      },
      "count": 8
    },
    {
      "item": {
        "tag": "forge:glass"
      },
      "count": 4
    }
  ],
  "result": {
    "type": "gun",
    "id": "immersive_armorer:standard_rail_pistol_mk2"
  },
  "type": "tacz:gun_smith_table_crafting"
}