{
  "materials": [
    {
      "item": {
        "tag": "forge:ingots/iron"
      },
      "count": 24
    },
    {
      "item": {
        "tag": "forge:ingots/copper"
      },
      "count": 12
    },
    {
      "item": {
        "tag": "forge:dusts/redstone"
      },
      "count": 8
    },
    {
      "item": {
        "tag": "minecraft:logs"
      },
      "count": 6
    }
  ],
  "result": {
    "type": "gun",
    "id": "immersive_armorer:standard_rail_smg_mk1"
  },
  "type": "tacz:gun_smith_table_crafting"
}