{
    "model": "immersive_armorer:gun/double_shotgun_geo",
    "texture": "immersive_armorer:gun/uv/double_shotgun",
    "hud": "immersive_armorer:gun/hud/double_shotgun",
    "slot": "immersive_armorer:gun/slot/double_shotgun",
    "animation": "immersive_armorer:double_shotgun",
    "use_default_animation": "rifle",
    "third_person_animation": "default",
    "state_machine": "immersive_armorer:double_shotgun_state_machine",
    "transform": {
        "scale": {
            "thirdperson": [
                0.6,
                0.6,
                0.6
            ],
            "ground": [
                0.6,
                0.6,
                0.6
            ],
            "fixed": [
                1.2,
                1.2,
                1.2
            ]
        }
    },
    "muzzle_flash": {
        "texture": "tacz:flash/common_muzzle_flash",
        "scale": 1
    },
    "shell": {
        "initial_velocity": [5, 2, 1],
        "random_velocity": [1, 1, 0.25],
        "acceleration": [0.0, -10, 0.0],
        "angular_velocity": [360, -1200, 90],
        "living_time": 1.0
    },
    "sounds": {
        "shoot": "immersive_armorer:double_shotgun/double_shotgun_shoot",
        "shoot_3p": "immersive_armorer:double_shotgun/double_shotgun_shoot_3p",
        "reload_empty": "immersive_armorer:double_shotgun/double_shotgun_reload_empty",
        "reload_tactical": "immersive_armorer:double_shotgun/double_shotgun_reload_tactical",
        "inspect": "immersive_armorer:double_shotgun/double_shotgun_inspect",
        "inspect_empty": "immersive_armorer:double_shotgun/double_shotgun_inspect_empty",
        "draw": "immersive_armorer:double_shotgun/double_shotgun_draw",
        "dry_fire": "immersive_armorer:dry_fire/dry_fire",
        "put_away": "immersive_armorer:double_shotgun/double_shotgun_put_away",
        "bolt": "immersive_armorer:double_shotgun/double_shotgun_bolt",
        "silence": "immersive_armorer:double_shotgun/double_shotgun_silence",
        "silence_3p": "immersive_armorer:double_shotgun/double_shotgun_silence_3p"
    }
}