{
    "show_crosshair": "true",
    "model": "immersive_armorer:gun/dual_barrel_cannon_geo",
    "texture": "immersive_armorer:gun/uv/dual_barrel_cannon",
    "hud": "immersive_armorer:gun/hud/dual_barrel_cannon",
    "slot": "immersive_armorer:gun/slot/dual_barrel_cannon",
    "animation": "immersive_armorer:dual_barrel_cannon",
    "use_default_animation": "rifle",
    "third_person_animation": "default",
    "iron_zoom": 2,
    "state_machine": "immersive_armorer:dual_barrel_cannon_state_machine",
    "transform": {
        "scale": {
            "thirdperson": [
                0.6,
                0.6,
                0.6
            ],
            "ground": [
                0.6,
                0.6,
                0.6
            ],
            "fixed": [
                1.2,
                1.2,
                1.2
            ]
        }
    },
    "muzzle_flash": {
        "texture": "tacz:flash/common_muzzle_flash",
        "scale": 2
    },
  "shell": {
    "initial_velocity": [6, 2, -4.5],
    "random_velocity": [1, 0.75, 0.25],
    "acceleration": [0.0, -12.5, 0.0],
    "angular_velocity": [180, -600, 90],
    "living_time": 1.0
  },
    "sounds": {
        "shoot": "immersive_armorer:dual_barrel_cannon/dual_barrel_cannon_shoot",
        "shoot_3p": "immersive_armorer:dual_barrel_cannon/dual_barrel_cannon_shoot_3p",
        "reload_empty": "immersive_armorer:dual_barrel_cannon/dual_barrel_cannon_reload",
        "reload_tactical": "immersive_armorer:dual_barrel_cannon/dual_barrel_cannon_reload",
        "inspect": "immersive_armorer:dual_barrel_cannon/dual_barrel_cannon_inspect",
        "inspect_empty": "immersive_armorer:dual_barrel_cannon/dual_barrel_cannon_inspect",
        "draw": "immersive_armorer:dual_barrel_cannon/dual_barrel_cannon_draw",
        "dry_fire": "immersive_armorer:dry_fire/dry_fire",
        "put_away": "immersive_armorer:dual_barrel_cannon/dual_barrel_cannon_put_away",
        "silence": "immersive_armorer:dual_barrel_cannon/dual_barrel_cannon_shoot",
        "silence_3p": "immersive_armorer:dual_barrel_cannon/dual_barrel_cannon_shoot_3p"
    }
}