{
    "model": "immersive_armorer:gun/pistol_9mm_geo",
    "texture": "immersive_armorer:gun/uv/pistol_9mm",
    "lod": {
        "model": "immersive_armorer:gun/lod/pistol_9mm_lod",
        "texture": "immersive_armorer:gun/lod/pistol_9mm_lod"
    },
    "hud": "immersive_armorer:gun/hud/pistol_9mm",
    "slot": "immersive_armorer:gun/slot/pistol_9mm",
    "animation": "immersive_armorer:pistol_9mm",
    "use_default_animation": "pistol",
    "third_person_animation": "default",
    "transform": {
        "scale": {
            "thirdperson": [
                0.6,
                0.6,
                0.6
            ],
            "ground": [
                0.6,
                0.6,
                0.6
            ],
            "fixed": [
                1.2,
                1.2,
                1.2
            ]
        }
    },
    "muzzle_flash": {
        "texture": "tacz:flash/common_muzzle_flash",
        "scale": 1.33
    },
    "shell": {
        "initial_velocity": [5, 2, 1],
        "random_velocity": [1, 1, 0.25],
        "acceleration": [0.0, -10, 0.0],
        "angular_velocity": [360, -1200, 90],
        "living_time": 1.0
    },
    "sounds": {
        "shoot": "immersive_armorer:pistol_9mm/pistol_9mm_shoot",
        "shoot_3p": "immersive_armorer:pistol_9mm/pistol_9mm_shoot_3p",
        "reload_empty": "immersive_armorer:pistol_9mm/pistol_9mm_reload_empty",
        "reload_tactical": "immersive_armorer:pistol_9mm/pistol_9mm_reload_tactical",
        "inspect": "immersive_armorer:pistol_9mm/pistol_9mm_inspect",
        "inspect_empty": "immersive_armorer:pistol_9mm/pistol_9mm_inspect_empty",
        "draw": "immersive_armorer:pistol_9mm/pistol_9mm_draw",
        "melee_bayonet": "immersive_armorer:attachment_bayonet/bayonet_attack_pistol_9mm",
        "dry_fire": "immersive_armorer:dry_fire/dry_fire",
        "put_away": "immersive_armorer:pistol_9mm/pistol_9mm_put_away",
        "silence": "immersive_armorer:pistol_9mm/pistol_9mm_silence",
        "silence_3p": "immersive_armorer:pistol_9mm/pistol_9mm_silence_3p"
    }
}