{
    "show_crosshair": "true",
    "model": "immersive_armorer:gun/plasma_gun_geo",
    "texture": "immersive_armorer:gun/uv/plasma_gun",
    "hud": "immersive_armorer:gun/hud/plasma_gun",
    "slot": "immersive_armorer:gun/slot/plasma_gun",
    "animation": "immersive_armorer:plasma_gun",
    "state_machine": "immersive_armorer:plasma_gun_state_machine",
    "iron_zoom": 2,
    "ammo":{
        "particle": {
            "name": "soul_fire_flame",
                "delta": [
                    0,
                    0,
                    0
                ],
          "speed": 0.01,
          "life_time": 50,
          "count": 30
        }
    },
    "use_default_animation": "rifle",
    "third_person_animation": "default",
    "transform": {
        "scale": {
            "thirdperson": [
                0.6,
                0.6,
                0.6
            ],
            "ground": [
                0.6,
                0.6,
                0.6
            ],
            "fixed": [
                1.2,
                1.2,
                1.2
            ]
        }
    },
    "muzzle_flash": {
        "texture": "immersive_armorer:flash/railgun_flash",
        "scale": 2
    },
    "sounds": {
        "shoot": "immersive_armorer:plasma_gun/plasma_gun_shoot",
        "shoot_3p": "immersive_armorer:plasma_gun/plasma_gun_shoot_3p",
        "reload_empty": "immersive_armorer:plasma_gun/plasma_gun_reload",
        "reload_tactical": "immersive_armorer:plasma_gun/plasma_gun_reload",
        "melee_bayonet": "immersive_armorer:attachment_bayonet/bayonet_attack1",
        "inspect": "immersive_armorer:plasma_gun/plasma_gun_inspect",
        "inspect_empty": "immersive_armorer:plasma_gun/plasma_gun_inspect",
        "draw": "immersive_armorer:plasma_gun/plasma_gun_draw",
        "dry_fire": "immersive_armorer:dry_fire/dry_fire",
        "put_away": "immersive_armorer:plasma_gun/plasma_gun_put_away",
        "silence": "immersive_armorer:plasma_gun/plasma_gun_shoot",
        "silence_3p": "immersive_armorer:plasma_gun/plasma_gun_shoot_3p"
    }
}