{
    "model": "immersive_armorer:gun/revolver_geo",
    "texture": "immersive_armorer:gun/uv/revolver",
    "lod": {
        "model": "immersive_armorer:gun/lod/revolver_lod",
        "texture": "immersive_armorer:gun/lod/revolver_lod"
    },
    "hud": "immersive_armorer:gun/hud/revolver",
    "slot": "immersive_armorer:gun/slot/revolver",
    "animation": "immersive_armorer:revolver",
    "use_default_animation": "pistol",
    "third_person_animation": "default",
    "transform": {
        "scale": {
            "thirdperson": [
                0.6,
                0.6,
                0.6
            ],
            "ground": [
                0.6,
                0.6,
                0.6
            ],
            "fixed": [
                1.2,
                1.2,
                1.2
            ]
        }
    },
    "muzzle_flash": {
        "texture": "tacz:flash/common_muzzle_flash",
        "scale": 1
    },
    "sounds": {
        "shoot": "immersive_armorer:revolver/revolver_shoot",
        "shoot_3p": "immersive_armorer:revolver/revolver_shoot_3p",
        "reload_empty": "immersive_armorer:revolver/revolver_reload",
        "reload_tactical": "immersive_armorer:revolver/revolver_reload",
        "melee_bayonet": "immersive_armorer:attachment_bayonet/bayonet_attack1",
        "inspect": "immersive_armorer:revolver/revolver_inspect",
        "inspect_empty": "immersive_armorer:revolver/revolver_inspect",
        "draw": "immersive_armorer:revolver/revolver_draw",
        "dry_fire": "immersive_armorer:dry_fire/dry_fire",
        "put_away": "immersive_armorer:revolver/revolver_put_away",
        "silence": "immersive_armorer:revolver/revolver_silence",
        "silence_3p": "immersive_armorer:revolver/revolver_silence_3p"
    }
}