{
  "filter": "immersive_armorer:default",
  "tabs": [
    {
      "id": "tacz:pistol",
      "name": "immersive_armorer.type.pistol.name",
      "icon": {
        "item": "tacz:modern_kinetic_gun",
        "nbt": {
          "GunId": "immersive_armorer:standard_rail_pistol_mk3"
        }
      }
    },
    {
      "id": "tacz:shotgun",
      "name": "immersive_armorer.type.shotgun.name",
      "icon": {
        "item": "tacz:modern_kinetic_gun",
        "nbt": {
          "GunId": "immersive_armorer:pump_shotgun"
        }
      }
    },
    {
      "id": "tacz:rifle",
      "name": "immersive_armorer.type.rifle.name",
      "icon": {
        "item": "tacz:modern_kinetic_gun",
        "nbt": {
          "GunId": "immersive_armorer:assult_rifle"
        }
      }
    },
    {
      "id": "tacz:sniper",
      "name": "immersive_armorer.type.sniper.name",
      "icon": {
        "item": "tacz:modern_kinetic_gun",
        "nbt": {
          "GunId": "immersive_armorer:railgun"
        }
      }
    },
    {
      "id": "tacz:smg",
      "name": "immersive_armorer.type.smg.name",
      "icon": {
        "item": "tacz:modern_kinetic_gun",
        "nbt": {
          "GunId": "immersive_armorer:standard_rail_smg_mk1"
        }
      }
    },
    {
      "id": "tacz:rpg",
      "name": "immersive_armorer.type.rpg.name",
      "icon": {
        "item": "tacz:modern_kinetic_gun",
        "nbt": {
          "GunId": "immersive_armorer:chemical_thrower"
        }
      }
    },
    {
      "id": "tacz:ammo",
      "name": "immersive_armorer.type.ammo.name",
      "icon": {
        "item": "tacz:ammo",
        "nbt": {
          "AmmoId": "immersive_armorer:454_casul"
        }
      }
    },
    {
      "id": "tacz:scope",
      "name": "immersive_armorer.type.scope.name",
      "icon": {
        "item": "tacz:attachment",
        "nbt": {
          "AttachmentId": "immersive_armorer:scope_spyglass_ie"
        }
      }
    },
    {
      "id": "tacz:extended_mag",
      "name": "immersive_armorer.type.extended_mag.name",
      "icon": {
        "item": "tacz:attachment",
        "nbt": {
          "AttachmentId": "immersive_armorer:extended_capacitor_3"
        }
      }
    },
    {
      "id": "tacz:grip",
      "name": "immersive_armorer.type.grip.name",
      "icon": {
        "item": "tacz:attachment",
        "nbt": {
          "AttachmentId": "immersive_armorer:grip_twined"
        }
      }
    },
    {
      "id": "tacz:muzzle",
      "name": "immersive_armorer.type.muzzle.name",
      "icon": {
        "item": "tacz:attachment",
        "nbt": {
          "AttachmentId": "immersive_armorer:muzzle_refit_fuel_stream_diffuser"
        }
      }
    },
    {
      "id": "tacz:stock",
      "name": "immersive_armorer.type.stock.name",
      "icon": {
        "item": "tacz:attachment",
        "nbt": {
          "AttachmentId": "immersive_armorer:stock_simple"
        }
      }
    }
  ]
}