{
  "materials": [
    {
      "item": {
        "tag": "forge:ingots/copper"
      },
      "count": 24
    },
    {
      "item": {
        "tag": "forge:ingots/gold"
      },
      "count": 8
    },
    {
      "item": {
        "tag": "forge:gunpowder"
      },
      "count": 12
    },
    {
      "item": {
        "item": "minecraft:netherite_scrap"
      },
      "count": 1
    }
  ],
  "result": {
    "type": "ammo",
    "id": "immersive_armorer:20mm",
    "count": 24
  },
  "type": "tacz:gun_smith_table_crafting"
}