{
  "materials": [
    {
      "item": {
        "tag": "forge:glass"
      },
      "count": 4
    },
    {
      "item": {
        "tag": "forge:dusts/redstone"
      },
      "count": 4
    },
    {
      "item": {
        "tag": "forge:gems/quartz"
      },
      "count": 3
    },
    {
      "item": {
        "tag": "forge:ingots/copper"
      },
      "count": 3
    }
  ],
  "result": {
    "type": "ammo",
    "id": "immersive_armorer:high_power_capacitor",
    "count": 3
  },
  "type": "tacz:gun_smith_table_crafting"
}