{
  "ammo": "tacz:12g",
  "ammo_amount": 19,
  "script": "immersive_armorer:double_shotgun_logic",
  "script_param": {
    "empty_feed": 3.2,
    "empty_cooldown": 3.4,
    "tactical_feed": 2.25,
    "tactical_cooldown": 3
  },
  "extended_mag_ammo_amount": [
    19,
    19,
    19
  ],
  "weight": 3.7,
  "can_crawl": true,
  "can_slide": false,
  "bolt": "manual_action",
  "rpm": 360,
  "bullet": {
    "life": 1,
    "bullet_amount": 8,
    "damage": 32,
    "tracer_count_interval": 0,
    "extra_damage": {
      "armor_ignore": 0.1,
      "head_shot_multiplier": 1.5,
      "damage_adjust": [
        {"distance": 30, "damage": 32},
        {"distance": "infinite", "damage": 24}
      ]
    },
    "speed": 260,
    "gravity": 0.0245,
    "knockback": 0,
    "friction": 0.01,
    "ignite": false,
    "pierce": 1
  },
  "reload": {
    "type": "magazine",
    "feed": {
      "empty": 2.29,
      "tactical": 1.38
    },
    "cooldown": {
      "empty": 2.58,
      "tactical": 2
    }
  },
  "draw_time": 0.75,
  "put_away_time": 0.5,
  "aim_time": 0.2,
  "sprint_time": 0.2,
  "bolt_action_time": 0.5,
  "fire_mode": [
    "semi"
  ],
  "recoil": {
    "pitch": [
      {"time": 0, "value": [1, 1]},
      {"time": 0.4, "value": [1, 1]},
      {"time": 0.6, "value": [-0.13, -0.13]},
      {"time": 0.9, "value": [0, 0]}
    ],
    "yaw": [
      {"time": 0, "value": [0.07, 0.15]},
      {"time": 0.3, "value": [0.07, 0.15]},
      {"time": 0.5, "value": [0, 0]}
    ]
  },
  "melee": {
    "distance": 1,
    "cooldown": 0.5,
    "default": {
      "animation_type": "melee_stock",
      "distance": 1.25,
      "range_angle": 45,
      "damage": 5,
      "knockback": 0.5,
      "prep": 0.1
    }
  },
  "inaccuracy": {
    "stand": 3.5,
    "move": 3.5,
    "sneak": 3.5,
    "lie": 3.5,
    "aim": 3.5
  },
  "allow_attachment_types": [
    "scope",
    "muzzle",
    "stock"
  ]
}