{
  "ammo": "immersive_armorer:20mm",
  "ammo_amount": 12,
  "script": "immersive_armorer:dual_barrel_cannon_logic",
  "script_param": {
    "empty_feed": 5.58,
    "empty_cooldown": 6.7,
    "tactical_feed": 4.18,
    "tactical_cooldown": 5.25
  },
  "extended_mag_ammo_amount": [
    12,
    12,
    12
  ],
  "weight": 10,
  "can_crawl": false,
  "can_slide": false,
  "bolt": "open_bolt",
  "rpm": 350,
  "bullet": {
    "life": 1,
    "bullet_amount": 1,
    "damage": 150,
    "tracer_count_interval": 0,
    "extra_damage": {
      "armor_ignore": 0.8,
      "head_shot_multiplier": 2,
      "damage_adjust": [
        {"distance": 80, "damage": 150},
        {"distance": 160, "damage": 140},
        {"distance": "infinite", "damage": 130}
      ]
    },
    "speed": 350,
    "gravity": 0.0245,
    "knockback": 0,
    "friction": 0,
    "ignite": false,
    "pierce": 2,
    "explosion": {
      "explode": true,
      "damage": 20,
      "radius": 1.5,
      "knockback": false,
      "delay": 30
    }
  },
  "reload": {
    "type": "magazine",
    "feed": {
      "empty": 0.5,
      "tactical": 0.5
    },
    "cooldown": {
      "empty": 1,
      "tactical": 1
    }
  },
  "draw_time": 0.75,
  "put_away_time": 0.66,
  "aim_time": 0.15,
  "sprint_time": 0.2,
  "fire_mode": [
    "auto",
    "semi"
  ],
  "recoil": {
    "pitch": [
      {"time": 0, "value": [-2, -2]},
      {"time": 0.1, "value": [-1.75, -1.75]},
      {"time": 0.21, "value": [-2, -2]},
      {"time": 0.33, "value": [-1.75, -1.75]},
      {"time": 0.53, "value": [0.25, 0.25]},
      {"time": 0.72, "value": [-0.125, -0.125]},
      {"time": 0.88, "value": [0, 0]},
      {"time": 1.1, "value": [0, 0]}
    ],
    "yaw": [
      {"time": 0, "value": [-0.75, 0.75]},
      {"time": 0.12, "value": [-0.5, 0.5]},
      {"time": 0.23, "value": [-0.25, 0.25]},
      {"time": 0.33, "value": [-0.125, 0.125]},
      {"time": 0.61, "value": [0, 0]}
    ]
  },
  "inaccuracy": {
    "stand": 0,
    "move": 0,
    "sneak": 0,
    "lie": 0,
    "aim": 0
  },
  "allow_attachment_types": [
  ]
}