{
  "ammo": "immersive_armorer:454_casul",
  "ammo_amount": 12,
  "extended_mag_ammo_amount": [
    15,
    18,
    24
  ],
  "weight": 1.1,
  "can_crawl": true,
  "can_slide": false,
  "bolt": "closed_bolt",
  "rpm": 300,
  "bullet": {
    "life": 1,
    "bullet_amount": 1,
    "damage": 14,
    "tracer_count_interval": 0,
    "extra_damage": {
      "armor_ignore": 0.2,
      "head_shot_multiplier": 2.0,
      "damage_adjust": [
        {"distance": 20, "damage": 14},
        {"distance": 45, "damage": 13},
        {"distance": "infinite", "damage": 11}
      ]
    },
    "speed": 240,
    "gravity": 0.05,
    "knockback": 0,
    "friction": 0.02,
    "ignite": {
      "entity": false,
      "block": false
    },
    "ignite_entity_time": 5,
    "pierce": 1
  },
  "reload": {
    "type": "magazine",
    "feed": {
      "empty": 2.54,
      "tactical": 1.5
    },
    "cooldown": {
      "empty": 3.75,
      "tactical": 2.96
    }
  },
  "draw_time": 1.0,
  "put_away_time": 0.5,
  "aim_time": 0.1,
  "sprint_time": 0.15,
  "fire_mode": [
    "semi"
  ],
  "recoil": {
    "pitch": [
      {"time": 0, "value": [1.2, 1.2]},
      {"time": 0.45, "value": [1.2, 1.2]},
      {"time": 0.75, "value": [-0.2, -0.2]},
      {"time": 1.0, "value": [0.06, 0.06]},
      {"time": 1.2, "value": [0, 0]}
    ],
    "yaw": [
      {"time": 0, "value": [-0.5, 0.5]},
      {"time": 0.55, "value": [0, 0]}
    ]
  },
  "inaccuracy": {
    "stand": 1,
    "move": 1.5,
    "sneak": 0.75,
    "lie": 0.3,
    "aim": 0.1
  },
  "melee": {
    "distance": 1,
    "cooldown": 0.7
  }, 
  "allow_attachment_types": [
    "muzzle",
    "extended_mag"
  ]
}