{
  "ammo": "immersive_armorer:high_power_capacitor",
  "ammo_amount": 3,
  "script": "immersive_armorer:plasma_gun_logic",
  "script_param": {
    "clear_time": 0.42,
    "feed_time": 1.38,
    "total_time": 2
  },
  "extended_mag_ammo_amount": [
    5,
    7,
    9
  ],
  "weight": 4.2,
  "can_crawl": true,
  "can_slide": false,
  "bolt": "manual_action",
  "rpm": 240,
  "bullet": {
    "life": 1,
    "bullet_amount": 1,
    "damage": 28,
    "extra_damage": {
      "armor_ignore": 0.5,
      "head_shot_multiplier": 1.5,
      "damage_adjust": [
        {"distance": 100, "damage": 28},
        {"distance": "infinite", "damage": 28}
      ]
    },
    "speed": 180,
    "gravity": 0,
    "knockback": 0,
    "friction": 0.05,
    "ignite": {
      "entity": true,
      "block": false
    },
    "ignite_entity_time": 10,
    "pierce": 1,
    "explosion": {
      "explode": true,
      "damage": 24,
      "radius": 5,
      "knockback": false,
      "delay": 30
    }
  },
  "reload": {
    "type": "fuel",
    "feed": {
      "empty": 1.38,
      "tactical": 1.38
    },
    "cooldown": {
      "empty": 2,
      "tactical": 2
    }
  },
  "draw_time": 0.4,
  "put_away_time": 0.5,
  "aim_time": 0.25,
  "sprint_time": 0.2,
  "bolt_action_time": 1.25,
  "fire_mode": [
    "semi"
  ],
  "recoil": {
    "pitch": [
      {"time": 0, "value": [2.5, 2.5]},
      {"time": 0.3, "value": [2.5, 2.5]},
      {"time": 0.55, "value": [-0.75, -0.75]},
      {"time": 0.8, "value": [0.25, 0.25]},
      {"time": 1.2, "value": [0, 0]},
      {"time": 1.4, "value": [0, 0]}
    ],
    "yaw": [
      {"time": 0, "value": [-0.4, 0.4]},
      {"time": 0.55, "value": [0, 0]}
    ]
  },
  "inaccuracy": {
    "stand": 0,
    "move": 0,
    "sneak": 0,
    "lie": 0,
    "aim": 0
  },
  "melee": {
    "distance": 1,
    "cooldown": 0.5,
    "default": {
      "animation_type": "melee_stock",
      "distance": 1.25,
      "range_angle": 45,
      "damage": 5,
      "knockback": 0.5,
      "prep": 0.1
    }
  },
  "allow_attachment_types": [
    "stock",
    "extended_mag",
    "muzzle"
  ]
}