{
  "ammo": "tacz:9mm",
  "ammo_amount": 17,
  "extended_mag_ammo_amount": [
    23,
    28,
    33
  ],
  "weight": 1.7,
  "can_crawl": true,
  "can_slide": false,
  "bolt": "closed_bolt",
  "rpm": 900,
  "bullet": {
    "life": 1,
    "bullet_amount": 1,
    "damage": 7,
    "tracer_count_interval": 0,
    "extra_damage": {
      "armor_ignore": 0.1,
      "head_shot_multiplier": 1.33,
      "damage_adjust": [
        {"distance": 20, "damage": 7},
        {"distance": 45, "damage": 6},
        {"distance": "infinite", "damage": 5}
      ]
    },
    "speed": 240,
    "gravity": 0.05,
    "knockback": 0,
    "friction": 0.02,
    "ignite": {
      "entity": false,
      "block": false
    },
    "ignite_entity_time": 5,
    "pierce": 0
  },
  "reload": {
    "type": "magazine",
    "feed": {
      "empty": 1.17,
      "tactical": 1.17
    },
    "cooldown": {
      "empty": 1.63,
      "tactical": 1.63
    }
  },
  "draw_time": 0.5,
  "put_away_time": 0.4,
  "aim_time": 0.16,
  "sprint_time": 0.2,
  "fire_mode": [
    "auto"
  ],
  "recoil": {
    "pitch": [
      {"time": 0, "value": [0.3, 0.3]},
      {"time": 0.25, "value": [0.3, 0.3]},
      {"time": 0.4, "value": [-0.03, -0.03]},
      {"time": 0.5, "value": [0, 0]}
    ],
    "yaw": [
      {"time": 0, "value": [-0.2, 0.2]},
      {"time": 0.3, "value": [-0.2, 0.2]},
      {"time": 0.5, "value": [0, 0]}
    ]
  },
  "inaccuracy": {
    "stand": 2,
    "move": 2.5,
    "sneak": 1.5,
    "lie": 0.75,
    "aim": 0.1
  },
  "allow_attachment_types": [
    "stock",
    "scope",
    "muzzle",
    "extended_mag"
  ]
}