{
	"format_version": "1.21.0",
	"minecraft:geometry": [
		{
			"description": {
				"identifier": "geometry.unknown",
				"texture_width": 64,
				"texture_height": 64,
				"visible_bounds_width": 4,
				"visible_bounds_height": 2.5,
				"visible_bounds_offset": [0, 0.75, 0]
			},
			"bones": [
				{
					"name": "root",
					"pivot": [0, 3, 4]
				},
				{
					"name": "gun",
					"parent": "root",
					"pivot": [0, 0, 0]
				},
				{
					"name": "ring",
					"parent": "gun",
					"pivot": [0, 3.125, -11.5],
					"cubes": [
						{
							"origin": [-1, 3, -11.625],
							"size": [2, 0.25, 0.25],
							"uv": {
								"north": {"uv": [21, 42], "uv_size": [2, 0.25]},
								"east": {"uv": [45, 39], "uv_size": [0.25, 0.25]},
								"south": {"uv": [42, 21], "uv_size": [2, 0.25]},
								"west": {"uv": [40, 45], "uv_size": [0.25, 0.25]},
								"up": {"uv": [42, 22], "uv_size": [2, 0.25]},
								"down": {"uv": [23, 42.25], "uv_size": [2, -0.25]}
							}
						},
						{
							"origin": [-1, 2.25, -11.625],
							"size": [0.25, 0.75, 0.25],
							"uv": {
								"north": {"uv": [44, 31], "uv_size": [0.25, 0.75]},
								"east": {"uv": [32, 44], "uv_size": [0.25, 0.75]},
								"south": {"uv": [44, 32], "uv_size": [0.25, 0.75]},
								"west": {"uv": [33, 44], "uv_size": [0.25, 0.75]}
							}
						},
						{
							"origin": [-1, 2, -11.625],
							"size": [2, 0.25, 0.25],
							"uv": {
								"north": {"uv": [42, 23], "uv_size": [2, 0.25]},
								"east": {"uv": [45, 40], "uv_size": [0.25, 0.25]},
								"south": {"uv": [25, 42], "uv_size": [2, 0.25]},
								"west": {"uv": [41, 45], "uv_size": [0.25, 0.25]},
								"up": {"uv": [27, 42], "uv_size": [2, 0.25]},
								"down": {"uv": [42, 27.25], "uv_size": [2, -0.25]}
							}
						},
						{
							"origin": [0.75, 2.25, -11.625],
							"size": [0.25, 0.75, 0.25],
							"uv": {
								"north": {"uv": [44, 29], "uv_size": [0.25, 0.75]},
								"east": {"uv": [30, 44], "uv_size": [0.25, 0.75]},
								"south": {"uv": [44, 30], "uv_size": [0.25, 0.75]},
								"west": {"uv": [31, 44], "uv_size": [0.25, 0.75]}
							}
						}
					]
				},
				{
					"name": "constraint",
					"parent": "gun",
					"pivot": [0, 8, -9.5]
				},
				{
					"name": "body",
					"parent": "gun",
					"pivot": [0, 0, 0]
				},
				{
					"name": "stock",
					"parent": "body",
					"pivot": [0, 6.42262, 13.09358],
					"cubes": [
						{
							"origin": [-0.75, 3.125, 13],
							"size": [1.5, 2, 0.5],
							"uv": {
								"east": {"uv": [26, 38], "uv_size": [0.5, 2]},
								"south": {"uv": [32, 2], "uv_size": [1.5, 2]},
								"west": {"uv": [38, 26], "uv_size": [0.5, 2]}
							}
						},
						{
							"origin": [-0.78962, 2.98938, 12.999],
							"size": [0.75, 0.5, 0.5],
							"pivot": [-0.125, 2.86274, 10.5],
							"rotation": [0, 0, 120],
							"uv": {
								"north": {"uv": [9, 43], "uv_size": [0.75, 0.5]},
								"south": {"uv": [43, 9], "uv_size": [0.75, 0.5]},
								"up": {"uv": [10, 43], "uv_size": [0.75, 0.5]}
							}
						},
						{
							"origin": [-0.625, 2.60048, 13],
							"size": [0.75, 0.64952, 0.5],
							"pivot": [-0.125, 2.86274, 10.5],
							"rotation": [0, 0, 180],
							"uv": {
								"north": {"uv": [41, 29], "uv_size": [0.75, 0.75]},
								"south": {"uv": [41, 30], "uv_size": [0.75, 0.75]}
							}
						},
						{
							"origin": [0.03962, 2.98938, 12.999],
							"size": [0.75, 0.5, 0.5],
							"pivot": [0.125, 2.86274, 10.5],
							"rotation": [0, 0, -120],
							"uv": {
								"north": {"uv": [43, 10], "uv_size": [0.75, 0.5]},
								"south": {"uv": [11, 43], "uv_size": [0.75, 0.5]},
								"up": {"uv": [12, 43], "uv_size": [0.75, 0.5]}
							}
						},
						{
							"origin": [-0.75, 5.125, 8],
							"size": [1.5, 0.75, 5.5],
							"uv": {
								"east": {"uv": [26, 22], "uv_size": [5.5, 0.75]},
								"south": {"uv": [33, 37], "uv_size": [1.5, 0.75]},
								"west": {"uv": [26, 23], "uv_size": [5.5, 0.75]}
							}
						},
						{
							"origin": [-1.79006, 7.27452, 7.999],
							"size": [0.75, 0.5, 5.5],
							"pivot": [-1.79006, 5.27452, 5.25],
							"rotation": [0, 0, 60],
							"uv": {
								"south": {"uv": [13, 43], "uv_size": [0.75, 0.5]},
								"up": {"uv": [24, 26], "uv_size": [0.75, 5.5]}
							}
						},
						{
							"origin": [-0.375, 5.875, 8],
							"size": [0.75, 0.64952, 5.5],
							"uv": {
								"south": {"uv": [41, 31], "uv_size": [0.75, 0.75]},
								"up": {"uv": [25, 26], "uv_size": [0.75, 5.5]}
							}
						},
						{
							"origin": [1.04006, 7.27452, 7.999],
							"size": [0.75, 0.5, 5.5],
							"pivot": [1.79006, 5.27452, 5.25],
							"rotation": [0, 0, -60],
							"uv": {
								"south": {"uv": [14, 43], "uv_size": [0.75, 0.5]},
								"up": {"uv": [26, 26], "uv_size": [0.75, 5.5]}
							}
						},
						{
							"origin": [-0.6705, 4.81694, 8],
							"size": [0.70711, 0.5, 5],
							"pivot": [-0.33839, 5.06694, 7.5],
							"rotation": [0, 0, 45],
							"uv": {
								"down": {"uv": [11, 33], "uv_size": [0.75, -5]}
							}
						},
						{
							"origin": [-0.25, 4.625, 8],
							"size": [0.5, 0.5, 4.5],
							"uv": {
								"down": {"uv": [11, 37.5], "uv_size": [0.5, -4.5]}
							}
						},
						{
							"origin": [-0.03661, 4.81694, 8],
							"size": [0.70711, 0.5, 5],
							"pivot": [0.33839, 5.06694, 7.5],
							"rotation": [0, 0, -45],
							"uv": {
								"down": {"uv": [21, 33], "uv_size": [0.75, -5]}
							}
						},
						{
							"origin": [-0.749, 3.14455, 12.59829],
							"size": [1.498, 2.25, 0.5],
							"pivot": [0, 4.14455, 12.84829],
							"rotation": [22.5, 0, 0],
							"uv": {
								"north": {"uv": [30, 2], "uv_size": [1.5, 2.25]},
								"east": {"uv": [37, 34], "uv_size": [0.5, 2.25]},
								"west": {"uv": [37, 37], "uv_size": [0.5, 2.25]}
							}
						},
						{
							"origin": [-0.75, 4.375, 12.5],
							"size": [1.5, 0.75, 0.5],
							"uv": {
								"east": {"uv": [15, 43], "uv_size": [0.5, 0.75]},
								"west": {"uv": [16, 43], "uv_size": [0.5, 0.75]}
							}
						},
						{
							"origin": [-0.375, 2.09786, 12.84358],
							"size": [0.75, 1, 0.5],
							"pivot": [0, 2.42262, 13.09358],
							"rotation": [45, 0, 180],
							"uv": {
								"north": {"uv": [28, 39], "uv_size": [0.75, 1]},
								"east": {"uv": [35, 42], "uv_size": [0.5, 1]},
								"south": {"uv": [29, 39], "uv_size": [0.75, 1]},
								"west": {"uv": [42, 35], "uv_size": [0.5, 1]},
								"up": {"uv": [43, 16], "uv_size": [0.75, 0.5]}
							}
						},
						{
							"origin": [-0.25, 2.47286, 12.34358],
							"size": [0.5, 0.5, 0.5],
							"pivot": [0, 2.42262, 13.09358],
							"rotation": [45, 0, 180],
							"uv": {
								"north": {"uv": [44, 19], "uv_size": [0.5, 0.5]},
								"east": {"uv": [20, 44], "uv_size": [0.5, 0.5]},
								"west": {"uv": [44, 20], "uv_size": [0.5, 0.5]},
								"up": {"uv": [21, 44], "uv_size": [0.5, 0.5]},
								"down": {"uv": [44, 21.5], "uv_size": [0.5, -0.5]}
							}
						},
						{
							"origin": [-0.125, 2.59786, 9.84358],
							"size": [0.25, 0.25, 2.5],
							"pivot": [0, 2.42262, 13.09358],
							"rotation": [45, 0, 180],
							"uv": {
								"east": {"uv": [39, 40], "uv_size": [2.5, 0.25]},
								"west": {"uv": [40, 39], "uv_size": [2.5, 0.25]},
								"up": {"uv": [0, 41], "uv_size": [0.25, 2.5]},
								"down": {"uv": [41, 2.5], "uv_size": [0.25, -2.5]}
							}
						},
						{
							"origin": [-0.25, 2.47286, 9.09358],
							"size": [0.5, 0.5, 0.75],
							"pivot": [0, 2.42262, 13.09358],
							"rotation": [45, 0, 180],
							"uv": {
								"east": {"uv": [17, 43], "uv_size": [0.75, 0.5]},
								"south": {"uv": [22, 44], "uv_size": [0.5, 0.5]},
								"west": {"uv": [43, 17], "uv_size": [0.75, 0.5]},
								"up": {"uv": [18, 43], "uv_size": [0.5, 0.75]}
							}
						}
					]
				},
				{
					"name": "main",
					"parent": "body",
					"pivot": [0, 0, 0],
					"cubes": [
						{
							"origin": [-0.874, 5.555, 7.79015],
							"size": [0.25, 0.5, 1.375],
							"pivot": [0, 5.805, 9.29015],
							"rotation": [22.5, 0, 0],
							"uv": {
								"east": {"uv": [39, 27], "uv_size": [1.5, 0.5]},
								"down": {"uv": [43, 15.5], "uv_size": [0.25, -1.5]}
							}
						},
						{
							"origin": [-0.875, 5.5, 8],
							"size": [0.25, 0.5, 3],
							"uv": {
								"east": {"uv": [36, 20], "uv_size": [3, 0.5]},
								"south": {"uv": [28, 45], "uv_size": [0.25, 0.5]},
								"down": {"uv": [27, 42], "uv_size": [0.25, -3]}
							}
						},
						{
							"origin": [0.625, 5.5, 8],
							"size": [0.25, 0.5, 3],
							"uv": {
								"south": {"uv": [45, 31], "uv_size": [0.25, 0.5]},
								"west": {"uv": [32, 36], "uv_size": [3, 0.5]},
								"down": {"uv": [13, 43], "uv_size": [0.25, -3]}
							}
						},
						{
							"origin": [0.624, 5.555, 7.79015],
							"size": [0.25, 0.5, 1.375],
							"pivot": [0, 5.805, 9.29015],
							"rotation": [22.5, 0, 0],
							"uv": {
								"west": {"uv": [40, 5], "uv_size": [1.5, 0.5]},
								"down": {"uv": [43, 32.5], "uv_size": [0.25, -1.5]}
							}
						},
						{
							"origin": [-0.875, 5, 7],
							"size": [0.25, 1, 1],
							"uv": {
								"east": {"uv": [38, 9], "uv_size": [1, 1]}
							}
						},
						{
							"origin": [0.625, 5, 7],
							"size": [0.25, 1, 1],
							"uv": {
								"west": {"uv": [38, 16], "uv_size": [1, 1]}
							}
						},
						{
							"origin": [-1.66506, 7.64952, 7],
							"size": [0.75, 0.25, 4],
							"pivot": [-1.66506, 5.39952, 4.25],
							"rotation": [0, 0, 60],
							"uv": {
								"south": {"uv": [39, 44], "uv_size": [0.75, 0.25]},
								"up": {"uv": [31, 16], "uv_size": [0.75, 4]}
							}
						},
						{
							"origin": [-0.5, 6.25, 7],
							"size": [1, 0.39952, 4],
							"uv": {
								"south": {"uv": [34, 42], "uv_size": [1, 0.5]},
								"up": {"uv": [18, 6], "uv_size": [1, 4]}
							}
						},
						{
							"origin": [0.91506, 7.64952, 7],
							"size": [0.75, 0.25, 4],
							"pivot": [1.66506, 5.39952, 4.25],
							"rotation": [0, 0, -60],
							"uv": {
								"south": {"uv": [44, 38], "uv_size": [0.75, 0.25]},
								"up": {"uv": [30, 16], "uv_size": [0.75, 4]}
							}
						},
						{
							"origin": [-0.7955, 4.69194, 7],
							"size": [0.70711, 0.25, 1],
							"pivot": [-0.46339, 4.94194, 6.5],
							"rotation": [0, 0, 45],
							"uv": {
								"south": {"uv": [38, 44], "uv_size": [0.75, 0.25]},
								"down": {"uv": [39, 27], "uv_size": [0.75, -1]}
							}
						},
						{
							"origin": [-0.375, 4.5, 7],
							"size": [0.75, 0.25, 1],
							"uv": {
								"south": {"uv": [44, 37], "uv_size": [0.75, 0.25]},
								"down": {"uv": [39, 26], "uv_size": [0.75, -1]}
							}
						},
						{
							"origin": [0.08839, 4.69194, 7],
							"size": [0.70711, 0.25, 1],
							"pivot": [0.46339, 4.94194, 6.5],
							"rotation": [0, 0, -45],
							"uv": {
								"south": {"uv": [44, 36], "uv_size": [0.75, 0.25]},
								"down": {"uv": [25, 40], "uv_size": [0.75, -1]}
							}
						},
						{
							"origin": [-0.875, 4, 0],
							"size": [1.75, 2, 6],
							"uv": {
								"east": {"uv": [2, 16], "uv_size": [6, 2]},
								"west": {"uv": [16, 2], "uv_size": [6, 2]},
								"down": {"uv": [16, 10], "uv_size": [1.75, -6]}
							}
						},
						{
							"origin": [-0.9375, 4.375, 5.5],
							"size": [1.875, 0.25, 0.25],
							"pivot": [0, 4.625, 5.75],
							"rotation": [45, 0, 0],
							"uv": {
								"north": {"uv": [42, 36], "uv_size": [2, 0.25]},
								"east": {"uv": [3, 46], "uv_size": [0.25, 0.25]},
								"south": {"uv": [37, 42], "uv_size": [2, 0.25]},
								"west": {"uv": [46, 3], "uv_size": [0.25, 0.25]},
								"up": {"uv": [39, 42], "uv_size": [2, 0.25]},
								"down": {"uv": [42, 40.25], "uv_size": [2, -0.25]}
							}
						},
						{
							"origin": [0.875, 5, -1.25],
							"size": [0.25, 1, 5.5],
							"uv": {
								"north": {"uv": [44, 24], "uv_size": [0.25, 1]},
								"south": {"uv": [25, 44], "uv_size": [0.25, 1]},
								"west": {"uv": [22, 2], "uv_size": [5.5, 1]},
								"up": {"uv": [36, 32], "uv_size": [0.25, 5.5]},
								"down": {"uv": [35, 41.5], "uv_size": [0.25, -5.5]}
							}
						},
						{
							"origin": [-0.875, 4, -3.25],
							"size": [0.5, 0.5, 3.25],
							"uv": {
								"north": {"uv": [18, 44], "uv_size": [0.5, 0.5]},
								"east": {"uv": [35, 25], "uv_size": [3.25, 0.5]},
								"south": {"uv": [44, 18], "uv_size": [0.5, 0.5]},
								"west": {"uv": [32, 35], "uv_size": [3.25, 0.5]},
								"up": {"uv": [36, 5], "uv_size": [0.5, 3.25]},
								"down": {"uv": [13, 39.25], "uv_size": [0.5, -3.25]}
							}
						},
						{
							"origin": [-0.875, 3, -3.25],
							"size": [1.75, 1, 4],
							"uv": {
								"north": {"uv": [35, 1], "uv_size": [1.75, 1]},
								"east": {"uv": [28, 14], "uv_size": [4, 1]},
								"south": {"uv": [35, 4], "uv_size": [1.75, 1]},
								"west": {"uv": [28, 15], "uv_size": [4, 1]},
								"up": {"uv": [15, 21], "uv_size": [1.75, 4]},
								"down": {"uv": [22, 10], "uv_size": [1.75, -4]}
							}
						},
						{
							"origin": [0.625, -1.25, -0.75],
							"size": [0.25, 4.25, 1.5],
							"uv": {
								"north": {"uv": [7, 38], "uv_size": [0.25, 4.25]},
								"east": {"uv": [22, 10], "uv_size": [1.5, 4.25]},
								"south": {"uv": [10, 38], "uv_size": [0.25, 4.25]},
								"west": {"uv": [22, 15], "uv_size": [1.5, 4.25]},
								"down": {"uv": [43, 8.5], "uv_size": [0.25, -1.5]}
							}
						},
						{
							"origin": [0.875, 2, -1.5],
							"size": [0.25, 2, 2],
							"uv": {
								"north": {"uv": [42, 28], "uv_size": [0.25, 2]},
								"east": {"uv": [15, 28], "uv_size": [2, 2]},
								"south": {"uv": [29, 42], "uv_size": [0.25, 2]},
								"west": {"uv": [28, 16], "uv_size": [2, 2]},
								"up": {"uv": [30, 42], "uv_size": [0.25, 2]},
								"down": {"uv": [42, 32], "uv_size": [0.25, -2]}
							}
						},
						{
							"origin": [-1.125, 2, -1.5],
							"size": [0.25, 2, 2],
							"uv": {
								"north": {"uv": [31, 42], "uv_size": [0.25, 2]},
								"east": {"uv": [28, 18], "uv_size": [2, 2]},
								"south": {"uv": [32, 42], "uv_size": [0.25, 2]},
								"west": {"uv": [19, 28], "uv_size": [2, 2]},
								"up": {"uv": [33, 42], "uv_size": [0.25, 2]},
								"down": {"uv": [42, 35], "uv_size": [0.25, -2]}
							}
						},
						{
							"origin": [-0.625, -1.25, 0.5],
							"size": [1.25, 4.25, 0.25],
							"uv": {
								"north": {"uv": [24, 20], "uv_size": [1.25, 4.25]},
								"east": {"uv": [18, 38], "uv_size": [0.25, 4.25]},
								"south": {"uv": [4, 25], "uv_size": [1.25, 4.25]},
								"west": {"uv": [19, 38], "uv_size": [0.25, 4.25]},
								"up": {"uv": [38, 43], "uv_size": [1.25, 0.25]},
								"down": {"uv": [43, 39.25], "uv_size": [1.25, -0.25]}
							}
						},
						{
							"origin": [-0.875, -1.25, -0.75],
							"size": [0.25, 4.25, 1.5],
							"uv": {
								"north": {"uv": [11, 38], "uv_size": [0.25, 4.25]},
								"east": {"uv": [22, 20], "uv_size": [1.5, 4.25]},
								"south": {"uv": [17, 38], "uv_size": [0.25, 4.25]},
								"west": {"uv": [20, 23], "uv_size": [1.5, 4.25]},
								"down": {"uv": [8, 44.5], "uv_size": [0.25, -1.5]}
							}
						},
						{
							"origin": [-0.875, 5.5, -3.25],
							"size": [1.75, 0.5, 3.25],
							"uv": {
								"north": {"uv": [38, 32], "uv_size": [1.75, 0.5]},
								"east": {"uv": [35, 18], "uv_size": [3.25, 0.5]},
								"west": {"uv": [35, 23], "uv_size": [3.25, 0.5]},
								"down": {"uv": [24, 9.25], "uv_size": [1.75, -3.25]}
							}
						},
						{
							"origin": [0.375, 4, -1.25],
							"size": [0.5, 1.5, 1.25],
							"uv": {
								"west": {"uv": [34, 21], "uv_size": [1.25, 1.5]}
							}
						},
						{
							"origin": [-1.125, 4.25, -2.75],
							"size": [0.5, 0.25, 3],
							"uv": {
								"north": {"uv": [19, 45], "uv_size": [0.5, 0.25]},
								"east": {"uv": [39, 6], "uv_size": [3, 0.25]},
								"south": {"uv": [45, 19], "uv_size": [0.5, 0.25]},
								"west": {"uv": [39, 9], "uv_size": [3, 0.25]},
								"up": {"uv": [14, 36], "uv_size": [0.5, 3]},
								"down": {"uv": [36, 17], "uv_size": [0.5, -3]}
							}
						},
						{
							"origin": [-1.125, 4.5, 0],
							"size": [0.5, 1, 0.25],
							"uv": {
								"north": {"uv": [42, 10], "uv_size": [0.5, 1]},
								"east": {"uv": [12, 44], "uv_size": [0.25, 1]},
								"south": {"uv": [14, 42], "uv_size": [0.5, 1]},
								"west": {"uv": [13, 44], "uv_size": [0.25, 1]}
							}
						},
						{
							"origin": [-1.125, 4.5, -2.75],
							"size": [0.5, 1, 0.25],
							"uv": {
								"north": {"uv": [42, 14], "uv_size": [0.5, 1]},
								"east": {"uv": [14, 44], "uv_size": [0.25, 1]},
								"south": {"uv": [15, 42], "uv_size": [0.5, 1]},
								"west": {"uv": [44, 14], "uv_size": [0.25, 1]}
							}
						},
						{
							"origin": [-1.125, 5.5, -2.75],
							"size": [0.5, 0.25, 3],
							"uv": {
								"north": {"uv": [20, 45], "uv_size": [0.5, 0.25]},
								"east": {"uv": [14, 39], "uv_size": [3, 0.25]},
								"south": {"uv": [45, 20], "uv_size": [0.5, 0.25]},
								"west": {"uv": [39, 14], "uv_size": [3, 0.25]},
								"up": {"uv": [15, 36], "uv_size": [0.5, 3]},
								"down": {"uv": [16, 39], "uv_size": [0.5, -3]}
							}
						},
						{
							"origin": [-0.875, 5, 6],
							"size": [1.75, 1, 1],
							"uv": {
								"east": {"uv": [38, 2], "uv_size": [1, 1]},
								"west": {"uv": [38, 3], "uv_size": [1, 1]}
							}
						},
						{
							"origin": [-0.375, 4.5, 6],
							"size": [0.75, 0.5, 1],
							"uv": {
								"down": {"uv": [31, 39], "uv_size": [0.75, -1]}
							}
						},
						{
							"origin": [-0.7955, 4.69194, 6],
							"size": [0.70711, 0.5, 1],
							"pivot": [-0.46339, 4.94194, 6.5],
							"rotation": [0, 0, 45],
							"uv": {
								"down": {"uv": [33, 39], "uv_size": [0.75, -1]}
							}
						},
						{
							"origin": [0.08839, 4.69194, 6],
							"size": [0.70711, 0.5, 1],
							"pivot": [0.46339, 4.94194, 6.5],
							"rotation": [0, 0, -45],
							"uv": {
								"down": {"uv": [38, 34], "uv_size": [0.75, -1]}
							}
						},
						{
							"origin": [-0.874, 4.63388, 5.71967],
							"size": [1.748, 1.41421, 0.75],
							"pivot": [-0.375, 4.88388, 5.46967],
							"rotation": [-45, 0, 0],
							"uv": {
								"east": {"uv": [25, 37], "uv_size": [0.75, 1.5]},
								"south": {"uv": [32, 19], "uv_size": [1.75, 1.5]},
								"west": {"uv": [27, 37], "uv_size": [0.75, 1.5]}
							}
						},
						{
							"origin": [-0.375, 6.89952, -11.25],
							"size": [0.75, 0.25, 16.25],
							"uv": {
								"north": {"uv": [44, 28], "uv_size": [0.75, 0.25]},
								"east": {"uv": [26, 24], "uv_size": [16.25, 0.25]},
								"south": {"uv": [29, 44], "uv_size": [0.75, 0.25]},
								"west": {"uv": [28, 11], "uv_size": [16.25, 0.25]},
								"up": {"uv": [0, 16], "uv_size": [0.75, 16.25]},
								"down": {"uv": [1, 32.25], "uv_size": [0.75, -16.25]}
							}
						},
						{
							"origin": [-0.25, 6.64952, -11.25],
							"size": [0.5, 0.25, 16.25],
							"uv": {
								"north": {"uv": [21, 45], "uv_size": [0.5, 0.25]},
								"east": {"uv": [28, 12], "uv_size": [16.25, 0.25]},
								"south": {"uv": [45, 21], "uv_size": [0.5, 0.25]},
								"west": {"uv": [28, 13], "uv_size": [16.25, 0.25]}
							}
						},
						{
							"origin": [-1.66506, 7.39952, -3.25],
							"size": [0.75, 0.5, 10.25],
							"pivot": [-1.66506, 5.39952, 4.25],
							"rotation": [0, 0, 60],
							"uv": {
								"north": {"uv": [43, 3], "uv_size": [0.75, 0.5]},
								"up": {"uv": [19, 6], "uv_size": [0.75, 10.25]}
							}
						},
						{
							"origin": [-1.41506, 7.39952, -1.25],
							"size": [0.75, 0.5, 5.5],
							"pivot": [-1.41506, 5.39952, 4.5],
							"rotation": [0, 0, 60],
							"uv": {
								"north": {"uv": [28, 43], "uv_size": [0.75, 0.5]},
								"south": {"uv": [43, 28], "uv_size": [0.75, 0.5]},
								"up": {"uv": [10, 28], "uv_size": [0.75, 5.5]}
							}
						},
						{
							"origin": [0.66506, 7.39952, 1.25],
							"size": [0.75, 0.5, 3],
							"pivot": [1.41506, 5.39952, 4.5],
							"rotation": [0, 0, -60],
							"uv": {
								"north": {"uv": [43, 29], "uv_size": [0.75, 0.5]},
								"south": {"uv": [43, 30], "uv_size": [0.75, 0.5]},
								"up": {"uv": [21, 33], "uv_size": [0.75, 3]}
							}
						},
						{
							"origin": [-1.125, 5, 1.25],
							"size": [0.25, 1, 3],
							"uv": {
								"north": {"uv": [44, 25], "uv_size": [0.25, 1]},
								"east": {"uv": [32, 18], "uv_size": [3, 1]},
								"south": {"uv": [26, 44], "uv_size": [0.25, 1]},
								"up": {"uv": [9, 40], "uv_size": [0.25, 3]},
								"down": {"uv": [12, 43], "uv_size": [0.25, -3]}
							}
						},
						{
							"origin": [0.91506, 7.39952, -3.25],
							"size": [0.75, 0.5, 10.25],
							"pivot": [1.66506, 5.39952, 4.25],
							"rotation": [0, 0, -60],
							"uv": {
								"north": {"uv": [4, 43], "uv_size": [0.75, 0.5]},
								"up": {"uv": [19, 17], "uv_size": [0.75, 10.25]}
							}
						},
						{
							"origin": [-0.875, 5.5, -11.25],
							"size": [1.75, 0.5, 1],
							"uv": {
								"north": {"uv": [38, 30], "uv_size": [1.75, 0.5]},
								"east": {"uv": [41, 33], "uv_size": [1, 0.5]},
								"south": {"uv": [38, 31], "uv_size": [1.75, 0.5]},
								"west": {"uv": [41, 34], "uv_size": [1, 0.5]}
							}
						},
						{
							"origin": [0.91506, 7.39952, -11.25],
							"size": [0.75, 0.5, 1],
							"pivot": [1.66506, 5.39952, -9.75],
							"rotation": [0, 0, -60],
							"uv": {
								"north": {"uv": [43, 5], "uv_size": [0.75, 0.5]},
								"south": {"uv": [6, 43], "uv_size": [0.75, 0.5]},
								"up": {"uv": [38, 34], "uv_size": [0.75, 1]}
							}
						},
						{
							"origin": [-0.5, 6, -11.25],
							"size": [1, 0.64952, 18.25],
							"uv": {
								"east": {"uv": [16, 0], "uv_size": [18.25, 0.75]},
								"west": {"uv": [16, 1], "uv_size": [18.25, 0.75]},
								"up": {"uv": [12, 12], "uv_size": [1, 18.25]}
							}
						},
						{
							"origin": [0.5, 6.39952, -1.25],
							"size": [0.25, 0.25, 5.5],
							"uv": {
								"north": {"uv": [1, 46], "uv_size": [0.25, 0.25]},
								"south": {"uv": [46, 1], "uv_size": [0.25, 0.25]},
								"up": {"uv": [8, 37], "uv_size": [0.25, 5.5]}
							}
						},
						{
							"origin": [-0.75, 6.39952, 1.25],
							"size": [0.25, 0.25, 3],
							"uv": {
								"north": {"uv": [2, 46], "uv_size": [0.25, 0.25]},
								"south": {"uv": [46, 2], "uv_size": [0.25, 0.25]},
								"up": {"uv": [40, 2], "uv_size": [0.25, 3]}
							}
						},
						{
							"origin": [-0.5, 6.64952, 5],
							"size": [1, 0.75, 1.75],
							"uv": {
								"north": {"uv": [39, 35], "uv_size": [1, 0.75]},
								"east": {"uv": [37, 5], "uv_size": [1.75, 0.75]},
								"south": {"uv": [39, 36], "uv_size": [1, 0.75]},
								"west": {"uv": [37, 6], "uv_size": [1.75, 0.75]},
								"up": {"uv": [35, 28], "uv_size": [1, 1.75]}
							}
						},
						{
							"origin": [-0.5625, 6.89952, 5.5],
							"size": [1.125, 0.5, 0.5],
							"pivot": [0, 7.14952, 5.75],
							"rotation": [-45, 0, 0],
							"uv": {
								"north": {"uv": [14, 41], "uv_size": [1.25, 0.5]},
								"east": {"uv": [44, 22], "uv_size": [0.5, 0.5]},
								"south": {"uv": [20, 41], "uv_size": [1.25, 0.5]},
								"west": {"uv": [23, 44], "uv_size": [0.5, 0.5]},
								"up": {"uv": [22, 41], "uv_size": [1.25, 0.5]},
								"down": {"uv": [24, 41.5], "uv_size": [1.25, -0.5]}
							}
						},
						{
							"origin": [-0.5, 7.39952, 5],
							"size": [0.1875, 0.5, 1.25],
							"uv": {
								"north": {"uv": [45, 30], "uv_size": [0.25, 0.5]},
								"east": {"uv": [1, 41], "uv_size": [1.25, 0.5]},
								"west": {"uv": [3, 41], "uv_size": [1.25, 0.5]},
								"up": {"uv": [40, 43], "uv_size": [0.25, 1.25]}
							}
						},
						{
							"origin": [-0.3125, 7.27452, 5.625],
							"size": [0.625, 0.25, 0.25],
							"uv": {
								"north": {"uv": [44, 41], "uv_size": [0.75, 0.25]},
								"south": {"uv": [42, 44], "uv_size": [0.75, 0.25]},
								"up": {"uv": [44, 42], "uv_size": [0.75, 0.25]}
							}
						},
						{
							"origin": [0.1875, 7.52452, 5.625],
							"size": [0.125, 0.25, 0.25],
							"uv": {
								"north": {"uv": [45, 41], "uv_size": [0.25, 0.25]},
								"east": {"uv": [42, 45], "uv_size": [0.25, 0.25]},
								"south": {"uv": [45, 42], "uv_size": [0.25, 0.25]},
								"up": {"uv": [43, 45], "uv_size": [0.25, 0.25]}
							}
						},
						{
							"origin": [-0.3125, 7.52452, 5.625],
							"size": [0.125, 0.25, 0.25],
							"uv": {
								"north": {"uv": [45, 43], "uv_size": [0.25, 0.25]},
								"south": {"uv": [44, 45], "uv_size": [0.25, 0.25]},
								"west": {"uv": [45, 44], "uv_size": [0.25, 0.25]},
								"up": {"uv": [45, 45], "uv_size": [0.25, 0.25]}
							}
						},
						{
							"origin": [-0.499, 7.14952, 5.73223],
							"size": [0.1875, 0.5, 0.70711],
							"pivot": [0, 7.14952, 6.29289],
							"rotation": [-45, 0, 0],
							"uv": {
								"east": {"uv": [20, 43], "uv_size": [0.75, 0.5]},
								"west": {"uv": [43, 20], "uv_size": [0.75, 0.5]},
								"up": {"uv": [44, 40], "uv_size": [0.25, 0.75]}
							}
						},
						{
							"origin": [0.3115, 7.14952, 5.73223],
							"size": [0.1875, 0.5, 0.70711],
							"pivot": [0, 7.14952, 6.29289],
							"rotation": [-45, 0, 0],
							"uv": {
								"east": {"uv": [21, 43], "uv_size": [0.75, 0.5]},
								"west": {"uv": [22, 43], "uv_size": [0.75, 0.5]},
								"up": {"uv": [41, 44], "uv_size": [0.25, 0.75]}
							}
						},
						{
							"origin": [0.3125, 7.39952, 5],
							"size": [0.1875, 0.5, 1.25],
							"uv": {
								"north": {"uv": [31, 45], "uv_size": [0.25, 0.5]},
								"east": {"uv": [41, 3], "uv_size": [1.25, 0.5]},
								"west": {"uv": [41, 4], "uv_size": [1.25, 0.5]},
								"up": {"uv": [43, 41], "uv_size": [0.25, 1.25]}
							}
						},
						{
							"origin": [-1.66506, 7.39952, -11.25],
							"size": [0.75, 0.5, 1],
							"pivot": [-1.66506, 5.39952, -9.75],
							"rotation": [0, 0, 60],
							"uv": {
								"north": {"uv": [43, 4], "uv_size": [0.75, 0.5]},
								"south": {"uv": [5, 43], "uv_size": [0.75, 0.5]},
								"up": {"uv": [34, 38], "uv_size": [0.75, 1]}
							}
						},
						{
							"origin": [-0.875, 4.5, -11.25],
							"size": [1.75, 1, 8.5],
							"uv": {
								"north": {"uv": [34, 17], "uv_size": [1.75, 1]},
								"east": {"uv": [18, 4], "uv_size": [8.5, 1]},
								"south": {"uv": [35, 0], "uv_size": [1.75, 1]},
								"west": {"uv": [18, 5], "uv_size": [8.5, 1]},
								"up": {"uv": [13, 12], "uv_size": [1.75, 8.5]},
								"down": {"uv": [15, 20.5], "uv_size": [1.75, -8.5]}
							}
						},
						{
							"origin": [0.375, 4.5, -2.75],
							"size": [0.5, 1, 1.5],
							"uv": {
								"north": {"uv": [42, 15], "uv_size": [0.5, 1]},
								"east": {"uv": [36, 3], "uv_size": [1.5, 1]},
								"south": {"uv": [16, 42], "uv_size": [0.5, 1]},
								"west": {"uv": [36, 9], "uv_size": [1.5, 1]},
								"up": {"uv": [39, 15], "uv_size": [0.5, 1.5]},
								"down": {"uv": [39, 21.5], "uv_size": [0.5, -1.5]}
							}
						},
						{
							"origin": [-0.875, 3.75, -9.25],
							"size": [1.75, 0.75, 6],
							"uv": {
								"north": {"uv": [37, 4], "uv_size": [1.75, 0.75]},
								"east": {"uv": [22, 3], "uv_size": [6, 0.75]},
								"west": {"uv": [22, 25], "uv_size": [6, 0.75]}
							}
						},
						{
							"origin": [-0.625, 3.5, -9.25],
							"size": [1.25, 0.25, 7],
							"uv": {
								"north": {"uv": [43, 35], "uv_size": [1.25, 0.25]},
								"down": {"uv": [4, 25], "uv_size": [1.25, -7]}
							}
						},
						{
							"origin": [-0.375, 3, -9.25],
							"size": [0.75, 0.25, 6],
							"uv": {
								"north": {"uv": [44, 33], "uv_size": [0.75, 0.25]},
								"east": {"uv": [36, 10], "uv_size": [6, 0.25]},
								"south": {"uv": [44, 34], "uv_size": [0.75, 0.25]},
								"west": {"uv": [36, 17], "uv_size": [6, 0.25]},
								"up": {"uv": [8, 25], "uv_size": [0.75, 6]},
								"down": {"uv": [9, 31], "uv_size": [0.75, -6]}
							}
						},
						{
							"origin": [-0.25, 3.25, -9.25],
							"size": [0.5, 0.25, 6],
							"uv": {
								"north": {"uv": [27, 45], "uv_size": [0.5, 0.25]},
								"east": {"uv": [36, 19], "uv_size": [6, 0.25]},
								"south": {"uv": [45, 27], "uv_size": [0.5, 0.25]},
								"west": {"uv": [20, 36], "uv_size": [6, 0.25]}
							}
						},
						{
							"origin": [0.44194, 3.44194, -9.251],
							"size": [0.35355, 0.25, 7],
							"pivot": [0.46339, 3.69194, -7.75],
							"rotation": [0, 0, -45],
							"uv": {
								"north": {"uv": [38, 45], "uv_size": [0.25, 0.25]},
								"down": {"uv": [6, 42], "uv_size": [0.25, -7]}
							}
						},
						{
							"origin": [-0.7955, 3.44194, -9.251],
							"size": [0.35355, 0.25, 7],
							"pivot": [-0.46339, 3.69194, -7.75],
							"rotation": [0, 0, 45],
							"uv": {
								"north": {"uv": [4, 46], "uv_size": [0.25, 0.25]},
								"down": {"uv": [30, 42], "uv_size": [0.25, -7]}
							}
						},
						{
							"origin": [0.375, 4, -3.25],
							"size": [0.5, 0.5, 2],
							"uv": {
								"north": {"uv": [15, 44], "uv_size": [0.5, 0.5]},
								"east": {"uv": [38, 7], "uv_size": [2, 0.5]},
								"south": {"uv": [44, 15], "uv_size": [0.5, 0.5]},
								"west": {"uv": [38, 8], "uv_size": [2, 0.5]},
								"up": {"uv": [38, 14], "uv_size": [0.5, 2]},
								"down": {"uv": [38, 23], "uv_size": [0.5, -2]}
							}
						},
						{
							"origin": [-0.75, 4, -12.25],
							"size": [1.5, 1.75, 1],
							"uv": {
								"north": {"uv": [32, 21], "uv_size": [1.5, 1.75]},
								"east": {"uv": [16, 10], "uv_size": [1, 1.75]},
								"south": {"uv": [24, 32], "uv_size": [1.5, 1.75]},
								"west": {"uv": [27, 4], "uv_size": [1, 1.75]},
								"up": {"uv": [36, 2], "uv_size": [1.5, 1]}
							}
						},
						{
							"origin": [-0.25, 3.5, -12.25],
							"size": [0.5, 0.5, 1],
							"uv": {
								"north": {"uv": [44, 23], "uv_size": [0.5, 0.5]},
								"south": {"uv": [24, 44], "uv_size": [0.5, 0.5]},
								"down": {"uv": [36, 43], "uv_size": [0.5, -1]}
							}
						},
						{
							"origin": [-0.06066, 3.75, -12.25],
							"size": [0.70711, 0.5, 1],
							"pivot": [0.39645, 4, -11.75],
							"rotation": [0, 0, -45],
							"uv": {
								"north": {"uv": [23, 43], "uv_size": [0.75, 0.5]},
								"south": {"uv": [24, 43], "uv_size": [0.75, 0.5]},
								"down": {"uv": [39, 38], "uv_size": [0.75, -1]}
							}
						},
						{
							"origin": [-0.64645, 3.75, -12.25],
							"size": [0.70711, 0.5, 1],
							"pivot": [-0.39645, 4, -11.75],
							"rotation": [0, 0, 45],
							"uv": {
								"north": {"uv": [43, 24], "uv_size": [0.75, 0.5]},
								"south": {"uv": [25, 43], "uv_size": [0.75, 0.5]},
								"down": {"uv": [38, 40], "uv_size": [0.75, -1]}
							}
						},
						{
							"origin": [-0.5, 2.75, -12.125],
							"size": [1, 1.5, 0.75],
							"pivot": [0, 4.625, -11.75],
							"rotation": [10, 0, 0],
							"uv": {
								"north": {"uv": [17, 36], "uv_size": [1, 1.5]},
								"east": {"uv": [28, 37], "uv_size": [0.75, 1.5]},
								"south": {"uv": [18, 36], "uv_size": [1, 1.5]},
								"west": {"uv": [29, 37], "uv_size": [0.75, 1.5]},
								"down": {"uv": [39, 18.75], "uv_size": [1, -0.75]}
							}
						},
						{
							"origin": [-0.5, 6.5, -11.75],
							"size": [1, 0.5, 0.5],
							"uv": {
								"east": {"uv": [4, 44], "uv_size": [0.5, 0.5]},
								"south": {"uv": [41, 35], "uv_size": [1, 0.5]},
								"west": {"uv": [44, 4], "uv_size": [0.5, 0.5]},
								"up": {"uv": [36, 41], "uv_size": [1, 0.5]}
							}
						},
						{
							"origin": [-0.499, 6.39645, -12.20711],
							"size": [0.998, 0.5, 0.70711],
							"pivot": [0, 6.64645, -11.75],
							"rotation": [45, 0, 0],
							"uv": {
								"east": {"uv": [26, 43], "uv_size": [0.75, 0.5]},
								"west": {"uv": [27, 43], "uv_size": [0.75, 0.5]},
								"up": {"uv": [40, 1], "uv_size": [1, 0.75]}
							}
						},
						{
							"origin": [-0.5625, 6.39645, -11.625],
							"size": [1.125, 0.25, 0.25],
							"pivot": [0, 6.39645, -11.625],
							"rotation": [45, 0, 0],
							"uv": {
								"north": {"uv": [42, 43], "uv_size": [1.25, 0.25]},
								"east": {"uv": [0, 46], "uv_size": [0.25, 0.25]},
								"south": {"uv": [0, 44], "uv_size": [1.25, 0.25]},
								"west": {"uv": [46, 0], "uv_size": [0.25, 0.25]},
								"up": {"uv": [44, 0], "uv_size": [1.25, 0.25]},
								"down": {"uv": [44, 1.25], "uv_size": [1.25, -0.25]}
							}
						},
						{
							"origin": [-0.5, 5.75, -12.25],
							"size": [1, 0.75, 1],
							"uv": {
								"north": {"uv": [39, 38], "uv_size": [1, 0.75]},
								"east": {"uv": [39, 39], "uv_size": [1, 0.75]},
								"west": {"uv": [40, 0], "uv_size": [1, 0.75]}
							}
						},
						{
							"origin": [-0.0625, 7.25, -11.5625],
							"size": [0.125, 0.5, 0.125],
							"pivot": [0, 7.25, -11.5],
							"rotation": [0, -45, 0],
							"uv": {
								"north": {"uv": [22, 45], "uv_size": [0.25, 0.5]},
								"east": {"uv": [45, 22], "uv_size": [0.25, 0.5]},
								"south": {"uv": [23, 45], "uv_size": [0.25, 0.5]},
								"west": {"uv": [45, 23], "uv_size": [0.25, 0.5]},
								"up": {"uv": [45, 38], "uv_size": [0.25, 0.25]}
							}
						},
						{
							"origin": [-0.09375, 6.875, -11.59375],
							"size": [0.1875, 0.5, 0.1875],
							"pivot": [0, 7.25, -11.5],
							"rotation": [0, -45, 0],
							"uv": {
								"north": {"uv": [25, 45], "uv_size": [0.25, 0.5]},
								"east": {"uv": [45, 25], "uv_size": [0.25, 0.5]},
								"south": {"uv": [26, 45], "uv_size": [0.25, 0.5]},
								"west": {"uv": [45, 26], "uv_size": [0.25, 0.5]},
								"up": {"uv": [39, 45], "uv_size": [0.25, 0.25]}
							}
						},
						{
							"origin": [0.3125, 7, -11.75],
							"size": [0.125, 1, 0.5],
							"uv": {
								"north": {"uv": [17, 44], "uv_size": [0.25, 1]},
								"east": {"uv": [20, 42], "uv_size": [0.5, 1]},
								"south": {"uv": [44, 17], "uv_size": [0.25, 1]},
								"west": {"uv": [42, 20], "uv_size": [0.5, 1]},
								"up": {"uv": [45, 24], "uv_size": [0.25, 0.5]}
							}
						},
						{
							"origin": [-0.4375, 7, -11.75],
							"size": [0.125, 1, 0.5],
							"uv": {
								"north": {"uv": [16, 44], "uv_size": [0.25, 1]},
								"east": {"uv": [42, 18], "uv_size": [0.5, 1]},
								"south": {"uv": [44, 16], "uv_size": [0.25, 1]},
								"west": {"uv": [42, 19], "uv_size": [0.5, 1]},
								"up": {"uv": [24, 45], "uv_size": [0.25, 0.5]}
							}
						},
						{
							"origin": [-0.75, 5.375, -10.25],
							"size": [1.5, 0.5, 7],
							"uv": {
								"east": {"uv": [28, 25], "uv_size": [7, 0.5]},
								"west": {"uv": [29, 26], "uv_size": [7, 0.5]}
							}
						},
						{
							"origin": [-1.79006, 7.27452, -10.25],
							"size": [0.75, 0.5, 7],
							"pivot": [-1.79006, 5.27452, -1.75],
							"rotation": [0, 0, 60],
							"uv": {
								"up": {"uv": [6, 25], "uv_size": [0.75, 7]}
							}
						},
						{
							"origin": [1.04006, 7.27452, -10.25],
							"size": [0.75, 0.5, 7],
							"pivot": [1.79006, 5.27452, -1.75],
							"rotation": [0, 0, -60],
							"uv": {
								"up": {"uv": [7, 25], "uv_size": [0.75, 7]}
							}
						},
						{
							"origin": [-0.874, 2.78033, 0.98744],
							"size": [1.748, 0.75, 0.5],
							"pivot": [-0.375, 4.03033, 1.98744],
							"rotation": [-45, 0, 0],
							"uv": {
								"north": {"uv": [37, 0], "uv_size": [1.75, 0.75]},
								"east": {"uv": [43, 1], "uv_size": [0.5, 0.75]},
								"south": {"uv": [37, 1], "uv_size": [1.75, 0.75]},
								"west": {"uv": [2, 43], "uv_size": [0.5, 0.75]},
								"up": {"uv": [38, 28], "uv_size": [1.75, 0.5]},
								"down": {"uv": [38, 29.5], "uv_size": [1.75, -0.5]}
							}
						}
					]
				},
				{
					"name": "barrel",
					"parent": "body",
					"pivot": [0, 0, 0],
					"cubes": [
						{
							"origin": [-0.2071, 5.75, -18.25],
							"size": [0.4142, 0.25, 6],
							"uv": {
								"north": {"uv": [45, 2], "uv_size": [0.5, 0.25]},
								"up": {"uv": [22, 30], "uv_size": [0.5, 6]},
								"down": {"uv": [23, 36], "uv_size": [0.5, -6]}
							}
						},
						{
							"origin": [-0.2071, 5.75, -18.25],
							"size": [0.4142, 0.25, 6],
							"pivot": [0, 5.5, -15.75],
							"rotation": [0, 0, -45],
							"uv": {
								"north": {"uv": [2, 45], "uv_size": [0.5, 0.25]},
								"up": {"uv": [19, 30], "uv_size": [0.5, 6]},
								"down": {"uv": [20, 36], "uv_size": [0.5, -6]}
							}
						},
						{
							"origin": [-0.2071, 5.75, -18.25],
							"size": [0.4142, 0.25, 6],
							"pivot": [0, 5.5, -15.75],
							"rotation": [0, 0, -90],
							"uv": {
								"north": {"uv": [1, 45], "uv_size": [0.5, 0.25]},
								"up": {"uv": [15, 30], "uv_size": [0.5, 6]},
								"down": {"uv": [16, 36], "uv_size": [0.5, -6]}
							}
						},
						{
							"origin": [-0.2071, 5, -18.25],
							"size": [0.4142, 0.25, 6],
							"pivot": [0, 5.5, -15.75],
							"rotation": [0, 0, -135],
							"uv": {
								"north": {"uv": [0, 45], "uv_size": [0.5, 0.25]},
								"up": {"uv": [13, 30], "uv_size": [0.5, 6]},
								"down": {"uv": [14, 36], "uv_size": [0.5, -6]}
							}
						},
						{
							"origin": [-0.2071, 5, -18.25],
							"size": [0.4142, 0.25, 6],
							"uv": {
								"north": {"uv": [45, 8], "uv_size": [0.5, 0.25]},
								"up": {"uv": [29, 31], "uv_size": [0.5, 6]},
								"down": {"uv": [31, 35], "uv_size": [0.5, -6]}
							}
						},
						{
							"origin": [-0.2071, 5.75, -18.25],
							"size": [0.4142, 0.25, 6],
							"pivot": [0, 5.5, -15.75],
							"rotation": [0, 0, -135],
							"uv": {
								"north": {"uv": [8, 45], "uv_size": [0.5, 0.25]},
								"up": {"uv": [27, 31], "uv_size": [0.5, 6]},
								"down": {"uv": [28, 37], "uv_size": [0.5, -6]}
							}
						},
						{
							"origin": [-0.2071, 5, -18.25],
							"size": [0.4142, 0.25, 6],
							"pivot": [0, 5.5, -15.75],
							"rotation": [0, 0, -45],
							"uv": {
								"north": {"uv": [45, 7], "uv_size": [0.5, 0.25]},
								"up": {"uv": [9, 31], "uv_size": [0.5, 6]},
								"down": {"uv": [12, 37], "uv_size": [0.5, -6]}
							}
						},
						{
							"origin": [-0.2071, 5, -18.25],
							"size": [0.4142, 0.25, 6],
							"pivot": [0, 5.5, -15.75],
							"rotation": [0, 0, -90],
							"uv": {
								"north": {"uv": [7, 45], "uv_size": [0.5, 0.25]},
								"up": {"uv": [30, 29], "uv_size": [0.5, 6]},
								"down": {"uv": [8, 37], "uv_size": [0.5, -6]}
							}
						},
						{
							"origin": [-0.23816, 5.825, -17.75],
							"size": [0.47633, 0.25, 2.5],
							"uv": {
								"north": {"uv": [6, 45], "uv_size": [0.5, 0.25]},
								"east": {"uv": [40, 32], "uv_size": [2.5, 0.25]},
								"south": {"uv": [45, 6], "uv_size": [0.5, 0.25]},
								"west": {"uv": [36, 40], "uv_size": [2.5, 0.25]},
								"up": {"uv": [37, 14], "uv_size": [0.5, 2.5]},
								"down": {"uv": [20, 39.5], "uv_size": [0.5, -2.5]}
							}
						},
						{
							"origin": [-0.23816, 4.925, -16.75],
							"size": [0.47633, 0.25, 1.5],
							"pivot": [0, 5.5, -16.5],
							"rotation": [0, 0, -45],
							"uv": {
								"north": {"uv": [5, 45], "uv_size": [0.5, 0.25]},
								"south": {"uv": [45, 5], "uv_size": [0.5, 0.25]},
								"up": {"uv": [39, 0], "uv_size": [0.5, 1.5]},
								"down": {"uv": [1, 40.5], "uv_size": [0.5, -1.5]}
							}
						},
						{
							"origin": [-0.23816, 4.925, -16.75],
							"size": [0.47633, 0.25, 1.5],
							"pivot": [0, 5.5, -16.5],
							"rotation": [0, 0, -90],
							"uv": {
								"north": {"uv": [4, 45], "uv_size": [0.5, 0.25]},
								"south": {"uv": [45, 4], "uv_size": [0.5, 0.25]},
								"up": {"uv": [38, 37], "uv_size": [0.5, 1.5]},
								"down": {"uv": [0, 40.5], "uv_size": [0.5, -1.5]}
							}
						},
						{
							"origin": [-0.23816, 4.925, -16.75],
							"size": [0.47633, 0.25, 1.5],
							"pivot": [0, 5.5, -16.5],
							"rotation": [0, 0, -135],
							"uv": {
								"north": {"uv": [3, 45], "uv_size": [0.5, 0.25]},
								"south": {"uv": [45, 3], "uv_size": [0.5, 0.25]},
								"up": {"uv": [38, 35], "uv_size": [0.5, 1.5]},
								"down": {"uv": [36, 39.5], "uv_size": [0.5, -1.5]}
							}
						},
						{
							"origin": [-0.23816, 4.925, -17.75],
							"size": [0.47633, 0.25, 0.5],
							"pivot": [0, 5.5, -17.5],
							"rotation": [0, 0, -135],
							"uv": {
								"north": {"uv": [18, 45], "uv_size": [0.5, 0.25]},
								"south": {"uv": [45, 18], "uv_size": [0.5, 0.25]},
								"up": {"uv": [44, 10], "uv_size": [0.5, 0.5]},
								"down": {"uv": [11, 44.5], "uv_size": [0.5, -0.5]}
							}
						},
						{
							"origin": [-0.23816, 4.925, -17.75],
							"size": [0.47633, 0.25, 0.5],
							"pivot": [0, 5.5, -17.5],
							"rotation": [0, 0, -90],
							"uv": {
								"north": {"uv": [17, 45], "uv_size": [0.5, 0.25]},
								"south": {"uv": [45, 17], "uv_size": [0.5, 0.25]},
								"up": {"uv": [44, 9], "uv_size": [0.5, 0.5]},
								"down": {"uv": [10, 44.5], "uv_size": [0.5, -0.5]}
							}
						},
						{
							"origin": [-0.23816, 4.925, -17.75],
							"size": [0.47633, 0.25, 0.5],
							"pivot": [0, 5.5, -17.5],
							"rotation": [0, 0, -45],
							"uv": {
								"north": {"uv": [16, 45], "uv_size": [0.5, 0.25]},
								"south": {"uv": [45, 16], "uv_size": [0.5, 0.25]},
								"up": {"uv": [44, 8], "uv_size": [0.5, 0.5]},
								"down": {"uv": [9, 44.5], "uv_size": [0.5, -0.5]}
							}
						},
						{
							"origin": [-0.23816, 5.825, -16.75],
							"size": [0.47633, 0.25, 1.5],
							"pivot": [0, 5.5, -16.5],
							"rotation": [0, 0, -135],
							"uv": {
								"north": {"uv": [12, 45], "uv_size": [0.5, 0.25]},
								"south": {"uv": [45, 12], "uv_size": [0.5, 0.25]},
								"up": {"uv": [39, 4], "uv_size": [0.5, 1.5]},
								"down": {"uv": [5, 40.5], "uv_size": [0.5, -1.5]}
							}
						},
						{
							"origin": [-0.23816, 5.825, -16.75],
							"size": [0.47633, 0.25, 1.5],
							"pivot": [0, 5.5, -16.5],
							"rotation": [0, 0, -90],
							"uv": {
								"north": {"uv": [11, 45], "uv_size": [0.5, 0.25]},
								"south": {"uv": [45, 11], "uv_size": [0.5, 0.25]},
								"up": {"uv": [3, 39], "uv_size": [0.5, 1.5]},
								"down": {"uv": [4, 40.5], "uv_size": [0.5, -1.5]}
							}
						},
						{
							"origin": [-0.23816, 5.825, -16.75],
							"size": [0.47633, 0.25, 1.5],
							"pivot": [0, 5.5, -16.5],
							"rotation": [0, 0, -45],
							"uv": {
								"north": {"uv": [10, 45], "uv_size": [0.5, 0.25]},
								"south": {"uv": [45, 10], "uv_size": [0.5, 0.25]},
								"up": {"uv": [2, 39], "uv_size": [0.5, 1.5]},
								"down": {"uv": [39, 3.5], "uv_size": [0.5, -1.5]}
							}
						},
						{
							"origin": [-0.23816, 5.825, -17.75],
							"size": [0.47633, 0.25, 0.5],
							"pivot": [0, 5.5, -17.5],
							"rotation": [0, 0, -135],
							"uv": {
								"north": {"uv": [15, 45], "uv_size": [0.5, 0.25]},
								"south": {"uv": [45, 15], "uv_size": [0.5, 0.25]},
								"up": {"uv": [7, 44], "uv_size": [0.5, 0.5]},
								"down": {"uv": [44, 7.5], "uv_size": [0.5, -0.5]}
							}
						},
						{
							"origin": [-0.23816, 5.825, -17.75],
							"size": [0.47633, 0.25, 0.5],
							"pivot": [0, 5.5, -17.5],
							"rotation": [0, 0, -45],
							"uv": {
								"north": {"uv": [14, 45], "uv_size": [0.5, 0.25]},
								"south": {"uv": [45, 14], "uv_size": [0.5, 0.25]},
								"up": {"uv": [6, 44], "uv_size": [0.5, 0.5]},
								"down": {"uv": [44, 6.5], "uv_size": [0.5, -0.5]}
							}
						},
						{
							"origin": [-0.23816, 5.825, -17.75],
							"size": [0.47633, 0.25, 0.5],
							"pivot": [0, 5.5, -17.5],
							"rotation": [0, 0, -90],
							"uv": {
								"north": {"uv": [13, 45], "uv_size": [0.5, 0.25]},
								"south": {"uv": [45, 13], "uv_size": [0.5, 0.25]},
								"up": {"uv": [5, 44], "uv_size": [0.5, 0.5]},
								"down": {"uv": [44, 5.5], "uv_size": [0.5, -0.5]}
							}
						},
						{
							"origin": [-0.23816, 4.925, -17.75],
							"size": [0.47633, 0.25, 2.5],
							"uv": {
								"north": {"uv": [9, 45], "uv_size": [0.5, 0.25]},
								"east": {"uv": [40, 37], "uv_size": [2.5, 0.25]},
								"south": {"uv": [45, 9], "uv_size": [0.5, 0.25]},
								"west": {"uv": [40, 38], "uv_size": [2.5, 0.25]},
								"up": {"uv": [21, 37], "uv_size": [0.5, 2.5]},
								"down": {"uv": [22, 39.5], "uv_size": [0.5, -2.5]}
							}
						},
						{
							"origin": [-0.2071, 3.75, -14.5],
							"size": [0.4142, 1, 5.25],
							"uv": {
								"north": {"uv": [39, 41], "uv_size": [0.5, 1]},
								"up": {"uv": [3, 33], "uv_size": [0.5, 5.25]},
								"down": {"uv": [4, 38.25], "uv_size": [0.5, -5.25]}
							}
						},
						{
							"origin": [-0.2071, 3.75, -14.5],
							"size": [0.4142, 1, 5.25],
							"pivot": [0, 4.25, -12.75],
							"rotation": [0, 0, -45],
							"uv": {
								"north": {"uv": [38, 41], "uv_size": [0.5, 1]},
								"up": {"uv": [1, 33], "uv_size": [0.5, 5.25]},
								"down": {"uv": [2, 38.25], "uv_size": [0.5, -5.25]}
							}
						},
						{
							"origin": [-0.2071, 3.75, -14.5],
							"size": [0.4142, 1, 5.25],
							"pivot": [0, 4.25, -12.75],
							"rotation": [0, 0, -90],
							"uv": {
								"north": {"uv": [37, 41], "uv_size": [0.5, 1]},
								"up": {"uv": [32, 27], "uv_size": [0.5, 5.25]},
								"down": {"uv": [0, 38.25], "uv_size": [0.5, -5.25]}
							}
						},
						{
							"origin": [-0.2071, 3.75, -14.5],
							"size": [0.4142, 1, 5.25],
							"pivot": [0, 4.25, -12.75],
							"rotation": [0, 0, -135],
							"uv": {
								"north": {"uv": [41, 36], "uv_size": [0.5, 1]},
								"up": {"uv": [7, 32], "uv_size": [0.5, 5.25]},
								"down": {"uv": [26, 37.25], "uv_size": [0.5, -5.25]}
							}
						},
						{
							"origin": [-0.23816, 3.675, -14.25],
							"size": [0.47633, 2.4, 1],
							"uv": {
								"north": {"uv": [9, 37], "uv_size": [0.5, 2.5]},
								"south": {"uv": [12, 37], "uv_size": [0.5, 2.5]},
								"up": {"uv": [42, 2], "uv_size": [0.5, 1]},
								"down": {"uv": [3, 43], "uv_size": [0.5, -1]}
							}
						},
						{
							"origin": [-0.36316, 4.675, -14.25],
							"size": [0.72633, 0.4, 1],
							"uv": {
								"north": {"uv": [43, 6], "uv_size": [0.75, 0.5]},
								"east": {"uv": [42, 8], "uv_size": [1, 0.5]},
								"south": {"uv": [7, 43], "uv_size": [0.75, 0.5]},
								"west": {"uv": [42, 9], "uv_size": [1, 0.5]}
							}
						},
						{
							"origin": [-0.23816, 4.925, -14.25],
							"size": [0.47633, 1.15, 1],
							"pivot": [0, 5.5, -13.75],
							"rotation": [0, 0, -45],
							"uv": {
								"north": {"uv": [40, 28], "uv_size": [0.5, 1.25]},
								"south": {"uv": [29, 40], "uv_size": [0.5, 1.25]},
								"up": {"uv": [42, 1], "uv_size": [0.5, 1]},
								"down": {"uv": [2, 43], "uv_size": [0.5, -1]}
							}
						},
						{
							"origin": [-0.23816, 4.925, -14.25],
							"size": [0.47633, 1.15, 1],
							"pivot": [0, 5.5, -13.75],
							"rotation": [0, 0, -90],
							"uv": {
								"north": {"uv": [26, 40], "uv_size": [0.5, 1.25]},
								"south": {"uv": [28, 40], "uv_size": [0.5, 1.25]},
								"up": {"uv": [42, 0], "uv_size": [0.5, 1]},
								"down": {"uv": [1, 43], "uv_size": [0.5, -1]}
							}
						},
						{
							"origin": [-0.23816, 4.925, -14.25],
							"size": [0.47633, 1.15, 1],
							"pivot": [0, 5.5, -13.75],
							"rotation": [0, 0, -135],
							"uv": {
								"north": {"uv": [16, 40], "uv_size": [0.5, 1.25]},
								"south": {"uv": [40, 25], "uv_size": [0.5, 1.25]},
								"up": {"uv": [40, 41], "uv_size": [0.5, 1]},
								"down": {"uv": [41, 42], "uv_size": [0.5, -1]}
							}
						},
						{
							"origin": [-0.23816, 3.675, -14.25],
							"size": [0.47633, 1.15, 1],
							"pivot": [0, 4.25, -13.75],
							"rotation": [0, 0, -135],
							"uv": {
								"north": {"uv": [34, 40], "uv_size": [0.5, 1.25]},
								"south": {"uv": [40, 35], "uv_size": [0.5, 1.25]},
								"up": {"uv": [42, 6], "uv_size": [0.5, 1]},
								"down": {"uv": [42, 8], "uv_size": [0.5, -1]}
							}
						},
						{
							"origin": [-0.23816, 3.675, -14.25],
							"size": [0.47633, 1.15, 1],
							"pivot": [0, 4.25, -13.75],
							"rotation": [0, 0, -90],
							"uv": {
								"north": {"uv": [32, 40], "uv_size": [0.5, 1.25]},
								"south": {"uv": [33, 40], "uv_size": [0.5, 1.25]},
								"up": {"uv": [42, 5], "uv_size": [0.5, 1]},
								"down": {"uv": [6, 43], "uv_size": [0.5, -1]}
							}
						},
						{
							"origin": [-0.23816, 3.675, -14.25],
							"size": [0.47633, 1.15, 1],
							"pivot": [0, 4.25, -13.75],
							"rotation": [0, 0, -45],
							"uv": {
								"north": {"uv": [40, 30], "uv_size": [0.5, 1.25]},
								"south": {"uv": [31, 40], "uv_size": [0.5, 1.25]},
								"up": {"uv": [4, 42], "uv_size": [0.5, 1]},
								"down": {"uv": [5, 43], "uv_size": [0.5, -1]}
							}
						}
					]
				},
				{
					"name": "grip",
					"parent": "body",
					"pivot": [0, 0, 0],
					"cubes": [
						{
							"origin": [-0.626, -0.49354, 3.90062],
							"size": [1.252, 4.25, 1.75],
							"pivot": [0.375, 2.25646, 5.21312],
							"rotation": [22.5, 0, 0],
							"uv": {
								"north": {"uv": [24, 10], "uv_size": [1.25, 4.25]},
								"east": {"uv": [20, 18], "uv_size": [1.75, 4.25]},
								"south": {"uv": [24, 15], "uv_size": [1.25, 4.25]},
								"west": {"uv": [13, 21], "uv_size": [1.75, 4.25]}
							}
						},
						{
							"origin": [-0.625, 2.5, 3.25],
							"size": [1.25, 1.5, 2],
							"uv": {
								"north": {"uv": [17, 34], "uv_size": [1.25, 1.5]},
								"east": {"uv": [4, 30], "uv_size": [2, 1.5]},
								"south": {"uv": [34, 19], "uv_size": [1.25, 1.5]},
								"west": {"uv": [30, 5], "uv_size": [2, 1.5]},
								"down": {"uv": [5, 35], "uv_size": [1.25, -2]}
							}
						},
						{
							"origin": [-0.624, 3.5, 4.875],
							"size": [1.248, 0.5, 0.5],
							"pivot": [0, 3.75, 5.5],
							"rotation": [-45, 0, 0],
							"uv": {
								"east": {"uv": [3, 44], "uv_size": [0.5, 0.5]},
								"south": {"uv": [24, 40], "uv_size": [1.25, 0.5]},
								"west": {"uv": [44, 3], "uv_size": [0.5, 0.5]}
							}
						},
						{
							"origin": [-0.3125, 2.5, 0.75],
							"size": [0.625, 1.5, 0.25],
							"uv": {
								"east": {"uv": [41, 42], "uv_size": [0.25, 1.5]},
								"south": {"uv": [37, 7], "uv_size": [0.75, 1.5]},
								"west": {"uv": [42, 41], "uv_size": [0.25, 1.5]}
							}
						},
						{
							"origin": [-0.1875, 3.25, 2.5],
							"size": [0.375, 0.75, 0.25],
							"uv": {
								"north": {"uv": [43, 0], "uv_size": [0.5, 0.75]},
								"east": {"uv": [44, 27], "uv_size": [0.25, 0.75]},
								"south": {"uv": [1, 43], "uv_size": [0.5, 0.75]},
								"west": {"uv": [28, 44], "uv_size": [0.25, 0.75]}
							}
						},
						{
							"origin": [-0.1875, 2.19324, 2.3638],
							"size": [0.375, 0.5, 0.25],
							"pivot": [-0.375, 2.19324, 5.8638],
							"rotation": [-10, 0, 0],
							"uv": {
								"north": {"uv": [2, 44], "uv_size": [0.5, 0.5]},
								"east": {"uv": [43, 44], "uv_size": [0.25, 0.5]},
								"south": {"uv": [44, 2], "uv_size": [0.5, 0.5]},
								"west": {"uv": [44, 43], "uv_size": [0.25, 0.5]},
								"down": {"uv": [44, 44.25], "uv_size": [0.5, -0.25]}
							}
						},
						{
							"origin": [-0.3125, -0.10876, 1.94454],
							"size": [0.625, 0.70711, 0.25],
							"pivot": [-0.5, 0.09835, 5.44454],
							"rotation": [-45, 0, 0],
							"uv": {
								"north": {"uv": [5, 41], "uv_size": [0.75, 0.75]},
								"east": {"uv": [44, 26], "uv_size": [0.25, 0.75]},
								"south": {"uv": [41, 27], "uv_size": [0.75, 0.75]},
								"west": {"uv": [27, 44], "uv_size": [0.25, 0.75]}
							}
						},
						{
							"origin": [-0.3125, 2.25, 0.75],
							"size": [0.625, 0.25, 2.25],
							"uv": {
								"east": {"uv": [41, 25], "uv_size": [2.25, 0.25]},
								"west": {"uv": [41, 26], "uv_size": [2.25, 0.25]},
								"up": {"uv": [35, 30], "uv_size": [0.75, 2.25]},
								"down": {"uv": [31, 37.25], "uv_size": [0.75, -2.25]}
							}
						},
						{
							"origin": [-0.25, -1, 0.75],
							"size": [0.5, 1, 3.75],
							"uv": {
								"east": {"uv": [28, 20], "uv_size": [3.75, 1]},
								"west": {"uv": [28, 21], "uv_size": [3.75, 1]},
								"up": {"uv": [10, 34], "uv_size": [0.5, 3.75]},
								"down": {"uv": [5, 38.75], "uv_size": [0.5, -3.75]}
							}
						},
						{
							"origin": [-0.75, -1.25, 4.5],
							"size": [1.5, 1.5, 2.25],
							"uv": {
								"north": {"uv": [32, 33], "uv_size": [1.5, 1.5]},
								"east": {"uv": [27, 29], "uv_size": [2.25, 1.5]},
								"south": {"uv": [34, 2], "uv_size": [1.5, 1.5]},
								"west": {"uv": [29, 27], "uv_size": [2.25, 1.5]},
								"up": {"uv": [17, 29], "uv_size": [1.5, 2.25]},
								"down": {"uv": [2, 32.25], "uv_size": [1.5, -2.25]}
							}
						},
						{
							"origin": [-0.5, -1.25, 0.75],
							"size": [1, 1.5, 0.75],
							"uv": {
								"east": {"uv": [32, 37], "uv_size": [0.75, 1.5]},
								"south": {"uv": [19, 36], "uv_size": [1, 1.5]},
								"west": {"uv": [37, 32], "uv_size": [0.75, 1.5]},
								"up": {"uv": [39, 22], "uv_size": [1, 0.75]},
								"down": {"uv": [39, 23.75], "uv_size": [1, -0.75]}
							}
						},
						{
							"origin": [-0.3125, 2.78033, 1.23744],
							"size": [0.625, 0.75, 0.5],
							"pivot": [-0.25, 4.03033, 2.23744],
							"rotation": [-45, 0, 0],
							"uv": {
								"east": {"uv": [43, 2], "uv_size": [0.5, 0.75]},
								"south": {"uv": [41, 28], "uv_size": [0.75, 0.75]},
								"west": {"uv": [3, 43], "uv_size": [0.5, 0.75]}
							}
						}
					]
				},
				{
					"name": "mag",
					"parent": "gun",
					"pivot": [0, 0, 0]
				},
				{
					"name": "mags",
					"parent": "mag",
					"pivot": [0, 0, 0]
				},
				{
					"name": "magazine",
					"parent": "mags",
					"pivot": [0, 3, 4]
				},
				{
					"name": "mag_standard",
					"parent": "magazine",
					"pivot": [0, 0, 0],
					"cubes": [
						{
							"origin": [-0.625, -2.25, -3],
							"size": [1.25, 6, 3.5],
							"uv": {
								"north": {"uv": [20, 6], "uv_size": [1.25, 6]},
								"east": {"uv": [12, 0], "uv_size": [3.5, 6]},
								"south": {"uv": [20, 12], "uv_size": [1.25, 6]},
								"west": {"uv": [12, 6], "uv_size": [3.5, 6]},
								"up": {"uv": [17, 25], "uv_size": [1.25, 3.5]},
								"down": {"uv": [2, 29.5], "uv_size": [1.25, -3.5]}
							}
						},
						{
							"origin": [-0.53884, 3.68313, -1],
							"size": [0.1875, 0.5, 1.5],
							"pivot": [-0.41384, 3.93313, -0.75],
							"rotation": [0, 0, 22.5],
							"uv": {
								"north": {"uv": [45, 28], "uv_size": [0.25, 0.5]},
								"east": {"uv": [31, 39], "uv_size": [1.5, 0.5]},
								"south": {"uv": [29, 45], "uv_size": [0.25, 0.5]},
								"west": {"uv": [33, 39], "uv_size": [1.5, 0.5]},
								"up": {"uv": [43, 18], "uv_size": [0.25, 1.5]}
							}
						},
						{
							"origin": [0.35134, 3.68313, -1],
							"size": [0.1875, 0.5, 1.5],
							"pivot": [0.41384, 3.93313, -0.75],
							"rotation": [0, 0, -22.5],
							"uv": {
								"north": {"uv": [45, 29], "uv_size": [0.25, 0.5]},
								"east": {"uv": [39, 33], "uv_size": [1.5, 0.5]},
								"south": {"uv": [30, 45], "uv_size": [0.25, 0.5]},
								"west": {"uv": [39, 34], "uv_size": [1.5, 0.5]},
								"up": {"uv": [19, 43], "uv_size": [0.25, 1.5]}
							}
						},
						{
							"origin": [-0.75, -1.25, -3.125],
							"size": [1.5, 1.25, 2],
							"uv": {
								"north": {"uv": [24, 34], "uv_size": [1.5, 1.25]},
								"east": {"uv": [33, 28], "uv_size": [2, 1.25]},
								"south": {"uv": [34, 33], "uv_size": [1.5, 1.25]},
								"west": {"uv": [33, 30], "uv_size": [2, 1.25]},
								"up": {"uv": [30, 7], "uv_size": [1.5, 2]},
								"down": {"uv": [30, 11], "uv_size": [1.5, -2]}
							}
						}
					]
				},
				{
					"name": "mag_extended_1",
					"parent": "magazine",
					"pivot": [0, 0, 0],
					"cubes": [
						{
							"origin": [-0.53884, 3.68313, -1],
							"size": [0.1875, 0.5, 1.5],
							"pivot": [-0.41384, 3.93313, -0.75],
							"rotation": [0, 0, 22.5],
							"uv": {
								"north": {"uv": [33, 45], "uv_size": [0.25, 0.5]},
								"east": {"uv": [14, 40], "uv_size": [1.5, 0.5]},
								"south": {"uv": [45, 33], "uv_size": [0.25, 0.5]},
								"west": {"uv": [40, 15], "uv_size": [1.5, 0.5]},
								"up": {"uv": [34, 43], "uv_size": [0.25, 1.5]}
							}
						},
						{
							"origin": [0.35134, 3.68313, -1],
							"size": [0.1875, 0.5, 1.5],
							"pivot": [0.41384, 3.93313, -0.75],
							"rotation": [0, 0, -22.5],
							"uv": {
								"north": {"uv": [32, 45], "uv_size": [0.25, 0.5]},
								"east": {"uv": [40, 7], "uv_size": [1.5, 0.5]},
								"south": {"uv": [45, 32], "uv_size": [0.25, 0.5]},
								"west": {"uv": [40, 8], "uv_size": [1.5, 0.5]},
								"up": {"uv": [43, 33], "uv_size": [0.25, 1.5]}
							}
						},
						{
							"origin": [-0.625, -3.25, -3],
							"size": [1.25, 7, 3.5],
							"uv": {
								"north": {"uv": [6, 18], "uv_size": [1.25, 7]},
								"east": {"uv": [0, 9], "uv_size": [3.5, 7]},
								"south": {"uv": [17, 18], "uv_size": [1.25, 7]},
								"west": {"uv": [4, 9], "uv_size": [3.5, 7]},
								"up": {"uv": [26, 6], "uv_size": [1.25, 3.5]},
								"down": {"uv": [26, 13.5], "uv_size": [1.25, -3.5]}
							}
						},
						{
							"origin": [-0.75, -2.25, -2.125],
							"size": [1.5, 1, 2.875],
							"uv": {
								"north": {"uv": [36, 21], "uv_size": [1.5, 1]},
								"east": {"uv": [4, 32], "uv_size": [3, 1]},
								"south": {"uv": [36, 22], "uv_size": [1.5, 1]},
								"west": {"uv": [32, 4], "uv_size": [3, 1]},
								"up": {"uv": [10, 25], "uv_size": [1.5, 3]},
								"down": {"uv": [15, 28], "uv_size": [1.5, -3]}
							}
						}
					]
				},
				{
					"name": "mag_extended_2",
					"parent": "magazine",
					"pivot": [0, 0, 0],
					"cubes": [
						{
							"origin": [-0.625, -4.25, -3],
							"size": [1.25, 8, 3.5],
							"uv": {
								"north": {"uv": [17, 10], "uv_size": [1.25, 8]},
								"east": {"uv": [8, 0], "uv_size": [3.5, 8]},
								"south": {"uv": [2, 18], "uv_size": [1.25, 8]},
								"west": {"uv": [8, 8], "uv_size": [3.5, 8]},
								"up": {"uv": [13, 26], "uv_size": [1.25, 3.5]},
								"down": {"uv": [26, 17.5], "uv_size": [1.25, -3.5]}
							}
						},
						{
							"origin": [-0.75, 0, -3.125],
							"size": [1.5, 1, 1.875],
							"uv": {
								"north": {"uv": [36, 26], "uv_size": [1.5, 1]},
								"east": {"uv": [33, 32], "uv_size": [2, 1]},
								"south": {"uv": [36, 27], "uv_size": [1.5, 1]},
								"west": {"uv": [34, 9], "uv_size": [2, 1]},
								"up": {"uv": [32, 5], "uv_size": [1.5, 2]},
								"down": {"uv": [32, 9], "uv_size": [1.5, -2]}
							}
						},
						{
							"origin": [-0.75, -1.25, -3.125],
							"size": [1.5, 1, 1.875],
							"uv": {
								"north": {"uv": [36, 28], "uv_size": [1.5, 1]},
								"east": {"uv": [34, 10], "uv_size": [2, 1]},
								"south": {"uv": [36, 29], "uv_size": [1.5, 1]},
								"west": {"uv": [34, 14], "uv_size": [2, 1]},
								"up": {"uv": [32, 9], "uv_size": [1.5, 2]},
								"down": {"uv": [32, 16], "uv_size": [1.5, -2]}
							}
						},
						{
							"origin": [-0.75, -2.5, -3.125],
							"size": [1.5, 1, 1.875],
							"uv": {
								"north": {"uv": [36, 30], "uv_size": [1.5, 1]},
								"east": {"uv": [34, 15], "uv_size": [2, 1]},
								"south": {"uv": [36, 31], "uv_size": [1.5, 1]},
								"west": {"uv": [34, 16], "uv_size": [2, 1]},
								"up": {"uv": [32, 16], "uv_size": [1.5, 2]},
								"down": {"uv": [17, 34], "uv_size": [1.5, -2]}
							}
						},
						{
							"origin": [-0.53884, 3.68313, -1],
							"size": [0.1875, 0.5, 1.5],
							"pivot": [-0.41384, 3.93313, -0.75],
							"rotation": [0, 0, 22.5],
							"uv": {
								"north": {"uv": [35, 45], "uv_size": [0.25, 0.5]},
								"east": {"uv": [20, 40], "uv_size": [1.5, 0.5]},
								"south": {"uv": [45, 35], "uv_size": [0.25, 0.5]},
								"west": {"uv": [40, 20], "uv_size": [1.5, 0.5]},
								"up": {"uv": [36, 43], "uv_size": [0.25, 1.5]}
							}
						},
						{
							"origin": [0.35134, 3.68313, -1],
							"size": [0.1875, 0.5, 1.5],
							"pivot": [0.41384, 3.93313, -0.75],
							"rotation": [0, 0, -22.5],
							"uv": {
								"north": {"uv": [34, 45], "uv_size": [0.25, 0.5]},
								"east": {"uv": [40, 16], "uv_size": [1.5, 0.5]},
								"south": {"uv": [45, 34], "uv_size": [0.25, 0.5]},
								"west": {"uv": [40, 18], "uv_size": [1.5, 0.5]},
								"up": {"uv": [35, 43], "uv_size": [0.25, 1.5]}
							}
						}
					]
				},
				{
					"name": "mag_extended_3",
					"parent": "magazine",
					"pivot": [0, 0, 0],
					"cubes": [
						{
							"origin": [-0.625, -5.25, -3],
							"size": [1.25, 9, 3.5],
							"uv": {
								"north": {"uv": [8, 16], "uv_size": [1.25, 9]},
								"east": {"uv": [0, 0], "uv_size": [3.5, 9]},
								"south": {"uv": [10, 16], "uv_size": [1.25, 9]},
								"west": {"uv": [4, 0], "uv_size": [3.5, 9]},
								"up": {"uv": [26, 18], "uv_size": [1.25, 3.5]},
								"down": {"uv": [22, 29.5], "uv_size": [1.25, -3.5]}
							}
						},
						{
							"origin": [-0.75, -5.5, -0.875],
							"size": [1.5, 2.75, 1.5],
							"uv": {
								"north": {"uv": [27, 26], "uv_size": [1.5, 2.75]},
								"east": {"uv": [28, 2], "uv_size": [1.5, 2.75]},
								"south": {"uv": [28, 5], "uv_size": [1.5, 2.75]},
								"west": {"uv": [28, 8], "uv_size": [1.5, 2.75]},
								"up": {"uv": [34, 5], "uv_size": [1.5, 1.5]},
								"down": {"uv": [34, 8.5], "uv_size": [1.5, -1.5]}
							}
						},
						{
							"origin": [-0.53884, 3.68313, -1],
							"size": [0.1875, 0.5, 1.5],
							"pivot": [-0.41384, 3.93313, -0.75],
							"rotation": [0, 0, 22.5],
							"uv": {
								"north": {"uv": [37, 45], "uv_size": [0.25, 0.5]},
								"east": {"uv": [40, 22], "uv_size": [1.5, 0.5]},
								"south": {"uv": [45, 37], "uv_size": [0.25, 0.5]},
								"west": {"uv": [40, 23], "uv_size": [1.5, 0.5]},
								"up": {"uv": [43, 37], "uv_size": [0.25, 1.5]}
							}
						},
						{
							"origin": [0.35134, 3.68313, -1],
							"size": [0.1875, 0.5, 1.5],
							"pivot": [0.41384, 3.93313, -0.75],
							"rotation": [0, 0, -22.5],
							"uv": {
								"north": {"uv": [36, 45], "uv_size": [0.25, 0.5]},
								"east": {"uv": [40, 21], "uv_size": [1.5, 0.5]},
								"south": {"uv": [45, 36], "uv_size": [0.25, 0.5]},
								"west": {"uv": [22, 40], "uv_size": [1.5, 0.5]},
								"up": {"uv": [37, 43], "uv_size": [0.25, 1.5]}
							}
						}
					]
				},
				{
					"name": "bullet_in_mag",
					"parent": "mags",
					"pivot": [0, 3.75, -1.25],
					"cubes": [
						{
							"origin": [-0.25, 3.5, -2.75],
							"size": [0.5, 0.5, 3],
							"uv": {
								"north": {"uv": [63.5, 0], "uv_size": [0.5, 0.5]},
								"east": {"uv": [63.5, 0], "uv_size": [0.5, 3], "uv_rotation": 90},
								"south": {"uv": [63.5, 2.75], "uv_size": [0.5, 0.5]},
								"west": {"uv": [63.5, 3], "uv_size": [0.5, -3], "uv_rotation": 90},
								"up": {"uv": [64, 3], "uv_size": [-0.5, -3]},
								"down": {"uv": [64, 3], "uv_size": [-0.5, -3]}
							}
						}
					]
				},
				{
					"name": "bullet_new_mag",
					"parent": "mags",
					"pivot": [0, 3.75, -1.25],
					"cubes": [
						{
							"origin": [-0.25, 3.5, -2.75],
							"size": [0.5, 0.5, 3],
							"uv": {
								"north": {"uv": [63.5, 0], "uv_size": [0.5, 0.5]},
								"east": {"uv": [63.5, 0], "uv_size": [0.5, 3], "uv_rotation": 90},
								"south": {"uv": [63.5, 2.75], "uv_size": [0.5, 0.5]},
								"west": {"uv": [63.5, 3], "uv_size": [0.5, -3], "uv_rotation": 90},
								"up": {"uv": [64, 3], "uv_size": [-0.5, -3]},
								"down": {"uv": [64, 3], "uv_size": [-0.5, -3]}
							}
						}
					]
				},
				{
					"name": "left",
					"parent": "mag",
					"pivot": [-6, 11, 0]
				},
				{
					"name": "lefthand_pos",
					"parent": "left",
					"pivot": [0, 0, 0],
					"cubes": [
						{
							"origin": [-8, 0, -2],
							"size": [4, 12, 4],
							"uv": {
								"north": {"uv": [0, 0], "uv_size": [4, 12]},
								"east": {"uv": [0, 0], "uv_size": [4, 12]},
								"south": {"uv": [0, 0], "uv_size": [4, 12]},
								"west": {"uv": [0, 0], "uv_size": [4, 12]},
								"up": {"uv": [4, 4], "uv_size": [-4, -4]},
								"down": {"uv": [4, 4], "uv_size": [-4, -4]}
							}
						}
					]
				},
				{
					"name": "bolt",
					"parent": "gun",
					"pivot": [0, 0, 0],
					"cubes": [
						{
							"origin": [-0.8125, 4.5, -0.25],
							"size": [0.5, 1, 2.5],
							"uv": {
								"north": {"uv": [42, 16], "uv_size": [0.5, 1]},
								"east": {"uv": [32, 23], "uv_size": [2.5, 1]},
								"south": {"uv": [42, 17], "uv_size": [0.5, 1]},
								"west": {"uv": [33, 27], "uv_size": [2.5, 1]},
								"up": {"uv": [23, 37], "uv_size": [0.5, 2.5]},
								"down": {"uv": [24, 39.5], "uv_size": [0.5, -2.5]}
							}
						}
					]
				},
				{
					"name": "gun_positioning",
					"parent": "gun",
					"pivot": [0, 0, 0]
				},
				{
					"name": "grip_pos",
					"parent": "gun_positioning",
					"pivot": [0, 3, -7]
				},
				{
					"name": "scope_pos",
					"parent": "gun_positioning",
					"pivot": [0, 7.1495, 3.5]
				},
				{
					"name": "stock_pos",
					"parent": "gun_positioning",
					"pivot": [0, 5.625, 7.25]
				},
				{
					"name": "shell",
					"parent": "gun_positioning",
					"pivot": [-0.5, 5, -1.25]
				},
				{
					"name": "muzzle_flash",
					"parent": "gun_positioning",
					"pivot": [0, 5.5, -17]
				},
				{
					"name": "muzzle_pos",
					"parent": "gun_positioning",
					"pivot": [0, 5.5, -13.75]
				},
				{
					"name": "right",
					"parent": "root",
					"pivot": [6, 11, 0]
				},
				{
					"name": "righthand_pos",
					"parent": "right",
					"pivot": [0, 0, 0],
					"cubes": [
						{
							"origin": [4, 0, -2],
							"size": [4, 12, 4],
							"uv": {
								"north": {"uv": [0, 0], "uv_size": [4, 12]},
								"east": {"uv": [0, 0], "uv_size": [4, 12]},
								"south": {"uv": [0, 0], "uv_size": [4, 12]},
								"west": {"uv": [0, 0], "uv_size": [4, 12]},
								"up": {"uv": [4, 4], "uv_size": [-4, -4]},
								"down": {"uv": [4, 4], "uv_size": [-4, -4]}
							}
						}
					]
				},
				{
					"name": "additional_magazine",
					"parent": "root",
					"pivot": [0, 3, 4]
				},
				{
					"name": "views",
					"pivot": [0, 0, 0]
				},
				{
					"name": "refit_extended_mag_view",
					"parent": "views",
					"pivot": [10, -1.5, -2],
					"rotation": [0, 90, 0]
				},
				{
					"name": "refit_grip_view",
					"parent": "views",
					"pivot": [7, 2, -6.5],
					"rotation": [0, 90, 0]
				},
				{
					"name": "refit_scope_view",
					"parent": "views",
					"pivot": [5, 8, 4],
					"rotation": [0, 47.5, 0]
				},
				{
					"name": "iron_view",
					"parent": "views",
					"pivot": [0, 7.6875, 10]
				},
				{
					"name": "idle_view",
					"parent": "views",
					"pivot": [3, 10, 13]
				},
				{
					"name": "refit_view",
					"parent": "views",
					"pivot": [20, 2.75, -2],
					"rotation": [0, 90, 0]
				},
				{
					"name": "refit_stock_view",
					"parent": "views",
					"pivot": [9, 4.75, 1],
					"rotation": [0, 112.5, 0]
				},
				{
					"name": "camera",
					"pivot": [3, 10, 13]
				},
				{
					"name": "positioning",
					"pivot": [0, 0, 0]
				},
				{
					"name": "thirdperson_hand",
					"parent": "positioning",
					"pivot": [0, 3, 3.5]
				},
				{
					"name": "ground",
					"parent": "positioning",
					"pivot": [0, -0.9, -0.35]
				},
				{
					"name": "fixed",
					"parent": "positioning",
					"pivot": [0, 4.1, 0.225],
					"rotation": [0, -90, 0]
				}
			]
		}
	]
}