{
	"format_version": "1.12.0",
	"minecraft:geometry": [
		{
			"description": {
				"identifier": "geometry.unknown",
				"texture_width": 64,
				"texture_height": 64,
				"visible_bounds_width": 5,
				"visible_bounds_height": 2.5,
				"visible_bounds_offset": [0, 0.75, 0]
			},
			"bones": [
				{
					"name": "root",
					"pivot": [0, 6.75, 7.5]
				},
				{
					"name": "gun",
					"parent": "root",
					"pivot": [0, 6.75, 7.5]
				},
				{
					"name": "static",
					"parent": "gun",
					"pivot": [0, 0, 0]
				},
				{
					"name": "body",
					"parent": "static",
					"pivot": [0.125, 6.13732, 6.59279],
					"cubes": [
						{
							"origin": [-0.625, 5.75, 7.25],
							"size": [1.25, 1.5, 2],
							"uv": {
								"north": {"uv": [23, 29], "uv_size": [1.25, 1.5]},
								"east": {"uv": [26, 27], "uv_size": [2, 1.5]},
								"south": {"uv": [29, 23], "uv_size": [1.25, 1.5]},
								"west": {"uv": [28, 0], "uv_size": [2, 1.5]},
								"down": {"uv": [3, 31], "uv_size": [1.25, -2]}
							}
						},
						{
							"origin": [-0.626, 3.25646, 7.90062],
							"size": [1.252, 3.75, 1.75],
							"pivot": [0.375, 5.50646, 9.21312],
							"rotation": [22.5, 0, 0],
							"uv": {
								"north": {"uv": [3, 24], "uv_size": [1.25, 3.75]},
								"east": {"uv": [7, 13], "uv_size": [1.75, 3.75]},
								"south": {"uv": [5, 24], "uv_size": [1.25, 3.75]},
								"west": {"uv": [14, 0], "uv_size": [1.75, 3.75]},
								"down": {"uv": [29, 17.75], "uv_size": [1.25, -1.75]}
							}
						},
						{
							"origin": [-0.75, 7.25, 4.75],
							"size": [1.5, 1.5, 5],
							"uv": {
								"east": {"uv": [8, 4], "uv_size": [5, 1.5]},
								"south": {"uv": [13, 29], "uv_size": [1.5, 1.5]},
								"west": {"uv": [8, 6], "uv_size": [5, 1.5]},
								"down": {"uv": [8, 13], "uv_size": [1.5, -5]}
							}
						},
						{
							"origin": [0.5, 5.75, 3.75],
							"size": [0.25, 3, 1],
							"uv": {
								"east": {"uv": [1, 28], "uv_size": [1, 3]},
								"south": {"uv": [5, 32], "uv_size": [0.25, 3]},
								"west": {"uv": [2, 28], "uv_size": [1, 3]},
								"down": {"uv": [34, 21], "uv_size": [0.25, -1]}
							}
						},
						{
							"origin": [0.5, 6.25, 1.25],
							"size": [0.25, 2.5, 2.5],
							"uv": {
								"north": {"uv": [6, 32], "uv_size": [0.25, 2.5]},
								"east": {"uv": [9, 14], "uv_size": [2.5, 2.5]},
								"west": {"uv": [12, 14], "uv_size": [2.5, 2.5]},
								"down": {"uv": [9, 34.5], "uv_size": [0.25, -2.5]}
							}
						},
						{
							"origin": [-0.75, 5.75, 3.75],
							"size": [0.25, 1.75, 1],
							"uv": {
								"east": {"uv": [3, 20], "uv_size": [1, 1.75]},
								"south": {"uv": [28, 33], "uv_size": [0.25, 1.75]},
								"west": {"uv": [30, 28], "uv_size": [1, 1.75]},
								"up": {"uv": [22, 34], "uv_size": [0.25, 1]},
								"down": {"uv": [23, 35], "uv_size": [0.25, -1]}
							}
						},
						{
							"origin": [-0.5, 5.75, 4.5],
							"size": [1, 3.25, 0.25],
							"uv": {
								"north": {"uv": [7, 9], "uv_size": [1, 3.25]},
								"south": {"uv": [22, 27], "uv_size": [1, 3.25]}
							}
						},
						{
							"origin": [-0.75, 8.5, 1.25],
							"size": [0.25, 0.25, 3.5],
							"uv": {
								"north": {"uv": [38, 11], "uv_size": [0.25, 0.25]},
								"east": {"uv": [31, 24], "uv_size": [3.5, 0.25]},
								"west": {"uv": [31, 30], "uv_size": [3.5, 0.25]},
								"down": {"uv": [31, 34.5], "uv_size": [0.25, -3.5]}
							}
						},
						{
							"origin": [-0.75, 7.5, 1.25],
							"size": [0.25, 1, 0.5],
							"uv": {
								"north": {"uv": [34, 23], "uv_size": [0.25, 1]},
								"east": {"uv": [7, 33], "uv_size": [0.5, 1]},
								"south": {"uv": [24, 34], "uv_size": [0.25, 1]},
								"west": {"uv": [33, 7], "uv_size": [0.5, 1]}
							}
						},
						{
							"origin": [-0.75, 7.5, 4.5],
							"size": [0.25, 1, 0.25],
							"uv": {
								"north": {"uv": [34, 28], "uv_size": [0.25, 1]},
								"east": {"uv": [29, 34], "uv_size": [0.25, 1]},
								"west": {"uv": [34, 29], "uv_size": [0.25, 1]}
							}
						},
						{
							"origin": [-0.749, 8.125, 4.5],
							"size": [0.25, 0.25, 0.25],
							"pivot": [-0.625, 8.25, 4.25],
							"rotation": [45, 0, 0],
							"uv": {
								"north": {"uv": [12, 38], "uv_size": [0.25, 0.25]},
								"east": {"uv": [38, 12], "uv_size": [0.25, 0.25]},
								"west": {"uv": [13, 38], "uv_size": [0.25, 0.25]}
							}
						},
						{
							"origin": [-0.749, 8.125, 1.5],
							"size": [0.25, 0.25, 0.25],
							"pivot": [-0.625, 8.25, 2],
							"rotation": [-45, 0, 0],
							"uv": {
								"east": {"uv": [38, 13], "uv_size": [0.25, 0.25]},
								"south": {"uv": [14, 38], "uv_size": [0.25, 0.25]},
								"west": {"uv": [15, 38], "uv_size": [0.25, 0.25]}
							}
						},
						{
							"origin": [-0.749, 7.625, 1.5],
							"size": [0.25, 0.25, 0.25],
							"pivot": [-0.625, 7.75, 2],
							"rotation": [45, 0, 0],
							"uv": {
								"east": {"uv": [16, 38], "uv_size": [0.25, 0.25]},
								"south": {"uv": [38, 16], "uv_size": [0.25, 0.25]},
								"west": {"uv": [17, 38], "uv_size": [0.25, 0.25]}
							}
						},
						{
							"origin": [-0.749, 7.625, 4.5],
							"size": [0.25, 0.25, 0.25],
							"pivot": [-0.625, 7.75, 4.25],
							"rotation": [-45, 0, 0],
							"uv": {
								"north": {"uv": [38, 17], "uv_size": [0.25, 0.25]},
								"east": {"uv": [18, 38], "uv_size": [0.25, 0.25]},
								"west": {"uv": [38, 18], "uv_size": [0.25, 0.25]}
							}
						},
						{
							"origin": [-0.75, 6.25, 1.25],
							"size": [0.25, 1.25, 2.5],
							"uv": {
								"north": {"uv": [34, 11], "uv_size": [0.25, 1.25]},
								"east": {"uv": [26, 23], "uv_size": [2.5, 1.25]},
								"west": {"uv": [23, 27], "uv_size": [2.5, 1.25]},
								"up": {"uv": [10, 32], "uv_size": [0.25, 2.5]},
								"down": {"uv": [32, 18.5], "uv_size": [0.25, -2.5]}
							}
						},
						{
							"origin": [-0.5, 6.25, 1.25],
							"size": [1, 2.5, 0.25],
							"uv": {
								"north": {"uv": [5, 29], "uv_size": [1, 2.5]},
								"south": {"uv": [6, 29], "uv_size": [1, 2.5]},
								"up": {"uv": [30, 34], "uv_size": [1, 0.25]},
								"down": {"uv": [34, 31.25], "uv_size": [1, -0.25]}
							}
						},
						{
							"origin": [0.5, 7.875, -8.75],
							"size": [0.25, 0.75, 4],
							"uv": {
								"north": {"uv": [32, 35], "uv_size": [0.25, 0.75]},
								"east": {"uv": [28, 2], "uv_size": [4, 0.75]},
								"west": {"uv": [3, 28], "uv_size": [4, 0.75]},
								"down": {"uv": [13, 35], "uv_size": [0.25, -4]}
							}
						},
						{
							"origin": [0.5, 6.625, -8.75],
							"size": [0.25, 1.25, 1.25],
							"uv": {
								"north": {"uv": [15, 34], "uv_size": [0.25, 1.25]},
								"east": {"uv": [3, 31], "uv_size": [1.25, 1.25]},
								"south": {"uv": [16, 34], "uv_size": [0.25, 1.25]},
								"west": {"uv": [31, 4], "uv_size": [1.25, 1.25]}
							}
						},
						{
							"origin": [-0.75, 6.625, -8.75],
							"size": [0.25, 1.25, 1.25],
							"uv": {
								"north": {"uv": [34, 16], "uv_size": [0.25, 1.25]},
								"east": {"uv": [31, 6], "uv_size": [1.25, 1.25]},
								"south": {"uv": [34, 18], "uv_size": [0.25, 1.25]},
								"west": {"uv": [7, 31], "uv_size": [1.25, 1.25]}
							}
						},
						{
							"origin": [-0.8125, 6.875, -8.5],
							"size": [0.25, 0.25, 0.25],
							"pivot": [-0.6875, 7, -8.375],
							"rotation": [-45, 0, 0],
							"uv": {
								"north": {"uv": [19, 38], "uv_size": [0.25, 0.25]},
								"east": {"uv": [38, 19], "uv_size": [0.25, 0.25]},
								"south": {"uv": [20, 38], "uv_size": [0.25, 0.25]},
								"up": {"uv": [38, 20], "uv_size": [0.25, 0.25]},
								"down": {"uv": [21, 38.25], "uv_size": [0.25, -0.25]}
							}
						},
						{
							"origin": [0.5625, 6.875, -8.5],
							"size": [0.25, 0.25, 0.25],
							"pivot": [0.6875, 7, -8.375],
							"rotation": [-45, 0, 0],
							"uv": {
								"north": {"uv": [22, 38], "uv_size": [0.25, 0.25]},
								"south": {"uv": [23, 38], "uv_size": [0.25, 0.25]},
								"west": {"uv": [38, 23], "uv_size": [0.25, 0.25]},
								"up": {"uv": [24, 38], "uv_size": [0.25, 0.25]},
								"down": {"uv": [38, 24.25], "uv_size": [0.25, -0.25]}
							}
						},
						{
							"origin": [-0.749, 6.7955, -8.41161],
							"size": [0.25, 1.76777, 1],
							"pivot": [-0.625, 7.4205, -7.91161],
							"rotation": [-45, 0, 0],
							"uv": {
								"east": {"uv": [29, 30], "uv_size": [1, 1.75]},
								"south": {"uv": [33, 28], "uv_size": [0.25, 1.75]},
								"west": {"uv": [30, 30], "uv_size": [1, 1.75]}
							}
						},
						{
							"origin": [0.499, 6.7955, -8.41161],
							"size": [0.25, 1.76777, 1],
							"pivot": [0.625, 7.4205, -7.91161],
							"rotation": [-45, 0, 0],
							"uv": {
								"east": {"uv": [1, 31], "uv_size": [1, 1.75]},
								"south": {"uv": [32, 33], "uv_size": [0.25, 1.75]},
								"west": {"uv": [2, 31], "uv_size": [1, 1.75]}
							}
						},
						{
							"origin": [-0.75, 7.875, -8.75],
							"size": [0.25, 0.75, 4],
							"uv": {
								"north": {"uv": [35, 32], "uv_size": [0.25, 0.75]},
								"east": {"uv": [28, 3], "uv_size": [4, 0.75]},
								"west": {"uv": [18, 28], "uv_size": [4, 0.75]},
								"down": {"uv": [14, 35], "uv_size": [0.25, -4]}
							}
						},
						{
							"origin": [-0.75, 8.375, -4.75],
							"size": [0.25, 0.25, 0.5],
							"uv": {
								"east": {"uv": [36, 24], "uv_size": [0.5, 0.25]},
								"south": {"uv": [25, 38], "uv_size": [0.25, 0.25]},
								"west": {"uv": [28, 36], "uv_size": [0.5, 0.25]}
							}
						},
						{
							"origin": [0.5, 8.375, -4.75],
							"size": [0.25, 0.25, 0.5],
							"uv": {
								"east": {"uv": [36, 28], "uv_size": [0.5, 0.25]},
								"south": {"uv": [38, 25], "uv_size": [0.25, 0.25]},
								"west": {"uv": [29, 36], "uv_size": [0.5, 0.25]}
							}
						},
						{
							"origin": [-0.749, 7.88128, -4.61872],
							"size": [0.25, 0.70711, 0.35355],
							"pivot": [0, 8.46339, -4.51517],
							"rotation": [-45, 0, 0],
							"uv": {
								"east": {"uv": [33, 35], "uv_size": [0.25, 0.75]},
								"south": {"uv": [35, 33], "uv_size": [0.25, 0.75]},
								"west": {"uv": [34, 35], "uv_size": [0.25, 0.75]}
							}
						},
						{
							"origin": [0.499, 7.88128, -4.61872],
							"size": [0.25, 0.70711, 0.35355],
							"pivot": [0, 8.46339, -4.51517],
							"rotation": [-45, 0, 0],
							"uv": {
								"east": {"uv": [35, 34], "uv_size": [0.25, 0.75]},
								"south": {"uv": [35, 35], "uv_size": [0.25, 0.75]},
								"west": {"uv": [0, 36], "uv_size": [0.25, 0.75]}
							}
						},
						{
							"origin": [-1, 5.25, 1],
							"size": [2, 1, 4],
							"pivot": [0, 6.75, 4.5],
							"rotation": [-5, 0, 0],
							"uv": {
								"north": {"uv": [29, 18], "uv_size": [2, 1]},
								"east": {"uv": [18, 24], "uv_size": [4, 1]},
								"south": {"uv": [29, 19], "uv_size": [2, 1]},
								"west": {"uv": [22, 24], "uv_size": [4, 1]},
								"up": {"uv": [8, 0], "uv_size": [2, 4]},
								"down": {"uv": [1, 12], "uv_size": [2, -4]}
							}
						},
						{
							"origin": [-1, 6.51258, 0.98589],
							"size": [2, 0.75, 1.5],
							"pivot": [0, 6.71969, 1.48589],
							"rotation": [-5, 0, 0],
							"uv": {
								"north": {"uv": [9, 31], "uv_size": [2, 0.75]},
								"east": {"uv": [31, 10], "uv_size": [1.5, 0.75]},
								"west": {"uv": [31, 11], "uv_size": [1.5, 0.75]},
								"up": {"uv": [28, 25], "uv_size": [2, 1.5]}
							}
						},
						{
							"origin": [-0.999, 6.21894, 1.96777],
							"size": [1.998, 0.75, 1.25],
							"pivot": [-0.001, 6.46894, 2.46777],
							"rotation": [-50, 0, 0],
							"uv": {
								"east": {"uv": [23, 31], "uv_size": [1.25, 0.75]},
								"west": {"uv": [31, 23], "uv_size": [1.25, 0.75]},
								"up": {"uv": [7, 29], "uv_size": [2, 1.25]}
							}
						},
						{
							"origin": [-0.25, 5.5, 5],
							"size": [0.5, 0.25, 2],
							"uv": {
								"east": {"uv": [33, 8], "uv_size": [2, 0.25]},
								"west": {"uv": [33, 9], "uv_size": [2, 0.25]},
								"up": {"uv": [31, 16], "uv_size": [0.5, 2]},
								"down": {"uv": [31, 20], "uv_size": [0.5, -2]}
							}
						},
						{
							"origin": [-0.25, 6.08211, 6.65533],
							"size": [0.5, 0.25, 0.75],
							"pivot": [0.125, 6.20711, 7.53033],
							"rotation": [45, 0, 0],
							"uv": {
								"east": {"uv": [36, 0], "uv_size": [0.75, 0.25]},
								"west": {"uv": [1, 36], "uv_size": [0.75, 0.25]},
								"up": {"uv": [33, 23], "uv_size": [0.5, 0.75]},
								"down": {"uv": [33, 33.75], "uv_size": [0.5, -0.75]}
							}
						},
						{
							"origin": [-0.25, 6.1705, 4.63128],
							"size": [0.5, 0.25, 0.75],
							"pivot": [0.125, 6.2955, 4.38128],
							"rotation": [-45, 0, 0],
							"uv": {
								"east": {"uv": [36, 1], "uv_size": [0.75, 0.25]},
								"west": {"uv": [2, 36], "uv_size": [0.75, 0.25]},
								"up": {"uv": [34, 0], "uv_size": [0.5, 0.75]},
								"down": {"uv": [34, 1.75], "uv_size": [0.5, -0.75]}
							}
						},
						{
							"origin": [-0.2589, 7.625, 9.75],
							"size": [0.5178, 1.25, 0.25],
							"uv": {
								"south": {"uv": [32, 2], "uv_size": [0.5, 1.25]},
								"up": {"uv": [36, 29], "uv_size": [0.5, 0.25]},
								"down": {"uv": [30, 36.25], "uv_size": [0.5, -0.25]}
							}
						},
						{
							"origin": [-0.5, 8.75, 1.25],
							"size": [1, 0.25, 8.5],
							"uv": {
								"north": {"uv": [34, 32], "uv_size": [1, 0.25]},
								"south": {"uv": [33, 34], "uv_size": [1, 0.25]},
								"up": {"uv": [7, 0], "uv_size": [1, 8.5]},
								"down": {"uv": [0, 16.5], "uv_size": [1, -8.5]}
							}
						},
						{
							"origin": [-0.25, 9, -8.75],
							"size": [0.5, 0.25, 18.5],
							"uv": {
								"north": {"uv": [36, 30], "uv_size": [0.5, 0.25]},
								"east": {"uv": [23, 21], "uv_size": [18.5, 0.25]},
								"south": {"uv": [31, 36], "uv_size": [0.5, 0.25]},
								"west": {"uv": [23, 22], "uv_size": [18.5, 0.25]},
								"down": {"uv": [6, 18.5], "uv_size": [0.5, -18.5]}
							}
						},
						{
							"origin": [-0.375, 9.25, -8.75],
							"size": [0.75, 0.25, 18.5],
							"uv": {
								"north": {"uv": [36, 2], "uv_size": [0.75, 0.25]},
								"east": {"uv": [24, 14], "uv_size": [18.5, 0.25]},
								"south": {"uv": [3, 36], "uv_size": [0.75, 0.25]},
								"west": {"uv": [24, 15], "uv_size": [18.5, 0.25]},
								"up": {"uv": [4, 0], "uv_size": [0.75, 18.5]},
								"down": {"uv": [5, 18.5], "uv_size": [0.75, -18.5]}
							}
						},
						{
							"origin": [4.01669, 10.99219, 1.25],
							"size": [0.35355, 0.25, 8.5],
							"pivot": [4.64169, 4.24219, 0],
							"rotation": [0, 0, -45],
							"uv": {
								"north": {"uv": [26, 38], "uv_size": [0.25, 0.25]},
								"south": {"uv": [38, 26], "uv_size": [0.25, 0.25]},
								"up": {"uv": [18, 29], "uv_size": [0.25, 8.5]},
								"down": {"uv": [19, 37.5], "uv_size": [0.25, -8.5]}
							}
						},
						{
							"origin": [-4.37024, 10.99219, 1.25],
							"size": [0.35355, 0.25, 8.5],
							"pivot": [-4.64169, 4.24219, 0],
							"rotation": [0, 0, 45],
							"uv": {
								"north": {"uv": [27, 38], "uv_size": [0.25, 0.25]},
								"south": {"uv": [38, 27], "uv_size": [0.25, 0.25]},
								"up": {"uv": [20, 29], "uv_size": [0.25, 8.5]},
								"down": {"uv": [21, 37.5], "uv_size": [0.25, -8.5]}
							}
						},
						{
							"origin": [3.96491, 10.99219, -8.75],
							"size": [0.53033, 0.25, 4.5],
							"pivot": [4.76669, 4.24219, -7],
							"rotation": [0, 0, -45],
							"uv": {
								"north": {"uv": [36, 31], "uv_size": [0.5, 0.25]},
								"south": {"uv": [32, 36], "uv_size": [0.5, 0.25]},
								"up": {"uv": [15, 29], "uv_size": [0.5, 4.5]}
							}
						},
						{
							"origin": [-0.375, 8.75, -8.75],
							"size": [0.75, 0.25, 4.5],
							"uv": {
								"north": {"uv": [36, 3], "uv_size": [0.75, 0.25]},
								"south": {"uv": [4, 36], "uv_size": [0.75, 0.25]},
								"up": {"uv": [6, 19], "uv_size": [0.75, 4.5]}
							}
						},
						{
							"origin": [-4.49524, 10.99219, -8.75],
							"size": [0.53033, 0.25, 4.5],
							"pivot": [-4.76669, 4.24219, -7],
							"rotation": [0, 0, 45],
							"uv": {
								"north": {"uv": [36, 32], "uv_size": [0.5, 0.25]},
								"south": {"uv": [33, 36], "uv_size": [0.5, 0.25]},
								"up": {"uv": [16, 29], "uv_size": [0.5, 4.5]}
							}
						},
						{
							"origin": [-4.49524, 4.00781, -8.75],
							"size": [0.53033, 0.25, 1.25],
							"pivot": [-4.76669, 11.00781, -10],
							"rotation": [0, 0, -45],
							"uv": {
								"north": {"uv": [36, 33], "uv_size": [0.5, 0.25]},
								"south": {"uv": [34, 36], "uv_size": [0.5, 0.25]},
								"down": {"uv": [32, 20.25], "uv_size": [0.5, -1.25]}
							}
						},
						{
							"origin": [-0.375, 6.25, -8.75],
							"size": [0.75, 0.25, 1.25],
							"uv": {
								"north": {"uv": [36, 4], "uv_size": [0.75, 0.25]},
								"south": {"uv": [5, 36], "uv_size": [0.75, 0.25]},
								"down": {"uv": [31, 29.25], "uv_size": [0.75, -1.25]}
							}
						},
						{
							"origin": [3.96491, 4.00781, -8.75],
							"size": [0.53033, 0.25, 1.25],
							"pivot": [4.76669, 11.00781, -10],
							"rotation": [0, 0, 45],
							"uv": {
								"north": {"uv": [36, 34], "uv_size": [0.5, 0.25]},
								"south": {"uv": [35, 36], "uv_size": [0.5, 0.25]},
								"down": {"uv": [22, 33.25], "uv_size": [0.5, -1.25]}
							}
						},
						{
							"origin": [-0.2589, 7.625, 9.75],
							"size": [0.5178, 1.25, 0.25],
							"pivot": [0, 8.25, 9.875],
							"rotation": [0, 0, 45],
							"uv": {
								"south": {"uv": [23, 32], "uv_size": [0.5, 1.25]},
								"up": {"uv": [36, 35], "uv_size": [0.5, 0.25]},
								"down": {"uv": [36, 36.25], "uv_size": [0.5, -0.25]}
							}
						},
						{
							"origin": [-0.2589, 7.625, 9.75],
							"size": [0.5178, 1.25, 0.25],
							"pivot": [0, 8.25, 9.875],
							"rotation": [0, 0, 90],
							"uv": {
								"south": {"uv": [24, 32], "uv_size": [0.5, 1.25]},
								"up": {"uv": [0, 37], "uv_size": [0.5, 0.25]},
								"down": {"uv": [37, 0.25], "uv_size": [0.5, -0.25]}
							}
						},
						{
							"origin": [-0.2589, 7.625, 9.75],
							"size": [0.5178, 1.25, 0.25],
							"pivot": [0, 8.25, 9.875],
							"rotation": [0, 0, 135],
							"uv": {
								"south": {"uv": [32, 28], "uv_size": [0.5, 1.25]},
								"up": {"uv": [1, 37], "uv_size": [0.5, 0.25]},
								"down": {"uv": [37, 1.25], "uv_size": [0.5, -0.25]}
							}
						},
						{
							"origin": [-0.125, 6.5, 6.5],
							"size": [0.25, 0.75, 0.25],
							"uv": {
								"north": {"uv": [36, 5], "uv_size": [0.25, 0.75]},
								"east": {"uv": [6, 36], "uv_size": [0.25, 0.75]},
								"south": {"uv": [36, 6], "uv_size": [0.25, 0.75]},
								"west": {"uv": [7, 36], "uv_size": [0.25, 0.75]}
							}
						},
						{
							"origin": [-0.125, 6.04513, 6.4072],
							"size": [0.25, 0.5, 0.25],
							"pivot": [0.125, 6.17013, 6.5322],
							"rotation": [-15, 0, 0],
							"uv": {
								"north": {"uv": [2, 37], "uv_size": [0.25, 0.5]},
								"east": {"uv": [37, 2], "uv_size": [0.25, 0.5]},
								"south": {"uv": [3, 37], "uv_size": [0.25, 0.5]},
								"west": {"uv": [37, 3], "uv_size": [0.25, 0.5]},
								"down": {"uv": [28, 38.25], "uv_size": [0.25, -0.25]}
							}
						},
						{
							"origin": [-0.5, 9.125, 8.25],
							"size": [1, 0.5, 1],
							"uv": {
								"north": {"uv": [8, 33], "uv_size": [1, 0.5]},
								"east": {"uv": [33, 10], "uv_size": [1, 0.5]},
								"south": {"uv": [33, 11], "uv_size": [1, 0.5]},
								"west": {"uv": [33, 16], "uv_size": [1, 0.5]},
								"up": {"uv": [9, 13], "uv_size": [1, 1]},
								"down": {"uv": [25, 24], "uv_size": [1, -1]}
							}
						},
						{
							"origin": [0.375, 9.625, 8.25],
							"size": [0.125, 0.375, 0.625],
							"uv": {
								"north": {"uv": [4, 37], "uv_size": [0.25, 0.5]},
								"east": {"uv": [2, 34], "uv_size": [0.75, 0.5]},
								"south": {"uv": [37, 4], "uv_size": [0.25, 0.5]},
								"west": {"uv": [34, 2], "uv_size": [0.75, 0.5]},
								"up": {"uv": [36, 7], "uv_size": [0.25, 0.75]},
								"down": {"uv": [8, 36.75], "uv_size": [0.25, -0.75]}
							}
						},
						{
							"origin": [0.374, 9.52589, 8.67862],
							"size": [0.125, 0.375, 0.53033],
							"pivot": [0, 9.71339, 8.89645],
							"rotation": [-45, 0, 0],
							"uv": {
								"north": {"uv": [5, 37], "uv_size": [0.25, 0.5]},
								"east": {"uv": [34, 33], "uv_size": [0.5, 0.5]},
								"south": {"uv": [37, 5], "uv_size": [0.25, 0.5]},
								"west": {"uv": [34, 34], "uv_size": [0.5, 0.5]},
								"up": {"uv": [6, 37], "uv_size": [0.25, 0.5]},
								"down": {"uv": [37, 6.5], "uv_size": [0.25, -0.5]}
							}
						},
						{
							"origin": [0.25, 9.75, 8.5625],
							"size": [0.125, 0.25, 0.125],
							"uv": {
								"north": {"uv": [38, 28], "uv_size": [0.25, 0.25]},
								"east": {"uv": [29, 38], "uv_size": [0.25, 0.25]},
								"south": {"uv": [38, 29], "uv_size": [0.25, 0.25]},
								"west": {"uv": [30, 38], "uv_size": [0.25, 0.25]},
								"up": {"uv": [38, 30], "uv_size": [0.25, 0.25]},
								"down": {"uv": [31, 38.25], "uv_size": [0.25, -0.25]}
							}
						},
						{
							"origin": [-0.375, 9.625, 8.5625],
							"size": [0.75, 0.125, 0.125],
							"uv": {
								"north": {"uv": [36, 8], "uv_size": [0.75, 0.25]},
								"east": {"uv": [38, 31], "uv_size": [0.25, 0.25]},
								"south": {"uv": [9, 36], "uv_size": [0.75, 0.25]},
								"west": {"uv": [32, 38], "uv_size": [0.25, 0.25]},
								"up": {"uv": [36, 9], "uv_size": [0.75, 0.25]},
								"down": {"uv": [10, 36.25], "uv_size": [0.75, -0.25]}
							}
						},
						{
							"origin": [-0.375, 9.75, 8.5625],
							"size": [0.125, 0.25, 0.125],
							"uv": {
								"north": {"uv": [38, 32], "uv_size": [0.25, 0.25]},
								"east": {"uv": [33, 38], "uv_size": [0.25, 0.25]},
								"south": {"uv": [38, 33], "uv_size": [0.25, 0.25]},
								"west": {"uv": [34, 38], "uv_size": [0.25, 0.25]},
								"up": {"uv": [38, 34], "uv_size": [0.25, 0.25]},
								"down": {"uv": [35, 38.25], "uv_size": [0.25, -0.25]}
							}
						},
						{
							"origin": [-0.5, 9.625, 8.25],
							"size": [0.125, 0.375, 0.625],
							"uv": {
								"north": {"uv": [7, 37], "uv_size": [0.25, 0.5]},
								"east": {"uv": [3, 34], "uv_size": [0.75, 0.5]},
								"south": {"uv": [37, 7], "uv_size": [0.25, 0.5]},
								"west": {"uv": [34, 3], "uv_size": [0.75, 0.5]},
								"up": {"uv": [36, 10], "uv_size": [0.25, 0.75]},
								"down": {"uv": [11, 36.75], "uv_size": [0.25, -0.75]}
							}
						},
						{
							"origin": [-0.499, 9.52589, 8.67862],
							"size": [0.125, 0.375, 0.53033],
							"pivot": [0, 9.71339, 8.89645],
							"rotation": [-45, 0, 0],
							"uv": {
								"north": {"uv": [8, 37], "uv_size": [0.25, 0.5]},
								"east": {"uv": [0, 35], "uv_size": [0.5, 0.5]},
								"south": {"uv": [37, 8], "uv_size": [0.25, 0.5]},
								"west": {"uv": [35, 0], "uv_size": [0.5, 0.5]},
								"up": {"uv": [9, 37], "uv_size": [0.25, 0.5]},
								"down": {"uv": [37, 9.5], "uv_size": [0.25, -0.5]}
							}
						},
						{
							"origin": [-0.5, 9.125, -8.25],
							"size": [1, 0.5, 1],
							"uv": {
								"north": {"uv": [33, 17], "uv_size": [1, 0.5]},
								"east": {"uv": [33, 18], "uv_size": [1, 0.5]},
								"south": {"uv": [33, 19], "uv_size": [1, 0.5]},
								"west": {"uv": [33, 20], "uv_size": [1, 0.5]},
								"up": {"uv": [31, 12], "uv_size": [1, 1]},
								"down": {"uv": [22, 32], "uv_size": [1, -1]}
							}
						},
						{
							"origin": [0.375, 9.625, -8.25],
							"size": [0.125, 0.375, 0.625],
							"uv": {
								"north": {"uv": [10, 37], "uv_size": [0.25, 0.5]},
								"east": {"uv": [4, 34], "uv_size": [0.75, 0.5]},
								"south": {"uv": [37, 10], "uv_size": [0.25, 0.5]},
								"west": {"uv": [34, 4], "uv_size": [0.75, 0.5]},
								"up": {"uv": [36, 11], "uv_size": [0.25, 0.75]},
								"down": {"uv": [12, 36.75], "uv_size": [0.25, -0.75]}
							}
						},
						{
							"origin": [0.374, 9.52589, -7.82138],
							"size": [0.125, 0.375, 0.53033],
							"pivot": [0, 9.71339, -7.60355],
							"rotation": [-45, 0, 0],
							"uv": {
								"north": {"uv": [11, 37], "uv_size": [0.25, 0.5]},
								"east": {"uv": [1, 35], "uv_size": [0.5, 0.5]},
								"south": {"uv": [37, 11], "uv_size": [0.25, 0.5]},
								"west": {"uv": [35, 1], "uv_size": [0.5, 0.5]},
								"up": {"uv": [12, 37], "uv_size": [0.25, 0.5]},
								"down": {"uv": [37, 12.5], "uv_size": [0.25, -0.5]}
							}
						},
						{
							"origin": [-0.09375, 9.625, -8.03125],
							"size": [0.1875, 0.125, 0.1875],
							"pivot": [0, 9.8125, -7.9375],
							"rotation": [0, -45, 0],
							"uv": {
								"north": {"uv": [38, 35], "uv_size": [0.25, 0.25]},
								"east": {"uv": [36, 38], "uv_size": [0.25, 0.25]},
								"south": {"uv": [38, 36], "uv_size": [0.25, 0.25]},
								"west": {"uv": [37, 38], "uv_size": [0.25, 0.25]},
								"up": {"uv": [38, 37], "uv_size": [0.25, 0.25]},
								"down": {"uv": [38, 38.25], "uv_size": [0.25, -0.25]}
							}
						},
						{
							"origin": [-0.5, 9.625, -8.25],
							"size": [0.125, 0.375, 0.625],
							"uv": {
								"north": {"uv": [37, 16], "uv_size": [0.25, 0.5]},
								"east": {"uv": [34, 5], "uv_size": [0.75, 0.5]},
								"south": {"uv": [37, 17], "uv_size": [0.25, 0.5]},
								"west": {"uv": [34, 6], "uv_size": [0.75, 0.5]},
								"up": {"uv": [36, 12], "uv_size": [0.25, 0.75]},
								"down": {"uv": [13, 36.75], "uv_size": [0.25, -0.75]}
							}
						},
						{
							"origin": [-0.499, 9.52589, -7.82138],
							"size": [0.125, 0.375, 0.53033],
							"pivot": [0, 9.71339, -7.60355],
							"rotation": [-45, 0, 0],
							"uv": {
								"north": {"uv": [37, 18], "uv_size": [0.25, 0.5]},
								"east": {"uv": [2, 35], "uv_size": [0.5, 0.5]},
								"south": {"uv": [37, 19], "uv_size": [0.25, 0.5]},
								"west": {"uv": [35, 2], "uv_size": [0.5, 0.5]},
								"up": {"uv": [37, 20], "uv_size": [0.25, 0.5]},
								"down": {"uv": [22, 37.5], "uv_size": [0.25, -0.5]}
							}
						}
					]
				},
				{
					"name": "sight_illuminated",
					"parent": "body",
					"pivot": [0, 9.8125, -7.9375],
					"cubes": [
						{
							"origin": [-0.0625, 9.625, -8],
							"size": [0.125, 0.375, 0.125],
							"pivot": [0, 9.8125, -7.9375],
							"rotation": [0, -45, 0],
							"uv": {
								"north": {"uv": [13, 37], "uv_size": [0.25, 0.5]},
								"east": {"uv": [14, 37], "uv_size": [0.25, 0.5]},
								"south": {"uv": [15, 37], "uv_size": [0.25, 0.5]},
								"west": {"uv": [16, 37], "uv_size": [0.25, 0.5]},
								"up": {"uv": [0, 39], "uv_size": [0.25, 0.25]},
								"down": {"uv": [39, 0.25], "uv_size": [0.25, -0.25]}
							}
						}
					]
				},
				{
					"name": "barrel",
					"parent": "static",
					"pivot": [0, 8.25, -3.5],
					"cubes": [
						{
							"origin": [-0.65, 7.98076, 0.75],
							"size": [1.3, 0.53848, 0.5],
							"uv": {
								"north": {"uv": [32, 12], "uv_size": [1.25, 0.5]},
								"east": {"uv": [3, 35], "uv_size": [0.5, 0.5]},
								"west": {"uv": [35, 3], "uv_size": [0.5, 0.5]}
							}
						},
						{
							"origin": [-0.26924, 7.6, 0.75],
							"size": [0.53848, 1.3, 0.5],
							"pivot": [0, 8.25, -2.75],
							"rotation": [0, 0, 45],
							"uv": {
								"north": {"uv": [29, 32], "uv_size": [0.5, 1.25]},
								"up": {"uv": [4, 35], "uv_size": [0.5, 0.5]},
								"down": {"uv": [35, 4.5], "uv_size": [0.5, -0.5]}
							}
						},
						{
							"origin": [-0.26924, 7.6, 0.75],
							"size": [0.53848, 1.3, 0.5],
							"uv": {
								"north": {"uv": [30, 32], "uv_size": [0.5, 1.25]},
								"up": {"uv": [5, 35], "uv_size": [0.5, 0.5]},
								"down": {"uv": [35, 5.5], "uv_size": [0.5, -0.5]}
							}
						},
						{
							"origin": [-0.65, 7.98076, 0.75],
							"size": [1.3, 0.53848, 0.5],
							"pivot": [0, 8.25, -2.75],
							"rotation": [0, 0, 45],
							"uv": {
								"north": {"uv": [32, 31], "uv_size": [1.25, 0.5]},
								"east": {"uv": [6, 35], "uv_size": [0.5, 0.5]},
								"west": {"uv": [35, 6], "uv_size": [0.5, 0.5]}
							}
						},
						{
							"origin": [-0.65, 7.98076, -9],
							"size": [0.125, 0.53848, 0.5],
							"pivot": [0, 8.25, -12.25],
							"rotation": [0, 0, 45],
							"uv": {
								"north": {"uv": [23, 37], "uv_size": [0.25, 0.5]},
								"east": {"uv": [7, 35], "uv_size": [0.5, 0.5]}
							}
						},
						{
							"origin": [-0.65, 7.98076, -9],
							"size": [0.125, 0.53848, 0.5],
							"uv": {
								"north": {"uv": [37, 23], "uv_size": [0.25, 0.5]},
								"east": {"uv": [35, 7], "uv_size": [0.5, 0.5]}
							}
						},
						{
							"origin": [-0.26924, 7.6, -9],
							"size": [0.53848, 0.125, 0.5],
							"pivot": [0, 8.25, -12.25],
							"rotation": [0, 0, 45],
							"uv": {
								"north": {"uv": [24, 37], "uv_size": [0.5, 0.25]},
								"down": {"uv": [8, 35.5], "uv_size": [0.5, -0.5]}
							}
						},
						{
							"origin": [-0.26924, 8.775, -9],
							"size": [0.53848, 0.125, 0.5],
							"uv": {
								"north": {"uv": [37, 24], "uv_size": [0.5, 0.25]},
								"up": {"uv": [35, 8], "uv_size": [0.5, 0.5]}
							}
						},
						{
							"origin": [-0.26924, 7.6, -9],
							"size": [0.53848, 0.125, 0.5],
							"uv": {
								"north": {"uv": [28, 37], "uv_size": [0.5, 0.25]},
								"down": {"uv": [9, 35.5], "uv_size": [0.5, -0.5]}
							}
						},
						{
							"origin": [-0.26924, 8.775, -9],
							"size": [0.53848, 0.125, 0.5],
							"pivot": [0, 8.25, -12.25],
							"rotation": [0, 0, 45],
							"uv": {
								"north": {"uv": [37, 28], "uv_size": [0.5, 0.25]},
								"up": {"uv": [35, 9], "uv_size": [0.5, 0.5]}
							}
						},
						{
							"origin": [0.525, 7.98076, -9],
							"size": [0.125, 0.53848, 0.5],
							"uv": {
								"north": {"uv": [29, 37], "uv_size": [0.25, 0.5]},
								"west": {"uv": [10, 35], "uv_size": [0.5, 0.5]}
							}
						},
						{
							"origin": [0.525, 7.98076, -9],
							"size": [0.125, 0.53848, 0.5],
							"pivot": [0, 8.25, -12.25],
							"rotation": [0, 0, 45],
							"uv": {
								"north": {"uv": [37, 29], "uv_size": [0.25, 0.5]},
								"west": {"uv": [35, 10], "uv_size": [0.5, 0.5]}
							}
						},
						{
							"origin": [-0.65, 6.73076, -9],
							"size": [0.125, 0.53848, 0.5],
							"uv": {
								"north": {"uv": [30, 37], "uv_size": [0.25, 0.5]},
								"east": {"uv": [35, 11], "uv_size": [0.5, 0.5]}
							}
						},
						{
							"origin": [-0.65, 6.73076, -9],
							"size": [0.125, 0.53848, 0.5],
							"pivot": [0, 7, -12.25],
							"rotation": [0, 0, 45],
							"uv": {
								"north": {"uv": [37, 30], "uv_size": [0.25, 0.5]},
								"east": {"uv": [35, 12], "uv_size": [0.5, 0.5]}
							}
						},
						{
							"origin": [-0.26924, 7.525, -9],
							"size": [0.53848, 0.125, 0.5],
							"uv": {
								"north": {"uv": [31, 37], "uv_size": [0.5, 0.25]},
								"up": {"uv": [13, 35], "uv_size": [0.5, 0.5]}
							}
						},
						{
							"origin": [-0.26924, 7.525, -9],
							"size": [0.53848, 0.125, 0.5],
							"pivot": [0, 7, -12.25],
							"rotation": [0, 0, 45],
							"uv": {
								"north": {"uv": [37, 31], "uv_size": [0.5, 0.25]},
								"up": {"uv": [14, 35], "uv_size": [0.5, 0.5]}
							}
						},
						{
							"origin": [0.525, 6.73076, -9],
							"size": [0.125, 0.53848, 0.5],
							"uv": {
								"north": {"uv": [32, 37], "uv_size": [0.25, 0.5]},
								"west": {"uv": [35, 16], "uv_size": [0.5, 0.5]}
							}
						},
						{
							"origin": [0.525, 6.73076, -9],
							"size": [0.125, 0.53848, 0.5],
							"pivot": [0, 7, -12.25],
							"rotation": [0, 0, 45],
							"uv": {
								"north": {"uv": [37, 32], "uv_size": [0.25, 0.5]},
								"west": {"uv": [35, 17], "uv_size": [0.5, 0.5]}
							}
						},
						{
							"origin": [-0.26924, 6.35, -9],
							"size": [0.53848, 0.125, 0.5],
							"uv": {
								"north": {"uv": [33, 37], "uv_size": [0.5, 0.25]},
								"down": {"uv": [35, 18.5], "uv_size": [0.5, -0.5]}
							}
						},
						{
							"origin": [-0.26924, 6.35, -9],
							"size": [0.53848, 0.125, 0.5],
							"pivot": [0, 7, -12.25],
							"rotation": [0, 0, 45],
							"uv": {
								"north": {"uv": [37, 33], "uv_size": [0.5, 0.25]},
								"down": {"uv": [35, 19.5], "uv_size": [0.5, -0.5]}
							}
						},
						{
							"origin": [-0.233, 8.6875, -9.875],
							"size": [0.46599, 0.125, 11.75],
							"pivot": [0, 8.25, -2.75],
							"rotation": [0, 0, 45],
							"uv": {
								"north": {"uv": [34, 37], "uv_size": [0.5, 0.25]},
								"south": {"uv": [37, 34], "uv_size": [0.5, 0.25]},
								"up": {"uv": [3, 8], "uv_size": [0.5, 11.75]},
								"down": {"uv": [15, 25.75], "uv_size": [0.5, -11.75]}
							}
						},
						{
							"origin": [-0.233, 8.6875, -9.875],
							"size": [0.46599, 0.125, 11.75],
							"uv": {
								"north": {"uv": [35, 37], "uv_size": [0.5, 0.25]},
								"south": {"uv": [37, 35], "uv_size": [0.5, 0.25]},
								"up": {"uv": [1, 16], "uv_size": [0.5, 11.75]},
								"down": {"uv": [2, 27.75], "uv_size": [0.5, -11.75]}
							}
						},
						{
							"origin": [-0.5625, 8.017, -9.875],
							"size": [0.125, 0.46599, 11.75],
							"pivot": [0, 8.25, -2.75],
							"rotation": [0, 0, 45],
							"uv": {
								"north": {"uv": [36, 37], "uv_size": [0.25, 0.5]},
								"east": {"uv": [16, 0], "uv_size": [11.75, 0.5]},
								"south": {"uv": [37, 36], "uv_size": [0.25, 0.5]},
								"west": {"uv": [16, 1], "uv_size": [11.75, 0.5]}
							}
						},
						{
							"origin": [-0.5625, 8.017, -9.875],
							"size": [0.125, 0.46599, 11.75],
							"uv": {
								"north": {"uv": [37, 37], "uv_size": [0.25, 0.5]},
								"east": {"uv": [16, 2], "uv_size": [11.75, 0.5]},
								"south": {"uv": [0, 38], "uv_size": [0.25, 0.5]},
								"west": {"uv": [16, 3], "uv_size": [11.75, 0.5]}
							}
						},
						{
							"origin": [-0.233, 7.6875, -9.875],
							"size": [0.46599, 0.125, 11.75],
							"pivot": [0, 8.25, -2.75],
							"rotation": [0, 0, 45],
							"uv": {
								"north": {"uv": [38, 0], "uv_size": [0.5, 0.25]},
								"south": {"uv": [1, 38], "uv_size": [0.5, 0.25]},
								"up": {"uv": [16, 14], "uv_size": [0.5, 11.75]},
								"down": {"uv": [0, 28.75], "uv_size": [0.5, -11.75]}
							}
						},
						{
							"origin": [-0.233, 7.6875, -9.875],
							"size": [0.46599, 0.125, 11.75],
							"uv": {
								"north": {"uv": [38, 1], "uv_size": [0.5, 0.25]},
								"south": {"uv": [2, 38], "uv_size": [0.5, 0.25]},
								"up": {"uv": [17, 4], "uv_size": [0.5, 11.75]},
								"down": {"uv": [7, 28.75], "uv_size": [0.5, -11.75]}
							}
						},
						{
							"origin": [0.4375, 8.017, -9.875],
							"size": [0.125, 0.46599, 11.75],
							"pivot": [0, 8.25, -2.75],
							"rotation": [0, 0, 45],
							"uv": {
								"north": {"uv": [38, 2], "uv_size": [0.25, 0.5]},
								"east": {"uv": [17, 16], "uv_size": [11.75, 0.5]},
								"south": {"uv": [3, 38], "uv_size": [0.25, 0.5]},
								"west": {"uv": [17, 17], "uv_size": [11.75, 0.5]}
							}
						},
						{
							"origin": [0.4375, 8.017, -9.875],
							"size": [0.125, 0.46599, 11.75],
							"uv": {
								"north": {"uv": [38, 3], "uv_size": [0.25, 0.5]},
								"east": {"uv": [18, 4], "uv_size": [11.75, 0.5]},
								"south": {"uv": [4, 38], "uv_size": [0.25, 0.5]},
								"west": {"uv": [18, 5], "uv_size": [11.75, 0.5]}
							}
						},
						{
							"origin": [-0.5625, 6.767, -9.875],
							"size": [0.125, 0.46599, 11.125],
							"uv": {
								"north": {"uv": [38, 4], "uv_size": [0.25, 0.5]},
								"east": {"uv": [18, 6], "uv_size": [11.25, 0.5]},
								"west": {"uv": [18, 7], "uv_size": [11.25, 0.5]}
							}
						},
						{
							"origin": [-0.5625, 6.767, -9.875],
							"size": [0.125, 0.46599, 11.125],
							"pivot": [0, 7, -2.75],
							"rotation": [0, 0, 45],
							"uv": {
								"north": {"uv": [5, 38], "uv_size": [0.25, 0.5]},
								"east": {"uv": [18, 8], "uv_size": [11.25, 0.5]},
								"west": {"uv": [18, 9], "uv_size": [11.25, 0.5]}
							}
						},
						{
							"origin": [-0.233, 7.4375, -9.875],
							"size": [0.46599, 0.125, 11.125],
							"uv": {
								"north": {"uv": [38, 5], "uv_size": [0.5, 0.25]},
								"up": {"uv": [8, 17], "uv_size": [0.5, 11.25]},
								"down": {"uv": [9, 28.25], "uv_size": [0.5, -11.25]}
							}
						},
						{
							"origin": [-0.233, 7.4375, -9.875],
							"size": [0.46599, 0.125, 11.125],
							"pivot": [0, 7, -2.75],
							"rotation": [0, 0, 45],
							"uv": {
								"north": {"uv": [6, 38], "uv_size": [0.5, 0.25]},
								"up": {"uv": [10, 17], "uv_size": [0.5, 11.25]},
								"down": {"uv": [11, 28.25], "uv_size": [0.5, -11.25]}
							}
						},
						{
							"origin": [0.4375, 6.767, -9.875],
							"size": [0.125, 0.46599, 11.125],
							"uv": {
								"north": {"uv": [38, 6], "uv_size": [0.25, 0.5]},
								"east": {"uv": [18, 10], "uv_size": [11.25, 0.5]},
								"west": {"uv": [18, 11], "uv_size": [11.25, 0.5]}
							}
						},
						{
							"origin": [0.4375, 6.767, -9.875],
							"size": [0.125, 0.46599, 11.125],
							"pivot": [0, 7, -2.75],
							"rotation": [0, 0, 45],
							"uv": {
								"north": {"uv": [7, 38], "uv_size": [0.25, 0.5]},
								"east": {"uv": [18, 12], "uv_size": [11.25, 0.5]},
								"west": {"uv": [18, 13], "uv_size": [11.25, 0.5]}
							}
						},
						{
							"origin": [-0.233, 6.4375, -9.875],
							"size": [0.46599, 0.125, 11.125],
							"uv": {
								"north": {"uv": [38, 7], "uv_size": [0.5, 0.25]},
								"up": {"uv": [12, 17], "uv_size": [0.5, 11.25]},
								"down": {"uv": [13, 28.25], "uv_size": [0.5, -11.25]}
							}
						},
						{
							"origin": [-0.233, 6.4375, -9.875],
							"size": [0.46599, 0.125, 11.125],
							"pivot": [0, 7, -2.75],
							"rotation": [0, 0, 45],
							"uv": {
								"north": {"uv": [8, 38], "uv_size": [0.5, 0.25]},
								"up": {"uv": [14, 17], "uv_size": [0.5, 11.25]},
								"down": {"uv": [17, 29.25], "uv_size": [0.5, -11.25]}
							}
						},
						{
							"origin": [-0.65, 6.73076, 0.75],
							"size": [1.3, 0.53848, 0.5],
							"pivot": [0, 7, -2.75],
							"rotation": [0, 0, 45],
							"uv": {
								"north": {"uv": [32, 32], "uv_size": [1.25, 0.5]},
								"east": {"uv": [35, 20], "uv_size": [0.5, 0.5]},
								"west": {"uv": [22, 35], "uv_size": [0.5, 0.5]}
							}
						},
						{
							"origin": [-0.26924, 6.35, 0.75],
							"size": [0.53848, 1.3, 0.5],
							"uv": {
								"north": {"uv": [33, 0], "uv_size": [0.5, 1.25]},
								"up": {"uv": [23, 35], "uv_size": [0.5, 0.5]},
								"down": {"uv": [35, 23.5], "uv_size": [0.5, -0.5]}
							}
						},
						{
							"origin": [-0.26924, 6.35, 0.75],
							"size": [0.53848, 1.3, 0.5],
							"pivot": [0, 7, -2.75],
							"rotation": [0, 0, 45],
							"uv": {
								"north": {"uv": [1, 33], "uv_size": [0.5, 1.25]},
								"up": {"uv": [24, 35], "uv_size": [0.5, 0.5]},
								"down": {"uv": [35, 24.5], "uv_size": [0.5, -0.5]}
							}
						},
						{
							"origin": [-0.65, 6.73076, 0.75],
							"size": [1.3, 0.53848, 0.5],
							"uv": {
								"north": {"uv": [2, 33], "uv_size": [1.25, 0.5]},
								"east": {"uv": [28, 35], "uv_size": [0.5, 0.5]},
								"west": {"uv": [35, 28], "uv_size": [0.5, 0.5]}
							}
						}
					]
				},
				{
					"name": "gun_positioning",
					"parent": "gun",
					"pivot": [0, 0, 0]
				},
				{
					"name": "muzzle_flash",
					"parent": "gun_positioning",
					"pivot": [0, 8.25, -10.75]
				},
				{
					"name": "scope_pos",
					"parent": "gun_positioning",
					"pivot": [0, 9.5, 6]
				},
				{
					"name": "stock_pos",
					"parent": "gun_positioning",
					"pivot": [0, 8.25, 10]
				},
				{
					"name": "shell",
					"parent": "gun_positioning",
					"pivot": [0, 8, 3.125]
				},
				{
					"name": "constraint",
					"parent": "gun_positioning",
					"pivot": [0, 10, -11]
				},
				{
					"name": "pump",
					"parent": "gun",
					"pivot": [-0.039, 7.27422, -3.85022],
					"cubes": [
						{
							"origin": [0.499, 6.875, -7.14645],
							"size": [0.25, 0.70711, 0.5],
							"pivot": [0.625, 7.125, -6.89645],
							"rotation": [-45, 0, 0],
							"uv": {
								"north": {"uv": [14, 36], "uv_size": [0.25, 0.75]},
								"east": {"uv": [7, 34], "uv_size": [0.5, 0.75]},
								"west": {"uv": [34, 7], "uv_size": [0.5, 0.75]}
							}
						},
						{
							"origin": [-0.75, 6.625, -6.75],
							"size": [0.25, 1, 5],
							"uv": {
								"east": {"uv": [22, 18], "uv_size": [5, 1]},
								"south": {"uv": [29, 35], "uv_size": [0.25, 1]},
								"west": {"uv": [22, 19], "uv_size": [5, 1]},
								"up": {"uv": [11, 31], "uv_size": [0.25, 5]}
							}
						},
						{
							"origin": [-0.749, 6.875, -7.14645],
							"size": [0.25, 0.70711, 0.5],
							"pivot": [-0.625, 7.125, -6.89645],
							"rotation": [-45, 0, 0],
							"uv": {
								"north": {"uv": [15, 36], "uv_size": [0.25, 0.75]},
								"east": {"uv": [8, 34], "uv_size": [0.5, 0.75]},
								"west": {"uv": [34, 10], "uv_size": [0.5, 0.75]}
							}
						},
						{
							"origin": [-0.75, 6.625, -7.25],
							"size": [0.25, 0.5, 0.5],
							"uv": {
								"north": {"uv": [38, 8], "uv_size": [0.25, 0.5]},
								"east": {"uv": [35, 29], "uv_size": [0.5, 0.5]},
								"west": {"uv": [30, 35], "uv_size": [0.5, 0.5]}
							}
						},
						{
							"origin": [3.96491, 4.00781, -7.25],
							"size": [0.53033, 0.25, 5.5],
							"pivot": [4.76669, 11.00781, -8.5],
							"rotation": [0, 0, 45],
							"uv": {
								"north": {"uv": [9, 38], "uv_size": [0.5, 0.25]},
								"south": {"uv": [38, 9], "uv_size": [0.5, 0.25]},
								"down": {"uv": [28, 32.5], "uv_size": [0.5, -5.5]}
							}
						},
						{
							"origin": [-0.375, 6.25, -7.25],
							"size": [0.75, 0.25, 5.5],
							"uv": {
								"north": {"uv": [16, 36], "uv_size": [0.75, 0.25]},
								"south": {"uv": [36, 16], "uv_size": [0.75, 0.25]},
								"down": {"uv": [16, 11.5], "uv_size": [0.75, -5.5]}
							}
						},
						{
							"origin": [-4.49524, 4.00781, -7.25],
							"size": [0.53033, 0.25, 5.5],
							"pivot": [-4.76669, 11.00781, -8.5],
							"rotation": [0, 0, -45],
							"uv": {
								"north": {"uv": [10, 38], "uv_size": [0.5, 0.25]},
								"south": {"uv": [38, 10], "uv_size": [0.5, 0.25]},
								"down": {"uv": [0, 34.5], "uv_size": [0.5, -5.5]}
							}
						},
						{
							"origin": [0.5, 6.625, -6.75],
							"size": [0.25, 1, 5],
							"uv": {
								"east": {"uv": [22, 20], "uv_size": [5, 1]},
								"south": {"uv": [35, 30], "uv_size": [0.25, 1]},
								"west": {"uv": [20, 23], "uv_size": [5, 1]},
								"up": {"uv": [12, 31], "uv_size": [0.25, 5]}
							}
						},
						{
							"origin": [0.5, 6.625, -7.25],
							"size": [0.25, 0.5, 0.5],
							"uv": {
								"north": {"uv": [11, 38], "uv_size": [0.25, 0.5]},
								"east": {"uv": [31, 35], "uv_size": [0.5, 0.5]},
								"west": {"uv": [35, 31], "uv_size": [0.5, 0.5]}
							}
						},
						{
							"origin": [0.5, 7.5, -6],
							"size": [0.09375, 0.25, 7.25],
							"uv": {
								"east": {"uv": [30, 13], "uv_size": [7.25, 0.25]},
								"west": {"uv": [30, 25], "uv_size": [7.25, 0.25]},
								"up": {"uv": [17, 30], "uv_size": [0.25, 7.25]},
								"down": {"uv": [25, 37.25], "uv_size": [0.25, -7.25]}
							}
						},
						{
							"origin": [-0.59375, 7.5, -6],
							"size": [0.09375, 0.25, 7.25],
							"uv": {
								"east": {"uv": [30, 26], "uv_size": [7.25, 0.25]},
								"west": {"uv": [30, 27], "uv_size": [7.25, 0.25]},
								"up": {"uv": [26, 30], "uv_size": [0.25, 7.25]},
								"down": {"uv": [27, 37.25], "uv_size": [0.25, -7.25]}
							}
						},
						{
							"origin": [0.5, 5.04657, -5.02665],
							"size": [0.09375, 0.17678, 0.17678],
							"pivot": [0, 5.09835, -8.47487],
							"rotation": [45, 0, 0],
							"uv": {
								"north": {"uv": [1, 39], "uv_size": [0.25, 0.25]},
								"east": {"uv": [39, 1], "uv_size": [0.25, 0.25]},
								"west": {"uv": [2, 39], "uv_size": [0.25, 0.25]},
								"up": {"uv": [39, 2], "uv_size": [0.25, 0.25]}
							}
						},
						{
							"origin": [-0.59375, 5.04657, -5.02665],
							"size": [0.09375, 0.17678, 0.17678],
							"pivot": [0, 5.09835, -8.47487],
							"rotation": [45, 0, 0],
							"uv": {
								"north": {"uv": [3, 39], "uv_size": [0.25, 0.25]},
								"east": {"uv": [39, 3], "uv_size": [0.25, 0.25]},
								"west": {"uv": [4, 39], "uv_size": [0.25, 0.25]},
								"up": {"uv": [39, 4], "uv_size": [0.25, 0.25]}
							}
						}
					]
				},
				{
					"name": "bolt",
					"parent": "gun",
					"pivot": [-0.0625, 8.125, 3.125],
					"cubes": [
						{
							"origin": [-0.625, 7.5, 1.75],
							"size": [1.125, 1.25, 2.75],
							"uv": {
								"north": {"uv": [31, 8], "uv_size": [1.25, 1.25]},
								"east": {"uv": [22, 25], "uv_size": [2.75, 1.25]},
								"west": {"uv": [25, 25], "uv_size": [2.75, 1.25]},
								"up": {"uv": [15, 26], "uv_size": [1.25, 2.75]},
								"down": {"uv": [27, 20.75], "uv_size": [1.25, -2.75]}
							}
						}
					]
				},
				{
					"name": "mag",
					"parent": "root",
					"pivot": [0, 6.5, 3]
				},
				{
					"name": "mab",
					"parent": "mag",
					"pivot": [0, 6.5, 3]
				},
				{
					"name": "magazine",
					"parent": "mab",
					"pivot": [0, 6.5, 3],
					"rotation": [-5, 0, 0],
					"cubes": [
						{
							"origin": [-0.625, 5.38397, 1.71739],
							"size": [1.25, 2, 3],
							"pivot": [-0.5, 4.38397, 3.71739],
							"rotation": [5, 0, 0],
							"uv": {
								"north": {"uv": [9, 29], "uv_size": [1.25, 2]},
								"east": {"uv": [17, 12], "uv_size": [-3, 2]},
								"south": {"uv": [11, 29], "uv_size": [1.25, 2]},
								"west": {"uv": [14, 12], "uv_size": [3, 2]},
								"up": {"uv": [18, 25], "uv_size": [1.25, 3]},
								"down": {"uv": [20, 28], "uv_size": [1.25, -3]}
							}
						},
						{
							"origin": [-0.82843, 1.46732, 1.6244],
							"size": [1.65685, 4, 3],
							"pivot": [0, 3.46732, 3.12643],
							"rotation": [0, 0, 45],
							"uv": {
								"north": {"uv": [10, 0], "uv_size": [1.75, 4]},
								"south": {"uv": [10, 8], "uv_size": [1.75, 4]},
								"up": {"uv": [18, 18], "uv_size": [1.75, 3]},
								"down": {"uv": [4, 22], "uv_size": [1.75, -3]}
							}
						},
						{
							"origin": [-0.82843, 1.46732, 1.62643],
							"size": [1.65685, 4, 3],
							"uv": {
								"north": {"uv": [12, 0], "uv_size": [1.75, 4]},
								"south": {"uv": [1, 12], "uv_size": [1.75, 4]},
								"up": {"uv": [20, 18], "uv_size": [1.75, 3]},
								"down": {"uv": [18, 24], "uv_size": [1.75, -3]}
							}
						},
						{
							"origin": [-2, 2.63889, 1.6244],
							"size": [4, 1.65685, 3],
							"pivot": [0, 3.46732, 3.12643],
							"rotation": [0, 0, 45],
							"uv": {
								"north": {"uv": [12, 8], "uv_size": [4, 1.75]},
								"east": {"uv": [18, 14], "uv_size": [3, 1.75]},
								"south": {"uv": [10, 12], "uv_size": [4, 1.75]},
								"west": {"uv": [21, 14], "uv_size": [3, 1.75]}
							}
						},
						{
							"origin": [-2, 2.63889, 1.62643],
							"size": [4, 1.65685, 3],
							"uv": {
								"north": {"uv": [12, 10], "uv_size": [4, 1.75]},
								"east": {"uv": [20, 21], "uv_size": [3, 1.75]},
								"south": {"uv": [13, 4], "uv_size": [4, 1.75]},
								"west": {"uv": [3, 22], "uv_size": [3, 1.75]}
							}
						},
						{
							"origin": [-2, 1.46732, 1.6284],
							"size": [4, 4, 2.992],
							"uv": {
								"north": {"uv": [0, 0], "uv_size": [4, 4]},
								"south": {"uv": [0, 4], "uv_size": [4, 4]}
							}
						}
					]
				},
				{
					"name": "bullet_in_mag",
					"parent": "mab",
					"pivot": [0, 7.32949, 3.68648],
					"cubes": [
						{
							"origin": [-0.3125, 7.01699, 1.78023],
							"size": [0.625, 0.625, 2.5],
							"pivot": [0, 7.32949, 3.68648],
							"rotation": [0, 0, -45],
							"uv": {
								"north": {"uv": [33, 2], "uv_size": [0.75, 0.75]},
								"east": {"uv": [29, 20], "uv_size": [2.5, 0.75]},
								"west": {"uv": [25, 29], "uv_size": [2.5, 0.75]},
								"up": {"uv": [29, 27], "uv_size": [0.75, 2.5]},
								"down": {"uv": [30, 6.5], "uv_size": [0.75, -2.5]}
							}
						},
						{
							"origin": [-0.375, 6.95449, 4.28023],
							"size": [0.75, 0.75, 0.125],
							"pivot": [0, 7.32949, 3.68648],
							"rotation": [0, 0, -45],
							"uv": {
								"north": {"uv": [33, 3], "uv_size": [0.75, 0.75]},
								"east": {"uv": [36, 17], "uv_size": [0.25, 0.75]},
								"south": {"uv": [4, 33], "uv_size": [0.75, 0.75]},
								"west": {"uv": [36, 18], "uv_size": [0.25, 0.75]},
								"up": {"uv": [36, 19], "uv_size": [0.75, 0.25]},
								"down": {"uv": [36, 20.25], "uv_size": [0.75, -0.25]}
							}
						}
					]
				},
				{
					"name": "bullet_new_mag",
					"parent": "mab",
					"pivot": [0, 7.32949, 3.68648],
					"cubes": [
						{
							"origin": [-0.3125, 7.01699, 1.78023],
							"size": [0.625, 0.625, 2.5],
							"pivot": [0, 7.32949, 3.68648],
							"rotation": [0, 0, -45],
							"uv": {
								"north": {"uv": [33, 4], "uv_size": [0.75, 0.75]},
								"east": {"uv": [30, 0], "uv_size": [2.5, 0.75]},
								"west": {"uv": [30, 1], "uv_size": [2.5, 0.75]},
								"up": {"uv": [30, 7], "uv_size": [0.75, 2.5]},
								"down": {"uv": [30, 12.5], "uv_size": [0.75, -2.5]}
							}
						},
						{
							"origin": [-0.375, 6.95449, 4.28023],
							"size": [0.75, 0.75, 0.125],
							"pivot": [0, 7.32949, 3.68648],
							"rotation": [0, 0, -45],
							"uv": {
								"north": {"uv": [33, 5], "uv_size": [0.75, 0.75]},
								"east": {"uv": [22, 36], "uv_size": [0.25, 0.75]},
								"south": {"uv": [33, 6], "uv_size": [0.75, 0.75]},
								"west": {"uv": [23, 36], "uv_size": [0.25, 0.75]},
								"up": {"uv": [36, 23], "uv_size": [0.75, 0.25]},
								"down": {"uv": [24, 36.25], "uv_size": [0.75, -0.25]}
							}
						}
					]
				},
				{
					"name": "left",
					"parent": "mag",
					"pivot": [-6, 11, 0]
				},
				{
					"name": "lefthand_pos",
					"parent": "left",
					"pivot": [0, 0, 0],
					"cubes": [
						{
							"origin": [-8, 0, -2],
							"size": [4, 12, 4],
							"uv": {
								"north": {"uv": [0, 0], "uv_size": [4, 12]},
								"west": {"uv": [0, 0], "uv_size": [4, 12]},
								"up": {"uv": [4, 4], "uv_size": [-4, -4]}
							}
						}
					]
				},
				{
					"name": "right",
					"parent": "root",
					"pivot": [6, 11, 0]
				},
				{
					"name": "righthand_pos",
					"parent": "right",
					"pivot": [0, 0, 0],
					"cubes": [
						{
							"origin": [4, 0, -2],
							"size": [4, 12, 4],
							"uv": {
								"north": {"uv": [0, 0], "uv_size": [4, 12]},
								"east": {"uv": [0, 0], "uv_size": [4, 12]},
								"up": {"uv": [4, 4], "uv_size": [-4, -4]}
							}
						}
					]
				},
				{
					"name": "positioning",
					"pivot": [0, 0, 0]
				},
				{
					"name": "thirdperson_hand",
					"parent": "positioning",
					"pivot": [0, 6.75, 6.5]
				},
				{
					"name": "ground",
					"parent": "positioning",
					"pivot": [0, 1, 0]
				},
				{
					"name": "fixed",
					"parent": "positioning",
					"pivot": [-1, 6, 2],
					"rotation": [0, -90, 0]
				},
				{
					"name": "view",
					"pivot": [0, 0, 0]
				},
				{
					"name": "idle_view",
					"parent": "view",
					"pivot": [3, 12.25, 15]
				},
				{
					"name": "iron_view",
					"parent": "view",
					"pivot": [0, 10, 12]
				},
				{
					"name": "refit_view",
					"parent": "view",
					"pivot": [16, 6, 3],
					"rotation": [0, 90, 0]
				},
				{
					"name": "refit_stock_view",
					"parent": "view",
					"pivot": [9, 8, 13.6],
					"rotation": [0, 90, 0]
				},
				{
					"name": "refit_scope_view",
					"parent": "view",
					"pivot": [8, 12.5, 11.3],
					"rotation": [0, 50, 0]
				},
				{
					"name": "camera",
					"pivot": [3, 12.25, 15]
				}
			]
		}
	]
}