{
	"format_version": "1.12.0",
	"minecraft:geometry": [
		{
			"description": {
				"identifier": "geometry.unknown",
				"texture_width": 64,
				"texture_height": 64,
				"visible_bounds_width": 3,
				"visible_bounds_height": 2.5,
				"visible_bounds_offset": [0, 0.75, 0]
			},
			"bones": [
				{
					"name": "positioning2",
					"pivot": [0, 0, 0]
				},
				{
					"name": "thirdperson_hand",
					"parent": "positioning2",
					"pivot": [0, 11.25, 0.5]
				},
				{
					"name": "ground",
					"parent": "positioning2",
					"pivot": [0, 1, -5]
				},
				{
					"name": "fixed",
					"parent": "positioning2",
					"pivot": [-1, 6, -5],
					"rotation": [0, -90, 0]
				},
				{
					"name": "view",
					"pivot": [0, 0, 0]
				},
				{
					"name": "idle_view",
					"parent": "view",
					"pivot": [5, 15, 16]
				},
				{
					"name": "iron_view",
					"parent": "view",
					"pivot": [5, 15, 13]
				},
				{
					"name": "refit_view",
					"parent": "view",
					"pivot": [24, 12, -20],
					"rotation": [-167.5, 67.5, 180]
				},
				{
					"name": "camera",
					"pivot": [5, 15, 16]
				},
				{
					"name": "root",
					"pivot": [0, 10, 1.75]
				},
				{
					"name": "gun",
					"parent": "root",
					"pivot": [0, 10, 1.75]
				},
				{
					"name": "static",
					"parent": "gun",
					"pivot": [0, 0, 0]
				},
				{
					"name": "body",
					"parent": "static",
					"pivot": [0, 0, 0],
					"cubes": [
						{
							"origin": [-1.25, 2.25, -1.5],
							"size": [2.5, 5, 12],
							"uv": {
								"north": {"uv": [10, 17], "uv_size": [2.5, 5]},
								"east": {"uv": [0, 0], "uv_size": [12, 5]},
								"west": {"uv": [0, 5], "uv_size": [12, 5]},
								"up": {"uv": [14, 14], "uv_size": [2.5, 12]},
								"down": {"uv": [0, 29], "uv_size": [2.5, -12]}
							}
						},
						{
							"origin": [-1.75, 5.25, 9.5],
							"size": [0.5, 1, 5],
							"uv": {
								"east": {"uv": [25, 26], "uv_size": [5, 1]},
								"west": {"uv": [14, 27], "uv_size": [5, 1]},
								"up": {"uv": [1, 31], "uv_size": [0.5, 5]},
								"down": {"uv": [19, 36], "uv_size": [0.5, -5]}
							}
						},
						{
							"origin": [-1.25, 5.25, 14.5],
							"size": [2.5, 1, 0.5],
							"uv": {
								"north": {"uv": [30, 26], "uv_size": [2.5, 1]},
								"south": {"uv": [31, 0], "uv_size": [2.5, 1]},
								"up": {"uv": [35, 21], "uv_size": [2.5, 0.5]},
								"down": {"uv": [35, 24.5], "uv_size": [2.5, -0.5]}
							}
						},
						{
							"origin": [-1.93934, 5.251, 14.95711],
							"size": [0.70711, 0.998, 0.5],
							"pivot": [-0.68934, 5.75, 15.20711],
							"rotation": [0, -45, 0],
							"uv": {
								"north": {"uv": [36, 14], "uv_size": [0.75, 1]},
								"south": {"uv": [36, 15], "uv_size": [0.75, 1]},
								"up": {"uv": [34, 36], "uv_size": [0.75, 0.5]},
								"down": {"uv": [36, 34.5], "uv_size": [0.75, -0.5]}
							}
						},
						{
							"origin": [1.23223, 5.251, 14.95711],
							"size": [0.70711, 0.998, 0.5],
							"pivot": [0.68934, 5.75, 15.20711],
							"rotation": [0, 45, 0],
							"uv": {
								"north": {"uv": [36, 16], "uv_size": [0.75, 1]},
								"south": {"uv": [19, 36], "uv_size": [0.75, 1]},
								"up": {"uv": [35, 36], "uv_size": [0.75, 0.5]},
								"down": {"uv": [36, 35.5], "uv_size": [0.75, -0.5]}
							}
						},
						{
							"origin": [-1.75, 1.75, 7.5],
							"size": [0.5, 2.5, 1],
							"uv": {
								"north": {"uv": [15, 35], "uv_size": [0.5, 2.5]},
								"east": {"uv": [31, 1], "uv_size": [1, 2.5]},
								"south": {"uv": [18, 35], "uv_size": [0.5, 2.5]},
								"west": {"uv": [31, 11], "uv_size": [1, 2.5]}
							}
						},
						{
							"origin": [-1.749, 3.43414, 8.46967],
							"size": [0.5, 2.82842, 1],
							"pivot": [-0.001, 5.01256, 8.96967],
							"rotation": [-45, 0, 0],
							"uv": {
								"north": {"uv": [35, 3], "uv_size": [0.5, 2.75]},
								"east": {"uv": [30, 30], "uv_size": [1, 2.75]},
								"south": {"uv": [4, 35], "uv_size": [0.5, 2.75]}
							}
						},
						{
							"origin": [1.25, 5.25, 9.5],
							"size": [0.5, 1, 5],
							"uv": {
								"east": {"uv": [27, 18], "uv_size": [5, 1]},
								"west": {"uv": [27, 19], "uv_size": [5, 1]},
								"up": {"uv": [25, 31], "uv_size": [0.5, 5]},
								"down": {"uv": [26, 36], "uv_size": [0.5, -5]}
							}
						},
						{
							"origin": [1.249, 3.43414, 8.46967],
							"size": [0.5, 2.82842, 1],
							"pivot": [0.001, 5.01256, 8.96967],
							"rotation": [-45, 0, 0],
							"uv": {
								"north": {"uv": [5, 35], "uv_size": [0.5, 2.75]},
								"south": {"uv": [6, 35], "uv_size": [0.5, 2.75]},
								"west": {"uv": [0, 31], "uv_size": [1, 2.75]}
							}
						},
						{
							"origin": [1.25, 1.75, 7.5],
							"size": [0.5, 2.5, 1],
							"uv": {
								"north": {"uv": [23, 35], "uv_size": [0.5, 2.5]},
								"east": {"uv": [31, 20], "uv_size": [1, 2.5]},
								"south": {"uv": [24, 35], "uv_size": [0.5, 2.5]},
								"west": {"uv": [27, 31], "uv_size": [1, 2.5]}
							}
						},
						{
							"origin": [-1.25, 1.25, 7.5],
							"size": [2.5, 0.5, 1],
							"uv": {
								"north": {"uv": [35, 25], "uv_size": [2.5, 0.5]},
								"south": {"uv": [35, 27], "uv_size": [2.5, 0.5]},
								"up": {"uv": [31, 14], "uv_size": [2.5, 1]},
								"down": {"uv": [31, 24], "uv_size": [2.5, -1]}
							}
						},
						{
							"origin": [1.23223, 0.79289, 7.501],
							"size": [0.70711, 0.5, 0.998],
							"pivot": [0.68934, 1.04289, 8],
							"rotation": [0, 0, -45],
							"uv": {
								"north": {"uv": [36, 36], "uv_size": [0.75, 0.5]},
								"south": {"uv": [1, 37], "uv_size": [0.75, 0.5]},
								"up": {"uv": [20, 36], "uv_size": [0.75, 1]},
								"down": {"uv": [21, 37], "uv_size": [0.75, -1]}
							}
						},
						{
							"origin": [-1.93934, 0.79289, 7.501],
							"size": [0.70711, 0.5, 0.998],
							"pivot": [-0.68934, 1.04289, 8],
							"rotation": [0, 0, 45],
							"uv": {
								"north": {"uv": [37, 1], "uv_size": [0.75, 0.5]},
								"south": {"uv": [2, 37], "uv_size": [0.75, 0.5]},
								"up": {"uv": [22, 36], "uv_size": [0.75, 1]},
								"down": {"uv": [36, 23], "uv_size": [0.75, -1]}
							}
						},
						{
							"origin": [1.25, 5, -1.25],
							"size": [0.5, 2, 6.75],
							"uv": {
								"north": {"uv": [35, 28], "uv_size": [0.5, 2]},
								"south": {"uv": [35, 30], "uv_size": [0.5, 2]},
								"west": {"uv": [3, 17], "uv_size": [6.75, 2]},
								"up": {"uv": [18, 28], "uv_size": [0.5, 6.75]},
								"down": {"uv": [2, 35.75], "uv_size": [0.5, -6.75]}
							}
						},
						{
							"origin": [1.25, 2.75, -1.25],
							"size": [0.5, 2, 6.75],
							"uv": {
								"north": {"uv": [32, 35], "uv_size": [0.5, 2]},
								"south": {"uv": [35, 32], "uv_size": [0.5, 2]},
								"west": {"uv": [17, 14], "uv_size": [6.75, 2]},
								"up": {"uv": [21, 29], "uv_size": [0.5, 6.75]},
								"down": {"uv": [22, 35.75], "uv_size": [0.5, -6.75]}
							}
						},
						{
							"origin": [-1.5, 5.25, -1.25],
							"size": [0.25, 1.5, 0.25],
							"uv": {
								"north": {"uv": [3, 37], "uv_size": [0.25, 1.5]},
								"east": {"uv": [37, 6], "uv_size": [0.25, 1.5]},
								"south": {"uv": [7, 37], "uv_size": [0.25, 1.5]}
							}
						},
						{
							"origin": [-1.5, 3, -1.25],
							"size": [0.25, 1.5, 0.25],
							"uv": {
								"north": {"uv": [8, 37], "uv_size": [0.25, 1.5]},
								"east": {"uv": [37, 8], "uv_size": [0.25, 1.5]},
								"south": {"uv": [9, 37], "uv_size": [0.25, 1.5]}
							}
						},
						{
							"origin": [-1.5, 5.25, 5.25],
							"size": [0.25, 1.5, 0.25],
							"uv": {
								"north": {"uv": [13, 37], "uv_size": [0.25, 1.5]},
								"east": {"uv": [37, 13], "uv_size": [0.25, 1.5]},
								"south": {"uv": [14, 37], "uv_size": [0.25, 1.5]}
							}
						},
						{
							"origin": [-1.5, 3, 5.25],
							"size": [0.25, 1.5, 0.25],
							"uv": {
								"north": {"uv": [37, 15], "uv_size": [0.25, 1.5]},
								"east": {"uv": [37, 17], "uv_size": [0.25, 1.5]},
								"south": {"uv": [19, 37], "uv_size": [0.25, 1.5]}
							}
						},
						{
							"origin": [-1.5, 2.75, -1.25],
							"size": [0.25, 0.25, 6.75],
							"uv": {
								"north": {"uv": [24, 38], "uv_size": [0.25, 0.25]},
								"east": {"uv": [33, 26], "uv_size": [6.75, 0.25]},
								"south": {"uv": [38, 24], "uv_size": [0.25, 0.25]},
								"up": {"uv": [33, 27], "uv_size": [0.25, 6.75]},
								"down": {"uv": [30, 39.75], "uv_size": [0.25, -6.75]}
							}
						},
						{
							"origin": [-1.5, 5, -1.25],
							"size": [0.25, 0.25, 6.75],
							"uv": {
								"north": {"uv": [25, 38], "uv_size": [0.25, 0.25]},
								"east": {"uv": [34, 0], "uv_size": [6.75, 0.25]},
								"south": {"uv": [38, 25], "uv_size": [0.25, 0.25]},
								"up": {"uv": [0, 34], "uv_size": [0.25, 6.75]},
								"down": {"uv": [16, 40.75], "uv_size": [0.25, -6.75]}
							}
						},
						{
							"origin": [-1.5, 4.5, -1.25],
							"size": [0.25, 0.25, 6.75],
							"uv": {
								"north": {"uv": [26, 38], "uv_size": [0.25, 0.25]},
								"east": {"uv": [34, 11], "uv_size": [6.75, 0.25]},
								"south": {"uv": [38, 27], "uv_size": [0.25, 0.25]},
								"up": {"uv": [17, 34], "uv_size": [0.25, 6.75]},
								"down": {"uv": [27, 40.75], "uv_size": [0.25, -6.75]}
							}
						},
						{
							"origin": [-1.5, 6.75, -1.25],
							"size": [0.25, 0.25, 6.75],
							"uv": {
								"north": {"uv": [38, 28], "uv_size": [0.25, 0.25]},
								"east": {"uv": [34, 12], "uv_size": [6.75, 0.25]},
								"south": {"uv": [29, 38], "uv_size": [0.25, 0.25]},
								"up": {"uv": [34, 27], "uv_size": [0.25, 6.75]},
								"down": {"uv": [28, 40.75], "uv_size": [0.25, -6.75]}
							}
						},
						{
							"origin": [-0.41421, 2.75, -2],
							"size": [0.82842, 2, 0.5],
							"pivot": [0, 3.75, -6.5],
							"rotation": [0, 0, 45],
							"uv": {
								"north": {"uv": [34, 14], "uv_size": [0.75, 2]},
								"up": {"uv": [37, 2], "uv_size": [0.75, 0.5]},
								"down": {"uv": [37, 10.5], "uv_size": [0.75, -0.5]}
							}
						},
						{
							"origin": [-0.41421, 2.75, -2],
							"size": [0.82842, 2, 0.5],
							"uv": {
								"north": {"uv": [34, 20], "uv_size": [0.75, 2]},
								"up": {"uv": [37, 19], "uv_size": [0.75, 0.5]},
								"down": {"uv": [20, 37.5], "uv_size": [0.75, -0.5]}
							}
						},
						{
							"origin": [-1, 3.33579, -2],
							"size": [2, 0.82842, 0.5],
							"pivot": [0, 3.75, -6.5],
							"rotation": [0, 0, 45],
							"uv": {
								"north": {"uv": [34, 16], "uv_size": [2, 0.75]},
								"east": {"uv": [37, 20], "uv_size": [0.5, 0.75]},
								"west": {"uv": [21, 37], "uv_size": [0.5, 0.75]}
							}
						},
						{
							"origin": [-1, 3.33579, -2],
							"size": [2, 0.82842, 0.5],
							"uv": {
								"north": {"uv": [34, 23], "uv_size": [2, 0.75]},
								"east": {"uv": [22, 37], "uv_size": [0.5, 0.75]},
								"west": {"uv": [37, 22], "uv_size": [0.5, 0.75]}
							}
						},
						{
							"origin": [-0.41421, 5, -2],
							"size": [0.82842, 2, 0.5],
							"pivot": [0, 6, -6.5],
							"rotation": [0, 0, 45],
							"uv": {
								"north": {"uv": [34, 24], "uv_size": [0.75, 2]},
								"up": {"uv": [29, 37], "uv_size": [0.75, 0.5]},
								"down": {"uv": [37, 29.5], "uv_size": [0.75, -0.5]}
							}
						},
						{
							"origin": [-0.41421, 5, -2],
							"size": [0.82842, 2, 0.5],
							"uv": {
								"north": {"uv": [29, 34], "uv_size": [0.75, 2]},
								"up": {"uv": [37, 30], "uv_size": [0.75, 0.5]},
								"down": {"uv": [31, 37.5], "uv_size": [0.75, -0.5]}
							}
						},
						{
							"origin": [-1, 5.58579, -2],
							"size": [2, 0.82842, 0.5],
							"pivot": [0, 6, -6.5],
							"rotation": [0, 0, 45],
							"uv": {
								"north": {"uv": [32, 34], "uv_size": [2, 0.75]},
								"east": {"uv": [32, 37], "uv_size": [0.5, 0.75]},
								"west": {"uv": [33, 37], "uv_size": [0.5, 0.75]}
							}
						},
						{
							"origin": [-1, 5.58579, -2],
							"size": [2, 0.82842, 0.5],
							"uv": {
								"north": {"uv": [34, 34], "uv_size": [2, 0.75]},
								"east": {"uv": [37, 33], "uv_size": [0.5, 0.75]},
								"west": {"uv": [34, 37], "uv_size": [0.5, 0.75]}
							}
						},
						{
							"origin": [-1.25, 4.25, 10.5],
							"size": [2.5, 3, 2],
							"uv": {
								"east": {"uv": [12, 7], "uv_size": [2, 3]},
								"south": {"uv": [7, 23], "uv_size": [2.5, 3]},
								"west": {"uv": [5, 25], "uv_size": [2, 3]},
								"up": {"uv": [27, 20], "uv_size": [2.5, 2]}
							}
						},
						{
							"origin": [-1.249, 3.25, 9.25736],
							"size": [2.498, 2, 2.82843],
							"pivot": [-0.001, 4.25, 11.08579],
							"rotation": [45, 0, 0],
							"uv": {
								"east": {"uv": [25, 10], "uv_size": [2.75, 2]},
								"west": {"uv": [25, 12], "uv_size": [2.75, 2]},
								"down": {"uv": [24, 20.75], "uv_size": [2.5, -2.75]}
							}
						},
						{
							"origin": [-0.626, 6.50646, 1.90062],
							"size": [1.252, 4.25, 1.75],
							"pivot": [0.375, 9.25646, 3.21312],
							"rotation": [22.5, 0, 0],
							"uv": {
								"north": {"uv": [25, 21], "uv_size": [1.25, 4.25]},
								"east": {"uv": [24.75, 24], "uv_size": [-1.75, 4.25]},
								"south": {"uv": [26, 0], "uv_size": [1.25, 4.25]},
								"west": {"uv": [23, 24], "uv_size": [1.75, 4.25]}
							}
						},
						{
							"origin": [-0.625, 9.5, 1.25],
							"size": [1.25, 1.75, 2],
							"uv": {
								"north": {"uv": [16, 32], "uv_size": [1.25, 1.75]},
								"east": {"uv": [2, 29], "uv_size": [-2, 1.75]},
								"south": {"uv": [32, 20], "uv_size": [1.25, 1.75]},
								"west": {"uv": [0, 29], "uv_size": [2, 1.75]},
								"down": {"uv": [31, 32], "uv_size": [1.25, -2]}
							}
						},
						{
							"origin": [-0.625, 11.25, -1],
							"size": [1.25, 0.5, 3.75],
							"uv": {
								"east": {"uv": [32, 22], "uv_size": [3.75, 0.5]},
								"west": {"uv": [33, 13], "uv_size": [3.75, 0.5]},
								"up": {"uv": [27, 27], "uv_size": [1.25, 3.75]},
								"down": {"uv": [28, 3.75], "uv_size": [1.25, -3.75]}
							}
						},
						{
							"origin": [-0.624, 9.9974, 2.02405],
							"size": [1.248, 0.5, 0.70711],
							"pivot": [-0.001, 10.2474, 3.89905],
							"rotation": [-45, 0, 0],
							"uv": {
								"east": {"uv": [37, 34], "uv_size": [0.75, 0.5]},
								"west": {"uv": [35, 37], "uv_size": [0.75, 0.5]},
								"up": {"uv": [36, 3], "uv_size": [1.25, 0.75]}
							}
						},
						{
							"origin": [-0.625, 7.25, -1.5],
							"size": [1.25, 4, 0.5],
							"uv": {
								"north": {"uv": [27, 22], "uv_size": [1.25, 4]},
								"east": {"uv": [20, 32], "uv_size": [0.5, 4]},
								"south": {"uv": [25, 27], "uv_size": [1.25, 4]},
								"west": {"uv": [31, 32], "uv_size": [0.5, 4]}
							}
						},
						{
							"origin": [-0.624, 10.59727, -0.42417],
							"size": [1.248, 0.70711, 0.5],
							"pivot": [-0.001, 12.22227, -0.17417],
							"rotation": [-45, 0, 0],
							"uv": {
								"north": {"uv": [36, 4], "uv_size": [1.25, 0.75]},
								"east": {"uv": [37, 35], "uv_size": [0.5, 0.75]},
								"south": {"uv": [36, 5], "uv_size": [1.25, 0.75]},
								"west": {"uv": [36, 37], "uv_size": [0.5, 0.75]}
							}
						},
						{
							"origin": [-0.3125, 6.89124, -0.05546],
							"size": [0.625, 0.70711, 0.25],
							"pivot": [-0.5, 7.09835, 3.44454],
							"rotation": [-45, 0, 0],
							"uv": {
								"north": {"uv": [36, 30], "uv_size": [0.75, 0.75]},
								"east": {"uv": [38, 5], "uv_size": [0.25, 0.75]},
								"south": {"uv": [31, 36], "uv_size": [0.75, 0.75]},
								"west": {"uv": [6, 38], "uv_size": [0.25, 0.75]}
							}
						},
						{
							"origin": [-0.3125, 9.25, -1],
							"size": [0.625, 0.25, 2],
							"uv": {
								"east": {"uv": [36, 31], "uv_size": [2, 0.25]},
								"west": {"uv": [36, 32], "uv_size": [2, 0.25]},
								"up": {"uv": [35, 1], "uv_size": [0.75, 2]},
								"down": {"uv": [3, 37], "uv_size": [0.75, -2]}
							}
						},
						{
							"origin": [-0.1875, 10.25, 0.5],
							"size": [0.375, 1, 0.25],
							"uv": {
								"north": {"uv": [33, 36], "uv_size": [0.5, 1]},
								"east": {"uv": [37, 36], "uv_size": [0.25, 1]},
								"south": {"uv": [36, 33], "uv_size": [0.5, 1]},
								"west": {"uv": [37, 37], "uv_size": [0.25, 1]}
							}
						},
						{
							"origin": [-0.1875, 9.79087, 0.43955],
							"size": [0.375, 0.5, 0.25],
							"pivot": [0, 10.04087, 0.56455],
							"rotation": [-15, 0, 0],
							"uv": {
								"north": {"uv": [1, 38], "uv_size": [0.5, 0.5]},
								"east": {"uv": [38, 22], "uv_size": [0.25, 0.5]},
								"south": {"uv": [38, 1], "uv_size": [0.5, 0.5]},
								"west": {"uv": [23, 38], "uv_size": [0.25, 0.5]},
								"down": {"uv": [38, 23.25], "uv_size": [0.5, -0.25]}
							}
						},
						{
							"origin": [-0.36244, 2.875, -6],
							"size": [0.72488, 1.75, 4],
							"pivot": [0, 3.75, -11],
							"rotation": [0, 0, 45],
							"uv": {
								"north": {"uv": [7, 35], "uv_size": [0.75, 1.75]},
								"up": {"uv": [29, 11], "uv_size": [0.75, 4]},
								"down": {"uv": [29, 26], "uv_size": [0.75, -4]}
							}
						},
						{
							"origin": [-0.36244, 2.875, -6],
							"size": [0.72488, 1.75, 4],
							"uv": {
								"north": {"uv": [8, 35], "uv_size": [0.75, 1.75]},
								"up": {"uv": [23, 29], "uv_size": [0.75, 4]},
								"down": {"uv": [24, 33], "uv_size": [0.75, -4]}
							}
						},
						{
							"origin": [-0.875, 3.38756, -6],
							"size": [1.75, 0.72488, 4],
							"pivot": [0, 3.75, -11],
							"rotation": [0, 0, 45],
							"uv": {
								"north": {"uv": [35, 6], "uv_size": [1.75, 0.75]},
								"east": {"uv": [28, 17], "uv_size": [4, 0.75]},
								"west": {"uv": [29, 27], "uv_size": [4, 0.75]}
							}
						},
						{
							"origin": [-0.875, 3.38756, -6],
							"size": [1.75, 0.72488, 4],
							"uv": {
								"north": {"uv": [35, 10], "uv_size": [1.75, 0.75]},
								"east": {"uv": [29, 28], "uv_size": [4, 0.75]},
								"west": {"uv": [29, 29], "uv_size": [4, 0.75]}
							}
						},
						{
							"origin": [-0.36244, 5.125, -6],
							"size": [0.72488, 1.75, 4],
							"pivot": [0, 6, -11],
							"rotation": [0, 0, 45],
							"uv": {
								"north": {"uv": [7, 35], "uv_size": [0.75, 1.75]},
								"up": {"uv": [29, 11], "uv_size": [0.75, 4]},
								"down": {"uv": [29, 26], "uv_size": [0.75, -4]}
							}
						},
						{
							"origin": [-0.36244, 5.125, -6],
							"size": [0.72488, 1.75, 4],
							"uv": {
								"north": {"uv": [8, 35], "uv_size": [0.75, 1.75]},
								"up": {"uv": [23, 29], "uv_size": [0.75, 4]},
								"down": {"uv": [24, 33], "uv_size": [0.75, -4]}
							}
						},
						{
							"origin": [-0.875, 5.63756, -6],
							"size": [1.75, 0.72488, 4],
							"pivot": [0, 6, -11],
							"rotation": [0, 0, 45],
							"uv": {
								"north": {"uv": [35, 6], "uv_size": [1.75, 0.75]},
								"east": {"uv": [28, 17], "uv_size": [4, 0.75]},
								"west": {"uv": [29, 27], "uv_size": [4, 0.75]}
							}
						},
						{
							"origin": [-0.875, 5.63756, -6],
							"size": [1.75, 0.72488, 4],
							"uv": {
								"north": {"uv": [35, 10], "uv_size": [1.75, 0.75]},
								"east": {"uv": [29, 28], "uv_size": [4, 0.75]},
								"west": {"uv": [29, 29], "uv_size": [4, 0.75]}
							}
						}
					]
				},
				{
					"name": "barrel_down",
					"parent": "static",
					"pivot": [0, 3.75, -12.5],
					"cubes": [
						{
							"origin": [-0.36244, 2.875, -13.5],
							"size": [0.72488, 1.75, 4],
							"uv": {
								"north": {"uv": [9, 35], "uv_size": [0.75, 1.75]},
								"south": {"uv": [13, 35], "uv_size": [0.75, 1.75]},
								"up": {"uv": [30, 0], "uv_size": [0.75, 4]},
								"down": {"uv": [30, 15], "uv_size": [0.75, -4]}
							}
						},
						{
							"origin": [-0.36244, 2.875, -13.5],
							"size": [0.72488, 1.75, 4],
							"pivot": [0, 3.75, -18.5],
							"rotation": [0, 0, 45],
							"uv": {
								"north": {"uv": [14, 35], "uv_size": [0.75, 1.75]},
								"south": {"uv": [35, 14], "uv_size": [0.75, 1.75]},
								"up": {"uv": [30, 20], "uv_size": [0.75, 4]},
								"down": {"uv": [29, 34], "uv_size": [0.75, -4]}
							}
						},
						{
							"origin": [-0.875, 3.38756, -13.5],
							"size": [1.75, 0.72488, 4],
							"uv": {
								"north": {"uv": [35, 17], "uv_size": [1.75, 0.75]},
								"east": {"uv": [30, 15], "uv_size": [4, 0.75]},
								"south": {"uv": [35, 18], "uv_size": [1.75, 0.75]},
								"west": {"uv": [30, 16], "uv_size": [4, 0.75]}
							}
						},
						{
							"origin": [-0.875, 3.38756, -13.5],
							"size": [1.75, 0.72488, 4],
							"pivot": [0, 3.75, -18.5],
							"rotation": [0, 0, 45],
							"uv": {
								"north": {"uv": [35, 19], "uv_size": [1.75, 0.75]},
								"east": {"uv": [30, 24], "uv_size": [4, 0.75]},
								"south": {"uv": [35, 20], "uv_size": [1.75, 0.75]},
								"west": {"uv": [30, 25], "uv_size": [4, 0.75]}
							}
						},
						{
							"origin": [-0.875, 3.38756, -25],
							"size": [0.25, 0.72488, 3],
							"uv": {
								"north": {"uv": [38, 6], "uv_size": [0.25, 0.75]},
								"east": {"uv": [32, 1], "uv_size": [3, 0.75]},
								"south": {"uv": [38, 7], "uv_size": [0.25, 0.75]},
								"west": {"uv": [32, 2], "uv_size": [3, 0.75]}
							}
						},
						{
							"origin": [-0.875, 3.38756, -25],
							"size": [0.25, 0.72488, 3],
							"pivot": [0, 3.75, -31],
							"rotation": [0, 0, 45],
							"uv": {
								"north": {"uv": [38, 8], "uv_size": [0.25, 0.75]},
								"east": {"uv": [3, 32], "uv_size": [3, 0.75]},
								"south": {"uv": [38, 9], "uv_size": [0.25, 0.75]},
								"west": {"uv": [32, 3], "uv_size": [3, 0.75]}
							}
						},
						{
							"origin": [-0.36244, 4.375, -25],
							"size": [0.72488, 0.25, 3],
							"uv": {
								"north": {"uv": [10, 38], "uv_size": [0.75, 0.25]},
								"south": {"uv": [38, 10], "uv_size": [0.75, 0.25]},
								"up": {"uv": [28, 31], "uv_size": [0.75, 3]},
								"down": {"uv": [6, 35], "uv_size": [0.75, -3]}
							}
						},
						{
							"origin": [-0.36244, 4.375, -25],
							"size": [0.72488, 0.25, 3],
							"pivot": [0, 3.75, -31],
							"rotation": [0, 0, 45],
							"uv": {
								"north": {"uv": [11, 38], "uv_size": [0.75, 0.25]},
								"south": {"uv": [12, 38], "uv_size": [0.75, 0.25]},
								"up": {"uv": [7, 32], "uv_size": [0.75, 3]},
								"down": {"uv": [8, 35], "uv_size": [0.75, -3]}
							}
						},
						{
							"origin": [-0.36244, 2.875, -25],
							"size": [0.72488, 0.25, 3],
							"pivot": [0, 3.75, -31],
							"rotation": [0, 0, 45],
							"uv": {
								"north": {"uv": [38, 13], "uv_size": [0.75, 0.25]},
								"south": {"uv": [38, 14], "uv_size": [0.75, 0.25]},
								"up": {"uv": [9, 32], "uv_size": [0.75, 3]},
								"down": {"uv": [32, 14], "uv_size": [0.75, -3]}
							}
						},
						{
							"origin": [-0.36244, 2.875, -25],
							"size": [0.72488, 0.25, 3],
							"uv": {
								"north": {"uv": [15, 38], "uv_size": [0.75, 0.25]},
								"south": {"uv": [38, 15], "uv_size": [0.75, 0.25]},
								"up": {"uv": [14, 32], "uv_size": [0.75, 3]},
								"down": {"uv": [15, 35], "uv_size": [0.75, -3]}
							}
						},
						{
							"origin": [0.625, 3.38756, -25],
							"size": [0.25, 0.72488, 3],
							"pivot": [0, 3.75, -31],
							"rotation": [0, 0, 45],
							"uv": {
								"north": {"uv": [38, 16], "uv_size": [0.25, 0.75]},
								"east": {"uv": [32, 5], "uv_size": [3, 0.75]},
								"south": {"uv": [38, 17], "uv_size": [0.25, 0.75]},
								"west": {"uv": [32, 17], "uv_size": [3, 0.75]}
							}
						},
						{
							"origin": [0.625, 3.38756, -25],
							"size": [0.25, 0.72488, 3],
							"uv": {
								"north": {"uv": [18, 38], "uv_size": [0.25, 0.75]},
								"east": {"uv": [32, 18], "uv_size": [3, 0.75]},
								"south": {"uv": [38, 18], "uv_size": [0.25, 0.75]},
								"west": {"uv": [32, 19], "uv_size": [3, 0.75]}
							}
						},
						{
							"origin": [-0.31066, 3, -22],
							"size": [0.62132, 1.5, 16],
							"pivot": [0, 3.75, -17],
							"rotation": [0, 0, 45],
							"uv": {
								"north": {"uv": [25, 36], "uv_size": [0.5, 1.5]},
								"up": {"uv": [13, 17], "uv_size": [0.5, 16]},
								"down": {"uv": [10, 38], "uv_size": [0.5, -16]}
							}
						},
						{
							"origin": [-0.31066, 3, -22],
							"size": [0.62132, 1.5, 16],
							"uv": {
								"north": {"uv": [26, 36], "uv_size": [0.5, 1.5]},
								"up": {"uv": [11, 22], "uv_size": [0.5, 16]},
								"down": {"uv": [12, 38], "uv_size": [0.5, -16]}
							}
						},
						{
							"origin": [-0.75, 3.43934, -22],
							"size": [1.5, 0.62132, 16],
							"pivot": [0, 3.75, -17],
							"rotation": [0, 0, 45],
							"uv": {
								"north": {"uv": [36, 23], "uv_size": [1.5, 0.5]},
								"east": {"uv": [19, 6], "uv_size": [16, 0.5]},
								"west": {"uv": [21, 7], "uv_size": [16, 0.5]}
							}
						},
						{
							"origin": [-0.75, 3.43934, -22],
							"size": [1.5, 0.62132, 16],
							"uv": {
								"north": {"uv": [36, 28], "uv_size": [1.5, 0.5]},
								"east": {"uv": [21, 8], "uv_size": [16, 0.5]},
								"west": {"uv": [21, 9], "uv_size": [16, 0.5]}
							}
						}
					]
				},
				{
					"name": "barrel_up",
					"parent": "static",
					"pivot": [0, 6, -12.5],
					"cubes": [
						{
							"origin": [-0.36244, 5.125, -13.5],
							"size": [0.72488, 1.75, 4],
							"uv": {
								"north": {"uv": [9, 35], "uv_size": [0.75, 1.75]},
								"south": {"uv": [13, 35], "uv_size": [0.75, 1.75]},
								"up": {"uv": [30, 0], "uv_size": [0.75, 4]},
								"down": {"uv": [30, 15], "uv_size": [0.75, -4]}
							}
						},
						{
							"origin": [-0.36244, 5.125, -13.5],
							"size": [0.72488, 1.75, 4],
							"pivot": [0, 6, -18.5],
							"rotation": [0, 0, 45],
							"uv": {
								"north": {"uv": [14, 35], "uv_size": [0.75, 1.75]},
								"south": {"uv": [35, 14], "uv_size": [0.75, 1.75]},
								"up": {"uv": [30, 20], "uv_size": [0.75, 4]},
								"down": {"uv": [29, 34], "uv_size": [0.75, -4]}
							}
						},
						{
							"origin": [-0.875, 5.63756, -13.5],
							"size": [1.75, 0.72488, 4],
							"uv": {
								"north": {"uv": [35, 17], "uv_size": [1.75, 0.75]},
								"east": {"uv": [30, 15], "uv_size": [4, 0.75]},
								"south": {"uv": [35, 18], "uv_size": [1.75, 0.75]},
								"west": {"uv": [30, 16], "uv_size": [4, 0.75]}
							}
						},
						{
							"origin": [-0.875, 5.63756, -13.5],
							"size": [1.75, 0.72488, 4],
							"pivot": [0, 6, -18.5],
							"rotation": [0, 0, 45],
							"uv": {
								"north": {"uv": [35, 19], "uv_size": [1.75, 0.75]},
								"east": {"uv": [30, 24], "uv_size": [4, 0.75]},
								"south": {"uv": [35, 20], "uv_size": [1.75, 0.75]},
								"west": {"uv": [30, 25], "uv_size": [4, 0.75]}
							}
						},
						{
							"origin": [-0.875, 5.63756, -25],
							"size": [0.25, 0.72488, 3],
							"uv": {
								"north": {"uv": [38, 6], "uv_size": [0.25, 0.75]},
								"east": {"uv": [32, 1], "uv_size": [3, 0.75]},
								"south": {"uv": [38, 7], "uv_size": [0.25, 0.75]},
								"west": {"uv": [32, 2], "uv_size": [3, 0.75]}
							}
						},
						{
							"origin": [-0.875, 5.63756, -25],
							"size": [0.25, 0.72488, 3],
							"pivot": [0, 6, -31],
							"rotation": [0, 0, 45],
							"uv": {
								"north": {"uv": [38, 8], "uv_size": [0.25, 0.75]},
								"east": {"uv": [3, 32], "uv_size": [3, 0.75]},
								"south": {"uv": [38, 9], "uv_size": [0.25, 0.75]},
								"west": {"uv": [32, 3], "uv_size": [3, 0.75]}
							}
						},
						{
							"origin": [-0.36244, 6.625, -25],
							"size": [0.72488, 0.25, 3],
							"uv": {
								"north": {"uv": [10, 38], "uv_size": [0.75, 0.25]},
								"south": {"uv": [38, 10], "uv_size": [0.75, 0.25]},
								"up": {"uv": [28, 31], "uv_size": [0.75, 3]},
								"down": {"uv": [6, 35], "uv_size": [0.75, -3]}
							}
						},
						{
							"origin": [-0.36244, 6.625, -25],
							"size": [0.72488, 0.25, 3],
							"pivot": [0, 6, -31],
							"rotation": [0, 0, 45],
							"uv": {
								"north": {"uv": [11, 38], "uv_size": [0.75, 0.25]},
								"south": {"uv": [12, 38], "uv_size": [0.75, 0.25]},
								"up": {"uv": [7, 32], "uv_size": [0.75, 3]},
								"down": {"uv": [8, 35], "uv_size": [0.75, -3]}
							}
						},
						{
							"origin": [-0.36244, 5.125, -25],
							"size": [0.72488, 0.25, 3],
							"pivot": [0, 6, -31],
							"rotation": [0, 0, 45],
							"uv": {
								"north": {"uv": [38, 13], "uv_size": [0.75, 0.25]},
								"south": {"uv": [38, 14], "uv_size": [0.75, 0.25]},
								"up": {"uv": [9, 32], "uv_size": [0.75, 3]},
								"down": {"uv": [32, 14], "uv_size": [0.75, -3]}
							}
						},
						{
							"origin": [-0.36244, 5.125, -25],
							"size": [0.72488, 0.25, 3],
							"uv": {
								"north": {"uv": [15, 38], "uv_size": [0.75, 0.25]},
								"south": {"uv": [38, 15], "uv_size": [0.75, 0.25]},
								"up": {"uv": [14, 32], "uv_size": [0.75, 3]},
								"down": {"uv": [15, 35], "uv_size": [0.75, -3]}
							}
						},
						{
							"origin": [0.625, 5.63756, -25],
							"size": [0.25, 0.72488, 3],
							"pivot": [0, 6, -31],
							"rotation": [0, 0, 45],
							"uv": {
								"north": {"uv": [38, 16], "uv_size": [0.25, 0.75]},
								"east": {"uv": [32, 5], "uv_size": [3, 0.75]},
								"south": {"uv": [38, 17], "uv_size": [0.25, 0.75]},
								"west": {"uv": [32, 17], "uv_size": [3, 0.75]}
							}
						},
						{
							"origin": [0.625, 5.63756, -25],
							"size": [0.25, 0.72488, 3],
							"uv": {
								"north": {"uv": [18, 38], "uv_size": [0.25, 0.75]},
								"east": {"uv": [32, 18], "uv_size": [3, 0.75]},
								"south": {"uv": [38, 18], "uv_size": [0.25, 0.75]},
								"west": {"uv": [32, 19], "uv_size": [3, 0.75]}
							}
						},
						{
							"origin": [-0.31066, 5.25, -22],
							"size": [0.62132, 1.5, 16],
							"pivot": [0, 6, -17],
							"rotation": [0, 0, 45],
							"uv": {
								"north": {"uv": [25, 36], "uv_size": [0.5, 1.5]},
								"up": {"uv": [13, 17], "uv_size": [0.5, 16]},
								"down": {"uv": [10, 38], "uv_size": [0.5, -16]}
							}
						},
						{
							"origin": [-0.31066, 5.25, -22],
							"size": [0.62132, 1.5, 16],
							"uv": {
								"north": {"uv": [26, 36], "uv_size": [0.5, 1.5]},
								"up": {"uv": [11, 22], "uv_size": [0.5, 16]},
								"down": {"uv": [12, 38], "uv_size": [0.5, -16]}
							}
						},
						{
							"origin": [-0.75, 5.68934, -22],
							"size": [1.5, 0.62132, 16],
							"pivot": [0, 6, -17],
							"rotation": [0, 0, 45],
							"uv": {
								"north": {"uv": [36, 23], "uv_size": [1.5, 0.5]},
								"east": {"uv": [19, 6], "uv_size": [16, 0.5]},
								"west": {"uv": [21, 7], "uv_size": [16, 0.5]}
							}
						},
						{
							"origin": [-0.75, 5.68934, -22],
							"size": [1.5, 0.62132, 16],
							"uv": {
								"north": {"uv": [36, 28], "uv_size": [1.5, 0.5]},
								"east": {"uv": [21, 8], "uv_size": [16, 0.5]},
								"west": {"uv": [21, 9], "uv_size": [16, 0.5]}
							}
						}
					]
				},
				{
					"name": "positioning",
					"parent": "static",
					"pivot": [0, 0, 0]
				},
				{
					"name": "shell",
					"parent": "positioning",
					"pivot": [0, 6, 2.125]
				},
				{
					"name": "muzzle_flash",
					"parent": "positioning",
					"pivot": [0, 6, -23]
				},
				{
					"name": "muzzle_pos",
					"parent": "positioning",
					"pivot": [0, 0, 0]
				},
				{
					"name": "mal",
					"parent": "gun",
					"pivot": [2.5, 5, 1.25]
				},
				{
					"name": "mag",
					"parent": "mal",
					"pivot": [2.5, 5, 1.25]
				},
				{
					"name": "mag_up",
					"parent": "mag",
					"pivot": [4.52344, 6.03125, 2.00781]
				},
				{
					"name": "mag_up_main",
					"parent": "mag_up",
					"pivot": [3.5, 9.25, 3.25],
					"cubes": [
						{
							"origin": [0.75, 5.25, -1],
							"size": [7, 1.5, 6.25],
							"uv": {
								"north": {"uv": [17, 16], "uv_size": [7, 1.5]},
								"east": {"uv": [3, 19], "uv_size": [6.25, 1.5]},
								"south": {"uv": [17, 18], "uv_size": [7, 1.5]},
								"west": {"uv": [19, 4], "uv_size": [6.25, 1.5]},
								"up": {"uv": [0, 10], "uv_size": [7, 6.25]},
								"down": {"uv": [7, 16.25], "uv_size": [7, -6.25]}
							}
						},
						{
							"origin": [2.25, 5, -1.25],
							"size": [1, 2, 4],
							"uv": {
								"north": {"uv": [32, 32], "uv_size": [1, 2]},
								"east": {"uv": [21, 10], "uv_size": [4, 2]},
								"south": {"uv": [3, 33], "uv_size": [1, 2]},
								"west": {"uv": [21, 12], "uv_size": [4, 2]},
								"up": {"uv": [19, 27], "uv_size": [1, 4]},
								"down": {"uv": [5, 32], "uv_size": [1, -4]}
							}
						},
						{
							"origin": [3.75, 5, -1.25],
							"size": [1, 2, 4],
							"uv": {
								"north": {"uv": [32, 32], "uv_size": [1, 2]},
								"east": {"uv": [21, 10], "uv_size": [4, 2]},
								"south": {"uv": [3, 33], "uv_size": [1, 2]},
								"west": {"uv": [21, 12], "uv_size": [4, 2]},
								"up": {"uv": [19, 27], "uv_size": [1, 4]},
								"down": {"uv": [5, 32], "uv_size": [1, -4]}
							}
						}
					]
				},
				{
					"name": "bullet_up",
					"parent": "mag_up",
					"pivot": [0.75, 6, 3.79167],
					"cubes": [
						{
							"origin": [0.25, 5.5, 4.75],
							"size": [1, 1, 0.25],
							"uv": {
								"north": {"uv": [1, 36], "uv_size": [1, 1]},
								"east": {"uv": [4, 38], "uv_size": [0.25, 1]},
								"south": {"uv": [36, 1], "uv_size": [1, 1]},
								"up": {"uv": [38, 4], "uv_size": [1, 0.25]},
								"down": {"uv": [5, 38.25], "uv_size": [1, -0.25]}
							}
						},
						{
							"origin": [0.375, 5.625, 4.5],
							"size": [0.75, 0.75, 0.25],
							"uv": {
								"east": {"uv": [21, 38], "uv_size": [0.25, 0.75]},
								"up": {"uv": [38, 21], "uv_size": [0.75, 0.25]},
								"down": {"uv": [22, 38.25], "uv_size": [0.75, -0.25]}
							}
						},
						{
							"origin": [0.25, 5.5, -0.75],
							"size": [1, 1, 5.25],
							"uv": {
								"north": {"uv": [2, 36], "uv_size": [1, 1]},
								"east": {"uv": [14, 26], "uv_size": [5.25, 1]},
								"south": {"uv": [36, 2], "uv_size": [1, 1]},
								"up": {"uv": [9, 26], "uv_size": [1, 5.25]},
								"down": {"uv": [20, 31.25], "uv_size": [1, -5.25]}
							}
						}
					]
				},
				{
					"name": "mag_down",
					"parent": "mag",
					"pivot": [4.53125, 3.75781, 1.97656]
				},
				{
					"name": "mag_down_main",
					"parent": "mag_down",
					"pivot": [3.5, 7, 3.25],
					"cubes": [
						{
							"origin": [0.75, 3, -1],
							"size": [7, 1.5, 6.25],
							"uv": {
								"north": {"uv": [17, 16], "uv_size": [7, 1.5]},
								"east": {"uv": [3, 19], "uv_size": [6.25, 1.5]},
								"south": {"uv": [17, 18], "uv_size": [7, 1.5]},
								"west": {"uv": [19, 4], "uv_size": [6.25, 1.5]},
								"up": {"uv": [0, 10], "uv_size": [7, 6.25]},
								"down": {"uv": [7, 16.25], "uv_size": [7, -6.25]}
							}
						},
						{
							"origin": [2.25, 2.75, -1.25],
							"size": [1, 2, 4],
							"uv": {
								"north": {"uv": [32, 32], "uv_size": [1, 2]},
								"east": {"uv": [21, 10], "uv_size": [4, 2]},
								"south": {"uv": [3, 33], "uv_size": [1, 2]},
								"west": {"uv": [21, 12], "uv_size": [4, 2]},
								"up": {"uv": [19, 27], "uv_size": [1, 4]},
								"down": {"uv": [5, 32], "uv_size": [1, -4]}
							}
						},
						{
							"origin": [3.75, 2.75, -1.25],
							"size": [1, 2, 4],
							"uv": {
								"north": {"uv": [32, 32], "uv_size": [1, 2]},
								"east": {"uv": [21, 10], "uv_size": [4, 2]},
								"south": {"uv": [3, 33], "uv_size": [1, 2]},
								"west": {"uv": [21, 12], "uv_size": [4, 2]},
								"up": {"uv": [19, 27], "uv_size": [1, 4]},
								"down": {"uv": [5, 32], "uv_size": [1, -4]}
							}
						}
					]
				},
				{
					"name": "bullet_down",
					"parent": "mag_down",
					"pivot": [0.75, 3.75, 3.79167],
					"cubes": [
						{
							"origin": [0.25, 3.25, 4.75],
							"size": [1, 1, 0.25],
							"uv": {
								"north": {"uv": [1, 36], "uv_size": [1, 1]},
								"east": {"uv": [4, 38], "uv_size": [0.25, 1]},
								"south": {"uv": [36, 1], "uv_size": [1, 1]},
								"up": {"uv": [38, 4], "uv_size": [1, 0.25]},
								"down": {"uv": [5, 38.25], "uv_size": [1, -0.25]}
							}
						},
						{
							"origin": [0.375, 3.375, 4.5],
							"size": [0.75, 0.75, 0.25],
							"uv": {
								"east": {"uv": [21, 38], "uv_size": [0.25, 0.75]},
								"up": {"uv": [38, 21], "uv_size": [0.75, 0.25]},
								"down": {"uv": [22, 38.25], "uv_size": [0.75, -0.25]}
							}
						},
						{
							"origin": [0.25, 3.25, -0.75],
							"size": [1, 1, 5.25],
							"uv": {
								"north": {"uv": [2, 36], "uv_size": [1, 1]},
								"east": {"uv": [14, 26], "uv_size": [5.25, 1]},
								"south": {"uv": [36, 2], "uv_size": [1, 1]},
								"up": {"uv": [9, 26], "uv_size": [1, 5.25]},
								"down": {"uv": [20, 31.25], "uv_size": [1, -5.25]}
							}
						}
					]
				},
				{
					"name": "left",
					"parent": "mal",
					"pivot": [-6, 11, 0]
				},
				{
					"name": "lefthand_pos",
					"parent": "left",
					"pivot": [0, 0, 0],
					"cubes": [
						{
							"origin": [-8, 0, -2],
							"size": [4, 12, 4],
							"uv": {
								"north": {"uv": [12, 0], "uv_size": [4, 12]},
								"east": {"uv": [4, 12], "uv_size": [4, 12]},
								"south": {"uv": [8, 12], "uv_size": [4, 12]},
								"west": {"uv": [12, 12], "uv_size": [4, 12]},
								"up": {"uv": [16, 8], "uv_size": [4, 4]},
								"down": {"uv": [16, 16], "uv_size": [4, -4]}
							}
						}
					]
				},
				{
					"name": "right",
					"parent": "gun",
					"pivot": [6, 11, 0]
				},
				{
					"name": "righthand_pos",
					"parent": "right",
					"pivot": [0, 0, 0],
					"cubes": [
						{
							"origin": [4, 0, -2],
							"size": [4, 12, 4],
							"uv": {
								"north": {"uv": [0, 0], "uv_size": [4, 12]},
								"east": {"uv": [4, 0], "uv_size": [4, 12]},
								"south": {"uv": [8, 0], "uv_size": [4, 12]},
								"west": {"uv": [0, 12], "uv_size": [4, 12]},
								"up": {"uv": [16, 0], "uv_size": [4, 4]},
								"down": {"uv": [16, 8], "uv_size": [4, -4]}
							}
						}
					]
				}
			]
		}
	]
}