{
	"format_version": "1.12.0",
	"minecraft:geometry": [
		{
			"description": {
				"identifier": "geometry.unknown",
				"texture_width": 64,
				"texture_height": 64,
				"visible_bounds_width": 5,
				"visible_bounds_height": 4,
				"visible_bounds_offset": [0, 1, 0]
			},
			"bones": [
				{
					"name": "root",
					"pivot": [0, 6.75, 7.5]
				},
				{
					"name": "gun",
					"parent": "root",
					"pivot": [0, 6.75, 7.5]
				},
				{
					"name": "static",
					"parent": "gun",
					"pivot": [0, 0, 0]
				},
				{
					"name": "lower",
					"parent": "static",
					"pivot": [0, 0, 0],
					"cubes": [
						{
							"origin": [-0.75, 7.25, 0.43934],
							"size": [1.5, 0.5, 0.62132],
							"uv": {
								"east": {"uv": [7, 43], "uv_size": [0.5, 0.5]},
								"west": {"uv": [43, 7], "uv_size": [0.5, 0.5]},
								"up": {"uv": [39, 4], "uv_size": [1.5, 0.5]},
								"down": {"uv": [5, 39.5], "uv_size": [1.5, -0.5]}
							}
						},
						{
							"origin": [-0.75, 7.25, 0.43934],
							"size": [1.5, 0.5, 0.62132],
							"pivot": [0, 5.875, 0.75],
							"rotation": [0, -45, 0],
							"uv": {
								"east": {"uv": [6, 43], "uv_size": [0.5, 0.5]},
								"west": {"uv": [43, 6], "uv_size": [0.5, 0.5]},
								"up": {"uv": [39, 2], "uv_size": [1.5, 0.5]},
								"down": {"uv": [3, 39.5], "uv_size": [1.5, -0.5]}
							}
						},
						{
							"origin": [-0.31066, 7.25, 0],
							"size": [0.62132, 0.5, 1.5],
							"uv": {
								"north": {"uv": [5, 43], "uv_size": [0.5, 0.5]},
								"south": {"uv": [43, 5], "uv_size": [0.5, 0.5]},
								"up": {"uv": [38, 37], "uv_size": [0.5, 1.5]},
								"down": {"uv": [2, 40.5], "uv_size": [0.5, -1.5]}
							}
						},
						{
							"origin": [-0.31066, 7.25, 0],
							"size": [0.62132, 0.5, 1.5],
							"pivot": [0, 5.875, 0.75],
							"rotation": [0, -45, 0],
							"uv": {
								"north": {"uv": [4, 43], "uv_size": [0.5, 0.5]},
								"south": {"uv": [43, 4], "uv_size": [0.5, 0.5]},
								"up": {"uv": [38, 35], "uv_size": [0.5, 1.5]},
								"down": {"uv": [36, 39.5], "uv_size": [0.5, -1.5]}
							}
						},
						{
							"origin": [-0.75, 4.75, 0.43934],
							"size": [1.5, 2.25, 0.62132],
							"pivot": [0, 5.125, 0.75],
							"rotation": [0, -45, 0],
							"uv": {
								"east": {"uv": [33, 36], "uv_size": [0.5, 2.25]},
								"west": {"uv": [36, 33], "uv_size": [0.5, 2.25]},
								"up": {"uv": [39, 15], "uv_size": [1.5, 0.5]},
								"down": {"uv": [39, 16.5], "uv_size": [1.5, -0.5]}
							}
						},
						{
							"origin": [-0.31066, 4.75, 0],
							"size": [0.62132, 2.25, 1.5],
							"pivot": [0, 5.125, 0.75],
							"rotation": [0, -45, 0],
							"uv": {
								"north": {"uv": [31, 36], "uv_size": [0.5, 2.25]},
								"south": {"uv": [32, 36], "uv_size": [0.5, 2.25]},
								"up": {"uv": [39, 11], "uv_size": [0.5, 1.5]},
								"down": {"uv": [39, 14.5], "uv_size": [0.5, -1.5]}
							}
						},
						{
							"origin": [-0.31066, 4.75, 0],
							"size": [0.62132, 2.25, 1.5],
							"uv": {
								"north": {"uv": [36, 22], "uv_size": [0.5, 2.25]},
								"south": {"uv": [36, 25], "uv_size": [0.5, 2.25]},
								"up": {"uv": [39, 7], "uv_size": [0.5, 1.5]},
								"down": {"uv": [39, 10.5], "uv_size": [0.5, -1.5]}
							}
						},
						{
							"origin": [-0.75, 4.75, 0.43934],
							"size": [1.5, 2.25, 0.62132],
							"uv": {
								"east": {"uv": [36, 14], "uv_size": [0.5, 2.25]},
								"west": {"uv": [22, 36], "uv_size": [0.5, 2.25]},
								"up": {"uv": [39, 5], "uv_size": [1.5, 0.5]},
								"down": {"uv": [39, 6.5], "uv_size": [1.5, -0.5]}
							}
						},
						{
							"origin": [-0.6375, 4.5, 0.48594],
							"size": [1.275, 2.75, 0.52812],
							"uv": {
								"east": {"uv": [4, 36], "uv_size": [0.5, 2.75]},
								"west": {"uv": [36, 4], "uv_size": [0.5, 2.75]}
							}
						},
						{
							"origin": [-0.26406, 4.5, 0.1125],
							"size": [0.52812, 2.75, 1.275],
							"uv": {
								"north": {"uv": [2, 36], "uv_size": [0.5, 2.75]},
								"south": {"uv": [3, 36], "uv_size": [0.5, 2.75]}
							}
						},
						{
							"origin": [-0.26406, 4.5, 0.1125],
							"size": [0.52812, 2.75, 1.275],
							"pivot": [0, 5.875, 0.75],
							"rotation": [0, -45, 0],
							"uv": {
								"north": {"uv": [35, 23], "uv_size": [0.5, 2.75]},
								"south": {"uv": [35, 34], "uv_size": [0.5, 2.75]}
							}
						},
						{
							"origin": [-0.6375, 4.5, 0.48594],
							"size": [1.275, 2.75, 0.52812],
							"pivot": [0, 5.875, 0.75],
							"rotation": [0, -45, 0],
							"uv": {
								"east": {"uv": [20, 35], "uv_size": [0.5, 2.75]},
								"west": {"uv": [21, 35], "uv_size": [0.5, 2.75]}
							}
						},
						{
							"origin": [-0.75, 4, 0.43934],
							"size": [1.5, 0.5, 0.62132],
							"pivot": [0, 4.375, 0.75],
							"rotation": [0, -45, 0],
							"uv": {
								"east": {"uv": [43, 11], "uv_size": [0.5, 0.5]},
								"west": {"uv": [43, 12], "uv_size": [0.5, 0.5]},
								"up": {"uv": [39, 19], "uv_size": [1.5, 0.5]},
								"down": {"uv": [39, 27.5], "uv_size": [1.5, -0.5]}
							}
						},
						{
							"origin": [-0.31066, 4, 0],
							"size": [0.62132, 0.5, 1.5],
							"pivot": [0, 4.375, 0.75],
							"rotation": [0, -45, 0],
							"uv": {
								"north": {"uv": [10, 43], "uv_size": [0.5, 0.5]},
								"south": {"uv": [43, 10], "uv_size": [0.5, 0.5]},
								"up": {"uv": [39, 23], "uv_size": [0.5, 1.5]},
								"down": {"uv": [39, 26.5], "uv_size": [0.5, -1.5]}
							}
						},
						{
							"origin": [-0.31066, 4, 0],
							"size": [0.62132, 0.5, 1.5],
							"uv": {
								"north": {"uv": [9, 43], "uv_size": [0.5, 0.5]},
								"south": {"uv": [43, 9], "uv_size": [0.5, 0.5]},
								"up": {"uv": [39, 21], "uv_size": [0.5, 1.5]},
								"down": {"uv": [22, 40.5], "uv_size": [0.5, -1.5]}
							}
						},
						{
							"origin": [-0.75, 4, 0.43934],
							"size": [1.5, 0.5, 0.62132],
							"uv": {
								"east": {"uv": [8, 43], "uv_size": [0.5, 0.5]},
								"west": {"uv": [43, 8], "uv_size": [0.5, 0.5]},
								"up": {"uv": [39, 17], "uv_size": [1.5, 0.5]},
								"down": {"uv": [39, 18.5], "uv_size": [1.5, -0.5]}
							}
						},
						{
							"origin": [-0.125, 6.5, 6.5],
							"size": [0.25, 0.75, 0.25],
							"uv": {
								"north": {"uv": [33, 43], "uv_size": [0.25, 0.75]},
								"east": {"uv": [43, 33], "uv_size": [0.25, 0.75]},
								"south": {"uv": [34, 43], "uv_size": [0.25, 0.75]},
								"west": {"uv": [43, 34], "uv_size": [0.25, 0.75]}
							}
						},
						{
							"origin": [-0.125, 6.01232, 6.46779],
							"size": [0.25, 0.5, 0.25],
							"pivot": [0.125, 6.13732, 6.59279],
							"rotation": [-5, 0, 0],
							"uv": {
								"north": {"uv": [7, 44], "uv_size": [0.25, 0.5]},
								"east": {"uv": [44, 7], "uv_size": [0.25, 0.5]},
								"south": {"uv": [8, 44], "uv_size": [0.25, 0.5]},
								"west": {"uv": [44, 8], "uv_size": [0.25, 0.5]},
								"down": {"uv": [44, 23.25], "uv_size": [0.25, -0.25]}
							}
						},
						{
							"origin": [-0.625, 5.75, 7.25],
							"size": [1.25, 1.5, 2],
							"uv": {
								"north": {"uv": [33, 31], "uv_size": [1.25, 1.5]},
								"east": {"uv": [29, 0], "uv_size": [2, 1.5]},
								"south": {"uv": [34, 4], "uv_size": [1.25, 1.5]},
								"west": {"uv": [6, 29], "uv_size": [2, 1.5]},
								"down": {"uv": [29, 19], "uv_size": [1.25, -2]}
							}
						},
						{
							"origin": [-0.626, 3.25646, 7.90062],
							"size": [1.252, 3.75, 1.75],
							"pivot": [0.375, 5.50646, 9.21312],
							"rotation": [22.5, 0, 0],
							"uv": {
								"north": {"uv": [23, 26], "uv_size": [1.25, 3.75]},
								"east": {"uv": [20, 21], "uv_size": [1.75, 3.75]},
								"south": {"uv": [25, 26], "uv_size": [1.25, 3.75]},
								"west": {"uv": [0, 22], "uv_size": [1.75, 3.75]},
								"down": {"uv": [31, 27.75], "uv_size": [1.25, -1.75]}
							}
						},
						{
							"origin": [-0.75, 7.25, 5.25],
							"size": [1.5, 1.75, 4.5],
							"uv": {
								"north": {"uv": [29, 12], "uv_size": [1.5, 1.75]},
								"east": {"uv": [19, 4], "uv_size": [4.5, 1.75]},
								"south": {"uv": [29, 14], "uv_size": [1.5, 1.75]},
								"west": {"uv": [19, 6], "uv_size": [4.5, 1.75]},
								"down": {"uv": [20, 20.5], "uv_size": [1.5, -4.5]}
							}
						},
						{
							"origin": [-0.75, 9, 6.25],
							"size": [1.5, 0.5, 3.5],
							"uv": {
								"north": {"uv": [39, 32], "uv_size": [1.5, 0.5]},
								"east": {"uv": [34, 18], "uv_size": [3.5, 0.5]},
								"south": {"uv": [33, 39], "uv_size": [1.5, 0.5]},
								"west": {"uv": [34, 28], "uv_size": [3.5, 0.5]},
								"up": {"uv": [16, 24], "uv_size": [1.5, 3.5]}
							}
						},
						{
							"origin": [-0.5, 9.25, 3.5],
							"size": [1, 0.5, 5.5],
							"uv": {
								"east": {"uv": [29, 2], "uv_size": [5.5, 0.5]},
								"west": {"uv": [29, 7], "uv_size": [5.5, 0.5]},
								"up": {"uv": [22, 23], "uv_size": [1, 5.5]}
							}
						},
						{
							"origin": [-0.5, 9.75, 4.25],
							"size": [1, 0.5, 1.5],
							"uv": {
								"east": {"uv": [39, 35], "uv_size": [1.5, 0.5]},
								"west": {"uv": [39, 36], "uv_size": [1.5, 0.5]},
								"up": {"uv": [11, 31], "uv_size": [1, 1.5]}
							}
						},
						{
							"origin": [-0.25, 11, 4],
							"size": [0.5, 0.75, 0.5],
							"pivot": [0, 12, 3.75],
							"rotation": [0, 0, -15],
							"uv": {
								"north": {"uv": [42, 28], "uv_size": [0.5, 0.75]},
								"east": {"uv": [42, 29], "uv_size": [0.5, 0.75]},
								"south": {"uv": [30, 42], "uv_size": [0.5, 0.75]},
								"west": {"uv": [42, 30], "uv_size": [0.5, 0.75]}
							}
						},
						{
							"origin": [0.0003, 9.84878, 4.001],
							"size": [0.5, 1.25, 0.5],
							"pivot": [0.5003, 11.09878, 4.25],
							"rotation": [0, 0, 5],
							"uv": {
								"north": {"uv": [15, 41], "uv_size": [0.5, 1.25]},
								"east": {"uv": [41, 17], "uv_size": [0.5, 1.25]},
								"south": {"uv": [18, 41], "uv_size": [0.5, 1.25]},
								"west": {"uv": [19, 41], "uv_size": [0.5, 1.25]}
							}
						},
						{
							"origin": [-0.125, 10.75, 3.25],
							"size": [0.25, 0.25, 0.25],
							"uv": {
								"east": {"uv": [40, 44], "uv_size": [0.25, 0.25]},
								"west": {"uv": [44, 40], "uv_size": [0.25, 0.25]},
								"up": {"uv": [41, 44], "uv_size": [0.25, 0.25]},
								"down": {"uv": [44, 41.25], "uv_size": [0.25, -0.25]}
							}
						},
						{
							"origin": [-0.125, 10.751, 3.5],
							"size": [0.25, 0.248, 0.5],
							"pivot": [0.125, 10.875, 3.5],
							"rotation": [0, -20, 0],
							"uv": {
								"east": {"uv": [13, 44], "uv_size": [0.5, 0.25]},
								"west": {"uv": [44, 13], "uv_size": [0.5, 0.25]},
								"up": {"uv": [14, 44], "uv_size": [0.25, 0.5]},
								"down": {"uv": [44, 14.5], "uv_size": [0.25, -0.5]}
							}
						},
						{
							"origin": [-0.125, 10.751, 4.5],
							"size": [0.25, 0.248, 0.5],
							"pivot": [0.125, 10.875, 5],
							"rotation": [0, 20, 0],
							"uv": {
								"east": {"uv": [15, 44], "uv_size": [0.5, 0.25]},
								"west": {"uv": [44, 15], "uv_size": [0.5, 0.25]},
								"up": {"uv": [16, 44], "uv_size": [0.25, 0.5]},
								"down": {"uv": [44, 16.5], "uv_size": [0.25, -0.5]}
							}
						},
						{
							"origin": [-0.125, 10.75, 5],
							"size": [0.25, 0.25, 0.25],
							"uv": {
								"east": {"uv": [42, 44], "uv_size": [0.25, 0.25]},
								"west": {"uv": [44, 42], "uv_size": [0.25, 0.25]},
								"up": {"uv": [43, 44], "uv_size": [0.25, 0.25]},
								"down": {"uv": [44, 43.25], "uv_size": [0.25, -0.25]}
							}
						},
						{
							"origin": [-0.125, 10.25, 5.25],
							"size": [0.25, 0.5, 0.25],
							"uv": {
								"north": {"uv": [17, 44], "uv_size": [0.25, 0.5]},
								"east": {"uv": [44, 17], "uv_size": [0.25, 0.5]},
								"south": {"uv": [18, 44], "uv_size": [0.25, 0.5]},
								"west": {"uv": [44, 18], "uv_size": [0.25, 0.5]}
							}
						},
						{
							"origin": [-0.124, 10.58839, 5.10983],
							"size": [0.248, 0.35355, 0.25],
							"pivot": [-0.001, 10.83839, 5.23483],
							"rotation": [45, 0, 0],
							"uv": {
								"north": {"uv": [44, 44], "uv_size": [0.25, 0.25]},
								"east": {"uv": [0, 45], "uv_size": [0.25, 0.25]},
								"south": {"uv": [45, 0], "uv_size": [0.25, 0.25]},
								"west": {"uv": [1, 45], "uv_size": [0.25, 0.25]}
							}
						},
						{
							"origin": [-0.28093, 10.75, 3.88434],
							"size": [0.25, 0.25, 0.73132],
							"uv": {
								"east": {"uv": [0, 44], "uv_size": [0.75, 0.25]},
								"west": {"uv": [44, 0], "uv_size": [0.75, 0.25]},
								"up": {"uv": [1, 44], "uv_size": [0.25, 0.75]},
								"down": {"uv": [44, 1.75], "uv_size": [0.25, -0.75]}
							}
						},
						{
							"origin": [-0.25, 11.75, 3.25],
							"size": [0.5, 0.5, 0.75],
							"pivot": [0, 12, 3.75],
							"rotation": [0, 0, -15],
							"uv": {
								"east": {"uv": [31, 42], "uv_size": [0.75, 0.5]},
								"west": {"uv": [42, 31], "uv_size": [0.75, 0.5]},
								"up": {"uv": [32, 42], "uv_size": [0.5, 0.75]},
								"down": {"uv": [42, 32.75], "uv_size": [0.5, -0.75]}
							}
						},
						{
							"origin": [-0.249, 11.85355, 3.75],
							"size": [0.498, 0.5, 0.70711],
							"pivot": [0, 12, 3.75],
							"rotation": [-45, 0, -15],
							"uv": {
								"east": {"uv": [33, 42], "uv_size": [0.75, 0.5]},
								"west": {"uv": [42, 33], "uv_size": [0.75, 0.5]},
								"up": {"uv": [34, 42], "uv_size": [0.5, 0.75]},
								"down": {"uv": [42, 34.75], "uv_size": [0.5, -0.75]}
							}
						},
						{
							"origin": [-0.625, 9.625, 5.375],
							"size": [1.25, 0.375, 0.375],
							"pivot": [0, 9.75, 5.5],
							"rotation": [-45, 0, 0],
							"uv": {
								"north": {"uv": [41, 2], "uv_size": [1.25, 0.5]},
								"east": {"uv": [43, 21], "uv_size": [0.5, 0.5]},
								"south": {"uv": [41, 6], "uv_size": [1.25, 0.5]},
								"west": {"uv": [22, 43], "uv_size": [0.5, 0.5]},
								"up": {"uv": [11, 41], "uv_size": [1.25, 0.5]},
								"down": {"uv": [41, 11.5], "uv_size": [1.25, -0.5]}
							}
						},
						{
							"origin": [-0.625, 9.5, 4.25],
							"size": [1.25, 0.375, 0.375],
							"pivot": [0, 9.75, 4.5],
							"rotation": [-45, 0, 0],
							"uv": {
								"north": {"uv": [41, 12], "uv_size": [1.25, 0.5]},
								"east": {"uv": [43, 22], "uv_size": [0.5, 0.5]},
								"south": {"uv": [13, 41], "uv_size": [1.25, 0.5]},
								"west": {"uv": [43, 23], "uv_size": [0.5, 0.5]},
								"up": {"uv": [41, 15], "uv_size": [1.25, 0.5]},
								"down": {"uv": [41, 16.5], "uv_size": [1.25, -0.5]}
							}
						},
						{
							"origin": [-0.499, 9.2045, 5.31694],
							"size": [0.998, 0.5, 0.75],
							"pivot": [-0.001, 9.4545, 6.19194],
							"rotation": [-45, 0, 0],
							"uv": {
								"east": {"uv": [42, 25], "uv_size": [0.75, 0.5]},
								"west": {"uv": [42, 26], "uv_size": [0.75, 0.5]},
								"up": {"uv": [35, 39], "uv_size": [1, 0.75]}
							}
						},
						{
							"origin": [-0.499, 9.2045, 3.93306],
							"size": [0.998, 0.5, 0.75],
							"pivot": [-0.001, 9.4545, 3.80806],
							"rotation": [45, 0, 0],
							"uv": {
								"east": {"uv": [27, 42], "uv_size": [0.75, 0.5]},
								"west": {"uv": [42, 27], "uv_size": [0.75, 0.5]},
								"up": {"uv": [37, 39], "uv_size": [1, 0.75]}
							}
						},
						{
							"origin": [-0.499, 7.37868, 8.01777],
							"size": [0.998, 0.5, 0.5],
							"pivot": [-0.001, 7.62868, 10.76777],
							"rotation": [-45, 0, 0],
							"uv": {
								"east": {"uv": [16, 43], "uv_size": [0.5, 0.5]},
								"west": {"uv": [43, 16], "uv_size": [0.5, 0.5]},
								"up": {"uv": [0, 42], "uv_size": [1, 0.5]}
							}
						},
						{
							"origin": [-0.749, 7.58579, 5.93934],
							"size": [1.498, 0.75, 1],
							"pivot": [-0.001, 8.08579, 5.18934],
							"rotation": [45, 0, 0],
							"uv": {
								"east": {"uv": [39, 33], "uv_size": [1, 0.75]},
								"west": {"uv": [39, 34], "uv_size": [1, 0.75]},
								"up": {"uv": [35, 7], "uv_size": [1.5, 1]}
							}
						},
						{
							"origin": [-0.75, 8.25, 2.25],
							"size": [1.5, 0.75, 3],
							"uv": {
								"north": {"uv": [7, 36], "uv_size": [1.5, 0.75]},
								"east": {"uv": [29, 19], "uv_size": [3, 0.75]},
								"south": {"uv": [36, 8], "uv_size": [1.5, 0.75]},
								"west": {"uv": [30, 6], "uv_size": [3, 0.75]},
								"down": {"uv": [27, 3], "uv_size": [1.5, -3]}
							}
						},
						{
							"origin": [-0.75, 9, 2.75],
							"size": [1.5, 1, 0.75],
							"uv": {
								"east": {"uv": [26, 17], "uv_size": [0.75, 1]},
								"west": {"uv": [38, 8], "uv_size": [0.75, 1]},
								"up": {"uv": [9, 36], "uv_size": [1.5, 0.75]}
							}
						},
						{
							"origin": [-0.875, 9.125, 2.875],
							"size": [1.75, 0.5, 0.5],
							"pivot": [0, 9.375, 3.125],
							"rotation": [-45, 0, 0],
							"uv": {
								"north": {"uv": [37, 19], "uv_size": [1.75, 0.5]},
								"east": {"uv": [43, 25], "uv_size": [0.5, 0.5]},
								"south": {"uv": [37, 27], "uv_size": [1.75, 0.5]},
								"west": {"uv": [43, 26], "uv_size": [0.5, 0.5]},
								"up": {"uv": [38, 0], "uv_size": [1.75, 0.5]},
								"down": {"uv": [38, 1.5], "uv_size": [1.75, -0.5]}
							}
						},
						{
							"origin": [-0.749, 8.88197, 2.75],
							"size": [1.498, 1.11803, 0.5],
							"pivot": [-0.001, 10, 2.75],
							"rotation": [-26.56505, 0, 0],
							"uv": {
								"north": {"uv": [24, 15], "uv_size": [1.5, 1]},
								"east": {"uv": [30, 41], "uv_size": [0.5, 1]},
								"west": {"uv": [41, 30], "uv_size": [0.5, 1]}
							}
						},
						{
							"origin": [-0.749, 8.63504, 3.17205],
							"size": [1.498, 1.25, 0.5],
							"pivot": [-0.001, 9.51004, 3.29705],
							"rotation": [22.5, 0, 0],
							"uv": {
								"east": {"uv": [6, 40], "uv_size": [0.5, 1.25]},
								"south": {"uv": [34, 8], "uv_size": [1.5, 1.25]},
								"west": {"uv": [40, 11], "uv_size": [0.5, 1.25]}
							}
						},
						{
							"origin": [-0.625, 5.25, 1.75],
							"size": [1.25, 4.5, 0.5],
							"uv": {
								"north": {"uv": [18, 22], "uv_size": [1.25, 4.5]},
								"east": {"uv": [2, 31], "uv_size": [0.5, 4.5]},
								"south": {"uv": [22, 18], "uv_size": [1.25, 4.5]},
								"west": {"uv": [3, 31], "uv_size": [0.5, 4.5]},
								"up": {"uv": [40, 7], "uv_size": [1.25, 0.5]},
								"down": {"uv": [40, 8.5], "uv_size": [1.25, -0.5]}
							}
						},
						{
							"origin": [-0.5, 5.5, 1.25],
							"size": [1, 1.25, 0.5],
							"uv": {
								"east": {"uv": [40, 40], "uv_size": [0.5, 1.25]},
								"west": {"uv": [41, 0], "uv_size": [0.5, 1.25]},
								"up": {"uv": [41, 37], "uv_size": [1, 0.5]},
								"down": {"uv": [39, 41.5], "uv_size": [1, -0.5]}
							}
						},
						{
							"origin": [-0.375, 6, -1],
							"size": [0.75, 1.75, 1.25],
							"uv": {
								"north": {"uv": [35, 10], "uv_size": [0.75, 1.75]},
								"east": {"uv": [32, 4], "uv_size": [1.25, 1.75]},
								"west": {"uv": [32, 8], "uv_size": [1.25, 1.75]},
								"up": {"uv": [37, 15], "uv_size": [0.75, 1.25]}
							}
						},
						{
							"origin": [-0.4375, 5.875, -0.5625],
							"size": [0.875, 0.25, 0.25],
							"pivot": [0, 6, -0.5],
							"rotation": [45, 0, 0],
							"uv": {
								"north": {"uv": [13, 43], "uv_size": [1, 0.25]},
								"east": {"uv": [38, 44], "uv_size": [0.25, 0.25]},
								"south": {"uv": [14, 43], "uv_size": [1, 0.25]},
								"west": {"uv": [44, 38], "uv_size": [0.25, 0.25]},
								"up": {"uv": [15, 43], "uv_size": [1, 0.25]},
								"down": {"uv": [43, 15.25], "uv_size": [1, -0.25]}
							}
						},
						{
							"origin": [-0.375, 5.5, -0.5],
							"size": [0.75, 0.5, 0.75],
							"uv": {
								"east": {"uv": [42, 21], "uv_size": [0.75, 0.5]},
								"west": {"uv": [22, 42], "uv_size": [0.75, 0.5]},
								"down": {"uv": [41, 19.75], "uv_size": [0.75, -0.75]}
							}
						},
						{
							"origin": [-0.374, 5.66161, -0.93306],
							"size": [0.748, 0.5, 0.70711],
							"pivot": [-0.126, 5.91161, -0.55806],
							"rotation": [-45, 0, 0],
							"uv": {
								"east": {"uv": [42, 22], "uv_size": [0.75, 0.5]},
								"west": {"uv": [42, 23], "uv_size": [0.75, 0.5]},
								"down": {"uv": [22, 41.75], "uv_size": [0.75, -0.75]}
							}
						},
						{
							"origin": [-0.625, 7.75, -0.25],
							"size": [1.25, 2, 2],
							"uv": {
								"north": {"uv": [29, 26], "uv_size": [1.25, 2]},
								"east": {"uv": [18, 27], "uv_size": [2, 2]},
								"south": {"uv": [30, 4], "uv_size": [1.25, 2]},
								"west": {"uv": [27, 26], "uv_size": [2, 2]},
								"up": {"uv": [30, 8], "uv_size": [1.25, 2]},
								"down": {"uv": [30, 12], "uv_size": [1.25, -2]}
							}
						},
						{
							"origin": [-0.625, 7, -0.75],
							"size": [1.25, 2.75, 0.5],
							"uv": {
								"north": {"uv": [4, 28], "uv_size": [1.25, 2.75]},
								"east": {"uv": [11, 33], "uv_size": [0.5, 2.75]},
								"south": {"uv": [28, 4], "uv_size": [1.25, 2.75]},
								"west": {"uv": [22, 33], "uv_size": [0.5, 2.75]},
								"up": {"uv": [40, 13], "uv_size": [1.25, 0.5]}
							}
						},
						{
							"origin": [-0.624, 8.43934, -1.70711],
							"size": [1.248, 1.25, 0.75],
							"pivot": [-0.001, 8.18934, -1.45711],
							"rotation": [-45, 0, 0],
							"uv": {
								"north": {"uv": [33, 34], "uv_size": [1.25, 1.25]},
								"east": {"uv": [37, 10], "uv_size": [0.75, 1.25]},
								"west": {"uv": [37, 12], "uv_size": [0.75, 1.25]}
							}
						},
						{
							"origin": [-0.624, 8.68934, -5.79289],
							"size": [1.248, 0.75, 0.5],
							"pivot": [-0.001, 8.18934, -5.54289],
							"rotation": [45, 0, 0],
							"uv": {
								"east": {"uv": [17, 42], "uv_size": [0.5, 0.75]},
								"south": {"uv": [37, 14], "uv_size": [1.25, 0.75]},
								"west": {"uv": [42, 17], "uv_size": [0.5, 0.75]}
							}
						},
						{
							"origin": [-0.625, 7, -1.25],
							"size": [1.25, 1.75, 0.5],
							"uv": {
								"north": {"uv": [31, 29], "uv_size": [1.25, 1.75]},
								"east": {"uv": [37, 25], "uv_size": [0.5, 1.75]},
								"west": {"uv": [37, 31], "uv_size": [0.5, 1.75]}
							}
						},
						{
							"origin": [-0.625, 7, -6.25],
							"size": [1.25, 1.75, 0.5],
							"uv": {
								"east": {"uv": [37, 33], "uv_size": [0.5, 1.75]},
								"south": {"uv": [31, 31], "uv_size": [1.25, 1.75]},
								"west": {"uv": [35, 37], "uv_size": [0.5, 1.75]}
							}
						},
						{
							"origin": [-0.625, 8, -5.75],
							"size": [1.25, 0.75, 4.5],
							"uv": {
								"north": {"uv": [9, 37], "uv_size": [1.25, 0.75]},
								"east": {"uv": [27, 21], "uv_size": [4.5, 0.75]},
								"south": {"uv": [37, 9], "uv_size": [1.25, 0.75]},
								"west": {"uv": [28, 22], "uv_size": [4.5, 0.75]},
								"up": {"uv": [8, 23], "uv_size": [1.25, 4.5]},
								"down": {"uv": [10, 27.5], "uv_size": [1.25, -4.5]}
							}
						},
						{
							"origin": [-0.625, 7, -2.5],
							"size": [1.25, 1, 0.5],
							"uv": {
								"north": {"uv": [35, 19], "uv_size": [1.25, 1]},
								"east": {"uv": [31, 41], "uv_size": [0.5, 1]},
								"south": {"uv": [35, 21], "uv_size": [1.25, 1]},
								"west": {"uv": [41, 31], "uv_size": [0.5, 1]}
							}
						},
						{
							"origin": [-0.624, 7.5, -1.25],
							"size": [1.248, 0.5, 0.5],
							"pivot": [-0.001, 7.75, -1.5],
							"rotation": [45, 0, 0],
							"uv": {
								"north": {"uv": [40, 21], "uv_size": [1.25, 0.5]},
								"east": {"uv": [38, 42], "uv_size": [0.5, 0.5]},
								"west": {"uv": [42, 38], "uv_size": [0.5, 0.5]}
							}
						},
						{
							"origin": [-0.624, 7.5, -2.5],
							"size": [1.248, 0.5, 0.5],
							"pivot": [-0.001, 7.75, -2.75],
							"rotation": [45, 0, 0],
							"uv": {
								"north": {"uv": [40, 22], "uv_size": [1.25, 0.5]},
								"east": {"uv": [39, 42], "uv_size": [0.5, 0.5]},
								"west": {"uv": [42, 39], "uv_size": [0.5, 0.5]}
							}
						},
						{
							"origin": [-0.624, 7.5, -5],
							"size": [1.248, 0.5, 0.5],
							"pivot": [-0.001, 7.75, -5.25],
							"rotation": [45, 0, 0],
							"uv": {
								"north": {"uv": [40, 24], "uv_size": [1.25, 0.5]},
								"east": {"uv": [41, 42], "uv_size": [0.5, 0.5]},
								"west": {"uv": [42, 41], "uv_size": [0.5, 0.5]}
							}
						},
						{
							"origin": [-0.624, 7.5, -3.75],
							"size": [1.248, 0.5, 0.5],
							"pivot": [-0.001, 7.75, -4],
							"rotation": [45, 0, 0],
							"uv": {
								"north": {"uv": [40, 23], "uv_size": [1.25, 0.5]},
								"east": {"uv": [40, 42], "uv_size": [0.5, 0.5]},
								"west": {"uv": [42, 40], "uv_size": [0.5, 0.5]}
							}
						},
						{
							"origin": [-0.624, 7.5, -2.5],
							"size": [1.248, 0.5, 0.5],
							"pivot": [-0.001, 7.75, -1.75],
							"rotation": [-45, 0, 0],
							"uv": {
								"east": {"uv": [43, 2], "uv_size": [0.5, 0.5]},
								"south": {"uv": [29, 40], "uv_size": [1.25, 0.5]},
								"west": {"uv": [3, 43], "uv_size": [0.5, 0.5]}
							}
						},
						{
							"origin": [-0.624, 7.5, -3.75],
							"size": [1.248, 0.5, 0.5],
							"pivot": [-0.001, 7.75, -3],
							"rotation": [-45, 0, 0],
							"uv": {
								"east": {"uv": [43, 1], "uv_size": [0.5, 0.5]},
								"south": {"uv": [27, 40], "uv_size": [1.25, 0.5]},
								"west": {"uv": [2, 43], "uv_size": [0.5, 0.5]}
							}
						},
						{
							"origin": [-0.624, 7.5, -5],
							"size": [1.248, 0.5, 0.5],
							"pivot": [-0.001, 7.75, -4.25],
							"rotation": [-45, 0, 0],
							"uv": {
								"east": {"uv": [43, 0], "uv_size": [0.5, 0.5]},
								"south": {"uv": [40, 26], "uv_size": [1.25, 0.5]},
								"west": {"uv": [1, 43], "uv_size": [0.5, 0.5]}
							}
						},
						{
							"origin": [-0.624, 7.5, -6.25],
							"size": [1.248, 0.5, 0.5],
							"pivot": [-0.001, 7.75, -5.5],
							"rotation": [-45, 0, 0],
							"uv": {
								"east": {"uv": [42, 42], "uv_size": [0.5, 0.5]},
								"south": {"uv": [40, 25], "uv_size": [1.25, 0.5]},
								"west": {"uv": [0, 43], "uv_size": [0.5, 0.5]}
							}
						},
						{
							"origin": [-0.625, 7, -3.75],
							"size": [1.25, 1, 0.5],
							"uv": {
								"north": {"uv": [35, 31], "uv_size": [1.25, 1]},
								"east": {"uv": [32, 41], "uv_size": [0.5, 1]},
								"south": {"uv": [35, 32], "uv_size": [1.25, 1]},
								"west": {"uv": [41, 32], "uv_size": [0.5, 1]}
							}
						},
						{
							"origin": [-0.5, 7.125, -5.75],
							"size": [1, 1, 4.5],
							"uv": {
								"east": {"uv": [24, 7], "uv_size": [4.5, 1]},
								"west": {"uv": [26, 16], "uv_size": [4.5, 1]}
							}
						},
						{
							"origin": [-0.25, 6.875, -5.75],
							"size": [0.5, 0.25, 4.5],
							"uv": {
								"down": {"uv": [4, 35.5], "uv_size": [0.5, -4.5]}
							}
						},
						{
							"origin": [0.08839, 7.01517, -5.75],
							"size": [0.35355, 0.25, 4.5],
							"pivot": [0.33839, 7.14017, -2.875],
							"rotation": [0, 0, -45],
							"uv": {
								"down": {"uv": [36, 13.5], "uv_size": [0.25, -4.5]}
							}
						},
						{
							"origin": [-0.44194, 7.01517, -5.75],
							"size": [0.35355, 0.25, 4.5],
							"pivot": [-0.33839, 7.14017, -2.875],
							"rotation": [0, 0, 45],
							"uv": {
								"down": {"uv": [11, 40.5], "uv_size": [0.25, -4.5]}
							}
						},
						{
							"origin": [-0.375, 6.75, -3.75],
							"size": [0.75, 0.25, 0.5],
							"uv": {
								"north": {"uv": [35, 43], "uv_size": [0.75, 0.25]},
								"south": {"uv": [43, 35], "uv_size": [0.75, 0.25]},
								"down": {"uv": [42, 18.5], "uv_size": [0.75, -0.5]}
							}
						},
						{
							"origin": [-0.375, 6.75, -1.25],
							"size": [0.75, 0.25, 1],
							"uv": {
								"north": {"uv": [36, 43], "uv_size": [0.75, 0.25]},
								"down": {"uv": [34, 39], "uv_size": [0.75, -1]}
							}
						},
						{
							"origin": [-0.53033, 6.97855, -3.749],
							"size": [0.35355, 0.25, 0.498],
							"pivot": [-0.55178, 7.10355, -3.5],
							"rotation": [0, 0, 45],
							"uv": {
								"north": {"uv": [24, 44], "uv_size": [0.25, 0.25]},
								"south": {"uv": [44, 24], "uv_size": [0.25, 0.25]},
								"down": {"uv": [9, 44.5], "uv_size": [0.25, -0.5]}
							}
						},
						{
							"origin": [0.17678, 6.97855, -3.749],
							"size": [0.35355, 0.25, 0.498],
							"pivot": [0.55178, 7.10355, -3.5],
							"rotation": [0, 0, -45],
							"uv": {
								"north": {"uv": [25, 44], "uv_size": [0.25, 0.25]},
								"south": {"uv": [44, 25], "uv_size": [0.25, 0.25]},
								"down": {"uv": [44, 9.5], "uv_size": [0.25, -0.5]}
							}
						},
						{
							"origin": [-0.53033, 6.97855, -4.999],
							"size": [0.35355, 0.25, 0.498],
							"pivot": [-0.55178, 7.10355, -4.75],
							"rotation": [0, 0, 45],
							"uv": {
								"north": {"uv": [33, 44], "uv_size": [0.25, 0.25]},
								"south": {"uv": [44, 33], "uv_size": [0.25, 0.25]},
								"down": {"uv": [44, 11.5], "uv_size": [0.25, -0.5]}
							}
						},
						{
							"origin": [-0.375, 6.75, -5],
							"size": [0.75, 0.25, 0.5],
							"uv": {
								"north": {"uv": [43, 38], "uv_size": [0.75, 0.25]},
								"south": {"uv": [39, 43], "uv_size": [0.75, 0.25]},
								"down": {"uv": [20, 42.5], "uv_size": [0.75, -0.5]}
							}
						},
						{
							"origin": [0.17678, 6.97855, -4.999],
							"size": [0.35355, 0.25, 0.498],
							"pivot": [0.55178, 7.10355, -4.75],
							"rotation": [0, 0, -45],
							"uv": {
								"north": {"uv": [32, 44], "uv_size": [0.25, 0.25]},
								"south": {"uv": [44, 32], "uv_size": [0.25, 0.25]},
								"down": {"uv": [11, 44.5], "uv_size": [0.25, -0.5]}
							}
						},
						{
							"origin": [0.17678, 6.97855, -1.249],
							"size": [0.35355, 0.25, 0.998],
							"pivot": [0.55178, 7.10355, -1],
							"rotation": [0, 0, -45],
							"uv": {
								"north": {"uv": [27, 44], "uv_size": [0.25, 0.25]},
								"south": {"uv": [44, 27], "uv_size": [0.25, 0.25]},
								"down": {"uv": [42, 37], "uv_size": [0.25, -1]}
							}
						},
						{
							"origin": [-0.53033, 6.97855, -1.249],
							"size": [0.35355, 0.25, 0.998],
							"pivot": [-0.55178, 7.10355, -1],
							"rotation": [0, 0, 45],
							"uv": {
								"north": {"uv": [26, 44], "uv_size": [0.25, 0.25]},
								"south": {"uv": [44, 26], "uv_size": [0.25, 0.25]},
								"down": {"uv": [36, 43], "uv_size": [0.25, -1]}
							}
						},
						{
							"origin": [-0.53033, 6.97855, -6.749],
							"size": [0.35355, 0.25, 0.998],
							"pivot": [-0.55178, 7.10355, -6.5],
							"rotation": [0, 0, 45],
							"uv": {
								"north": {"uv": [31, 44], "uv_size": [0.25, 0.25]},
								"south": {"uv": [44, 31], "uv_size": [0.25, 0.25]},
								"down": {"uv": [42, 38], "uv_size": [0.25, -1]}
							}
						},
						{
							"origin": [-0.375, 6.75, -6.75],
							"size": [0.75, 0.25, 1],
							"uv": {
								"north": {"uv": [43, 37], "uv_size": [0.75, 0.25]},
								"south": {"uv": [38, 43], "uv_size": [0.75, 0.25]},
								"down": {"uv": [38, 35], "uv_size": [0.75, -1]}
							}
						},
						{
							"origin": [0.17678, 6.97855, -6.749],
							"size": [0.35355, 0.25, 0.998],
							"pivot": [0.55178, 7.10355, -6.5],
							"rotation": [0, 0, -45],
							"uv": {
								"north": {"uv": [30, 44], "uv_size": [0.25, 0.25]},
								"south": {"uv": [44, 30], "uv_size": [0.25, 0.25]},
								"down": {"uv": [37, 43], "uv_size": [0.25, -1]}
							}
						},
						{
							"origin": [-0.53033, 9.52145, -6.749],
							"size": [0.35355, 0.25, 0.498],
							"pivot": [-0.55178, 9.64645, -6.5],
							"rotation": [0, 0, -45],
							"uv": {
								"north": {"uv": [35, 44], "uv_size": [0.25, 0.25]},
								"south": {"uv": [44, 35], "uv_size": [0.25, 0.25]},
								"up": {"uv": [44, 12], "uv_size": [0.25, 0.5]}
							}
						},
						{
							"origin": [-0.375, 9.75, -6.75],
							"size": [0.75, 0.25, 0.5],
							"uv": {
								"north": {"uv": [43, 39], "uv_size": [0.75, 0.25]},
								"south": {"uv": [40, 43], "uv_size": [0.75, 0.25]},
								"up": {"uv": [21, 42], "uv_size": [0.75, 0.5]}
							}
						},
						{
							"origin": [0.17678, 9.52145, -6.749],
							"size": [0.35355, 0.25, 0.498],
							"pivot": [0.55178, 9.64645, -6.5],
							"rotation": [0, 0, 45],
							"uv": {
								"north": {"uv": [34, 44], "uv_size": [0.25, 0.25]},
								"south": {"uv": [44, 34], "uv_size": [0.25, 0.25]},
								"up": {"uv": [12, 44], "uv_size": [0.25, 0.5]}
							}
						},
						{
							"origin": [-0.53033, 9.52145, -0.749],
							"size": [0.35355, 0.25, 3.498],
							"pivot": [-0.55178, 9.64645, -0.5],
							"rotation": [0, 0, -45],
							"uv": {
								"north": {"uv": [37, 44], "uv_size": [0.25, 0.25]},
								"south": {"uv": [44, 37], "uv_size": [0.25, 0.25]},
								"up": {"uv": [38, 4], "uv_size": [0.25, 3.5]}
							}
						},
						{
							"origin": [-0.375, 9.75, -0.75],
							"size": [0.75, 0.25, 3.5],
							"uv": {
								"north": {"uv": [43, 40], "uv_size": [0.75, 0.25]},
								"south": {"uv": [41, 43], "uv_size": [0.75, 0.25]},
								"up": {"uv": [22, 29], "uv_size": [0.75, 3.5]}
							}
						},
						{
							"origin": [0.17678, 9.52145, -0.749],
							"size": [0.35355, 0.25, 3.498],
							"pivot": [0.55178, 9.64645, -0.5],
							"rotation": [0, 0, 45],
							"uv": {
								"north": {"uv": [36, 44], "uv_size": [0.25, 0.25]},
								"south": {"uv": [44, 36], "uv_size": [0.25, 0.25]},
								"up": {"uv": [37, 35], "uv_size": [0.25, 3.5]}
							}
						},
						{
							"origin": [-0.53033, 6.97855, -2.499],
							"size": [0.35355, 0.25, 0.498],
							"pivot": [-0.55178, 7.10355, -2.25],
							"rotation": [0, 0, 45],
							"uv": {
								"north": {"uv": [29, 44], "uv_size": [0.25, 0.25]},
								"south": {"uv": [44, 29], "uv_size": [0.25, 0.25]},
								"down": {"uv": [44, 10.5], "uv_size": [0.25, -0.5]}
							}
						},
						{
							"origin": [-0.375, 6.75, -2.5],
							"size": [0.75, 0.25, 0.5],
							"uv": {
								"north": {"uv": [43, 36], "uv_size": [0.75, 0.25]},
								"south": {"uv": [37, 43], "uv_size": [0.75, 0.25]},
								"down": {"uv": [42, 19.5], "uv_size": [0.75, -0.5]}
							}
						},
						{
							"origin": [0.17678, 6.97855, -2.499],
							"size": [0.35355, 0.25, 0.498],
							"pivot": [0.55178, 7.10355, -2.25],
							"rotation": [0, 0, -45],
							"uv": {
								"north": {"uv": [28, 44], "uv_size": [0.25, 0.25]},
								"south": {"uv": [44, 28], "uv_size": [0.25, 0.25]},
								"down": {"uv": [10, 44.5], "uv_size": [0.25, -0.5]}
							}
						},
						{
							"origin": [-0.625, 7, -5],
							"size": [1.25, 1, 0.5],
							"uv": {
								"north": {"uv": [36, 0], "uv_size": [1.25, 1]},
								"east": {"uv": [33, 41], "uv_size": [0.5, 1]},
								"south": {"uv": [36, 1], "uv_size": [1.25, 1]},
								"west": {"uv": [41, 33], "uv_size": [0.5, 1]}
							}
						},
						{
							"origin": [-0.625, 7, -6.75],
							"size": [1.25, 2.75, 0.5],
							"uv": {
								"north": {"uv": [8, 28], "uv_size": [1.25, 2.75]},
								"east": {"uv": [16, 35], "uv_size": [0.5, 2.75]},
								"south": {"uv": [10, 28], "uv_size": [1.25, 2.75]},
								"west": {"uv": [17, 35], "uv_size": [0.5, 2.75]},
								"up": {"uv": [40, 14], "uv_size": [1.25, 0.5]}
							}
						},
						{
							"origin": [-0.625, 9, 2.25],
							"size": [1.25, 0.75, 0.5],
							"uv": {
								"east": {"uv": [42, 10], "uv_size": [0.5, 0.75]},
								"west": {"uv": [13, 42], "uv_size": [0.5, 0.75]},
								"up": {"uv": [40, 9], "uv_size": [1.25, 0.5]},
								"down": {"uv": [40, 10.5], "uv_size": [1.25, -0.5]}
							}
						},
						{
							"origin": [-4.37024, 11.24219, 3.75],
							"size": [0.35355, 0.25, 2.5],
							"pivot": [-4.64169, 4.49219, 0],
							"rotation": [0, 0, 45],
							"uv": {
								"up": {"uv": [38, 39], "uv_size": [0.25, 2.5]}
							}
						},
						{
							"origin": [4.01669, 11.24219, 3.75],
							"size": [0.35355, 0.25, 2.5],
							"pivot": [4.64169, 4.49219, 0],
							"rotation": [0, 0, -45],
							"uv": {
								"up": {"uv": [39, 38], "uv_size": [0.25, 2.5]}
							}
						},
						{
							"origin": [-0.2589, 7.875, 9.75],
							"size": [0.5178, 1.25, 0.25],
							"uv": {
								"south": {"uv": [40, 0], "uv_size": [0.5, 1.25]},
								"up": {"uv": [2, 44], "uv_size": [0.5, 0.25]},
								"down": {"uv": [44, 2.25], "uv_size": [0.5, -0.25]}
							}
						},
						{
							"origin": [-0.2589, 7.875, 9.75],
							"size": [0.5178, 1.25, 0.25],
							"pivot": [0, 8.5, 9.875],
							"rotation": [0, 0, 90],
							"uv": {
								"south": {"uv": [3, 40], "uv_size": [0.5, 1.25]},
								"up": {"uv": [3, 44], "uv_size": [0.5, 0.25]},
								"down": {"uv": [4, 44.25], "uv_size": [0.5, -0.25]}
							}
						},
						{
							"origin": [-0.2589, 7.875, 9.75],
							"size": [0.5178, 1.25, 0.25],
							"pivot": [0, 8.5, 9.875],
							"rotation": [0, 0, 135],
							"uv": {
								"south": {"uv": [4, 40], "uv_size": [0.5, 1.25]},
								"up": {"uv": [44, 4], "uv_size": [0.5, 0.25]},
								"down": {"uv": [5, 44.25], "uv_size": [0.5, -0.25]}
							}
						},
						{
							"origin": [-0.2589, 7.875, 9.75],
							"size": [0.5178, 1.25, 0.25],
							"pivot": [0, 8.5, 9.875],
							"rotation": [0, 0, 45],
							"uv": {
								"south": {"uv": [5, 40], "uv_size": [0.5, 1.25]},
								"up": {"uv": [44, 5], "uv_size": [0.5, 0.25]},
								"down": {"uv": [6, 44.25], "uv_size": [0.5, -0.25]}
							}
						},
						{
							"origin": [-0.25, 5.5, 5.5],
							"size": [0.5, 0.25, 1.5],
							"uv": {
								"east": {"uv": [42, 13], "uv_size": [1.5, 0.25]},
								"west": {"uv": [42, 14], "uv_size": [1.5, 0.25]},
								"up": {"uv": [38, 25], "uv_size": [0.5, 1.5]},
								"down": {"uv": [38, 33.5], "uv_size": [0.5, -1.5]}
							}
						},
						{
							"origin": [-0.25, 5.5, 5.25],
							"size": [0.5, 1.75, 0.25],
							"uv": {
								"north": {"uv": [37, 21], "uv_size": [0.5, 1.75]},
								"east": {"uv": [11, 42], "uv_size": [0.25, 1.75]},
								"south": {"uv": [37, 23], "uv_size": [0.5, 1.75]},
								"west": {"uv": [12, 42], "uv_size": [0.25, 1.75]},
								"down": {"uv": [44, 6.25], "uv_size": [0.5, -0.25]}
							}
						},
						{
							"origin": [-0.25, 6.08211, 6.65533],
							"size": [0.5, 0.25, 0.75],
							"pivot": [0.125, 6.20711, 7.53033],
							"rotation": [45, 0, 0],
							"uv": {
								"east": {"uv": [32, 43], "uv_size": [0.75, 0.25]},
								"west": {"uv": [43, 32], "uv_size": [0.75, 0.25]},
								"up": {"uv": [14, 42], "uv_size": [0.5, 0.75]},
								"down": {"uv": [16, 42.75], "uv_size": [0.5, -0.75]}
							}
						}
					]
				},
				{
					"name": "barrel",
					"parent": "static",
					"pivot": [0, 9.25, -2.25],
					"cubes": [
						{
							"origin": [-0.5, 9.04289, -7],
							"size": [1, 0.41422, 6.25],
							"pivot": [0, 9.25, -3.5],
							"rotation": [0, 0, 45],
							"uv": {
								"east": {"uv": [28, 23], "uv_size": [6.25, 0.5]},
								"south": {"uv": [41, 35], "uv_size": [1, 0.5]},
								"west": {"uv": [28, 24], "uv_size": [6.25, 0.5]}
							}
						},
						{
							"origin": [-0.20711, 8.75, -7],
							"size": [0.41422, 1, 6.25],
							"pivot": [0, 9.25, -3.5],
							"rotation": [0, 0, 45],
							"uv": {
								"south": {"uv": [34, 41], "uv_size": [0.5, 1]},
								"up": {"uv": [16, 28], "uv_size": [0.5, 6.25]},
								"down": {"uv": [17, 34.25], "uv_size": [0.5, -6.25]}
							}
						},
						{
							"origin": [-0.20711, 8.75, -7],
							"size": [0.41422, 1, 6.25],
							"uv": {
								"south": {"uv": [41, 34], "uv_size": [0.5, 1]},
								"up": {"uv": [20, 28], "uv_size": [0.5, 6.25]},
								"down": {"uv": [21, 34.25], "uv_size": [0.5, -6.25]}
							}
						},
						{
							"origin": [-0.5, 9.04289, -7],
							"size": [1, 0.41422, 6.25],
							"uv": {
								"east": {"uv": [28, 25], "uv_size": [6.25, 0.5]},
								"south": {"uv": [41, 36], "uv_size": [1, 0.5]},
								"west": {"uv": [27, 28], "uv_size": [6.25, 0.5]}
							}
						},
						{
							"origin": [-0.625, 8.99112, -9],
							"size": [1.25, 0.51776, 2],
							"pivot": [0, 9.25, -8],
							"rotation": [0, 0, 45],
							"uv": {
								"north": {"uv": [40, 38], "uv_size": [1.25, 0.5]},
								"east": {"uv": [37, 2], "uv_size": [2, 0.5]},
								"south": {"uv": [40, 39], "uv_size": [1.25, 0.5]},
								"west": {"uv": [7, 37], "uv_size": [2, 0.5]}
							}
						},
						{
							"origin": [-0.25888, 8.625, -9],
							"size": [0.51776, 1.25, 2],
							"pivot": [0, 9.25, -8],
							"rotation": [0, 0, 45],
							"uv": {
								"north": {"uv": [36, 40], "uv_size": [0.5, 1.25]},
								"south": {"uv": [37, 40], "uv_size": [0.5, 1.25]},
								"up": {"uv": [37, 4], "uv_size": [0.5, 2]},
								"down": {"uv": [37, 8], "uv_size": [0.5, -2]}
							}
						},
						{
							"origin": [-0.25888, 8.625, -9],
							"size": [0.51776, 1.25, 2],
							"uv": {
								"north": {"uv": [40, 33], "uv_size": [0.5, 1.25]},
								"south": {"uv": [35, 40], "uv_size": [0.5, 1.25]},
								"up": {"uv": [34, 36], "uv_size": [0.5, 2]},
								"down": {"uv": [36, 38], "uv_size": [0.5, -2]}
							}
						},
						{
							"origin": [-0.625, 8.99112, -9],
							"size": [1.25, 0.51776, 2],
							"uv": {
								"north": {"uv": [31, 40], "uv_size": [1.25, 0.5]},
								"east": {"uv": [36, 29], "uv_size": [2, 0.5]},
								"south": {"uv": [33, 40], "uv_size": [1.25, 0.5]},
								"west": {"uv": [36, 30], "uv_size": [2, 0.5]}
							}
						},
						{
							"origin": [0.624, 8.99112, -5.75],
							"size": [0.001, 0.51776, 4.5],
							"uv": {
								"east": {"uv": [31, 0], "uv_size": [4.5, 0.5]},
								"west": {"uv": [31, 1], "uv_size": [4.5, 0.5]}
							}
						},
						{
							"origin": [0.624, 8.99112, -5.75],
							"size": [0.001, 0.51776, 4.5],
							"pivot": [0, 9.25, -3.5],
							"rotation": [0, 0, 45],
							"uv": {
								"east": {"uv": [31, 12], "uv_size": [4.5, 0.5]},
								"west": {"uv": [31, 13], "uv_size": [4.5, 0.5]}
							}
						},
						{
							"origin": [-0.625, 8.99112, -5.75],
							"size": [0.001, 0.51776, 4.5],
							"uv": {
								"east": {"uv": [31, 16], "uv_size": [4.5, 0.5]},
								"west": {"uv": [31, 17], "uv_size": [4.5, 0.5]}
							}
						},
						{
							"origin": [-0.625, 8.99112, -5.75],
							"size": [0.001, 0.51776, 4.5],
							"pivot": [0, 9.25, -3.5],
							"rotation": [0, 0, -45],
							"uv": {
								"east": {"uv": [31, 14], "uv_size": [4.5, 0.5]},
								"west": {"uv": [31, 15], "uv_size": [4.5, 0.5]}
							}
						},
						{
							"origin": [-0.25888, 9.875, -5.75],
							"size": [0.51776, 0.001, 4.5],
							"pivot": [0, 9.25, -3.5],
							"rotation": [0, 0, 45],
							"uv": {
								"up": {"uv": [7, 31], "uv_size": [0.5, 4.5]},
								"down": {"uv": [8, 35.5], "uv_size": [0.5, -4.5]}
							}
						},
						{
							"origin": [-0.25888, 9.875, -5.75],
							"size": [0.51776, 0.001, 4.5],
							"pivot": [0, 9.25, -3.5],
							"rotation": [0, 0, -45],
							"uv": {
								"up": {"uv": [9, 31], "uv_size": [0.5, 4.5]},
								"down": {"uv": [10, 35.5], "uv_size": [0.5, -4.5]}
							}
						},
						{
							"origin": [-0.25888, 9.875, -5.75],
							"size": [0.51776, 0.001, 4.5],
							"uv": {
								"up": {"uv": [5, 31], "uv_size": [0.5, 4.5]},
								"down": {"uv": [6, 35.5], "uv_size": [0.5, -4.5]}
							}
						}
					]
				},
				{
					"name": "upper",
					"parent": "static",
					"pivot": [0, 0, 0],
					"cubes": [
						{
							"origin": [-0.5, 11.79289, 2.375],
							"size": [1, 0.41422, 1],
							"uv": {
								"east": {"uv": [7, 42], "uv_size": [1, 0.5]},
								"south": {"uv": [42, 7], "uv_size": [1, 0.5]},
								"west": {"uv": [8, 42], "uv_size": [1, 0.5]}
							}
						},
						{
							"origin": [-0.5, 11.79289, 2.375],
							"size": [1, 0.41422, 1],
							"pivot": [0, 12, 4.25],
							"rotation": [0, 0, 45],
							"uv": {
								"east": {"uv": [5, 42], "uv_size": [1, 0.5]},
								"south": {"uv": [42, 5], "uv_size": [1, 0.5]},
								"west": {"uv": [6, 42], "uv_size": [1, 0.5]}
							}
						},
						{
							"origin": [-0.20711, 12, -13.999],
							"size": [0.41422, 0.25, 0.5],
							"pivot": [0, 11.5, -13.875],
							"rotation": [0, 0, 45],
							"uv": {
								"north": {"uv": [19, 44], "uv_size": [0.5, 0.25]},
								"south": {"uv": [44, 19], "uv_size": [0.5, 0.25]},
								"up": {"uv": [28, 43], "uv_size": [0.5, 0.5]},
								"down": {"uv": [43, 28.5], "uv_size": [0.5, -0.5]}
							}
						},
						{
							"origin": [-0.75, 11.29289, -13.999],
							"size": [0.25, 0.41422, 0.5],
							"pivot": [0, 11.5, -13.875],
							"rotation": [0, 0, 45],
							"uv": {
								"north": {"uv": [20, 44], "uv_size": [0.25, 0.5]},
								"east": {"uv": [29, 43], "uv_size": [0.5, 0.5]},
								"south": {"uv": [21, 44], "uv_size": [0.25, 0.5]},
								"west": {"uv": [43, 29], "uv_size": [0.5, 0.5]}
							}
						},
						{
							"origin": [0.5, 11.29289, -13.999],
							"size": [0.25, 0.41422, 0.5],
							"pivot": [0, 11.5, -13.875],
							"rotation": [0, 0, 45],
							"uv": {
								"north": {"uv": [44, 22], "uv_size": [0.25, 0.5]},
								"east": {"uv": [31, 43], "uv_size": [0.5, 0.5]},
								"south": {"uv": [23, 44], "uv_size": [0.25, 0.5]},
								"west": {"uv": [43, 31], "uv_size": [0.5, 0.5]}
							}
						},
						{
							"origin": [-0.20711, 10.75, -13.999],
							"size": [0.41422, 0.25, 0.5],
							"pivot": [0, 11.5, -13.875],
							"rotation": [0, 0, 45],
							"uv": {
								"north": {"uv": [44, 21], "uv_size": [0.5, 0.25]},
								"south": {"uv": [22, 44], "uv_size": [0.5, 0.25]},
								"up": {"uv": [30, 43], "uv_size": [0.5, 0.5]},
								"down": {"uv": [43, 30.5], "uv_size": [0.5, -0.5]}
							}
						},
						{
							"origin": [-0.20711, 11.5, 2.375],
							"size": [0.41422, 1, 1],
							"uv": {
								"south": {"uv": [3, 42], "uv_size": [0.5, 1]},
								"up": {"uv": [4, 42], "uv_size": [0.5, 1]},
								"down": {"uv": [42, 5], "uv_size": [0.5, -1]}
							}
						},
						{
							"origin": [-0.20711, 11.5, 2.375],
							"size": [0.41422, 1, 1],
							"pivot": [0, 12, 4.25],
							"rotation": [0, 0, 45],
							"uv": {
								"south": {"uv": [42, 0], "uv_size": [0.5, 1]},
								"up": {"uv": [1, 42], "uv_size": [0.5, 1]},
								"down": {"uv": [42, 2], "uv_size": [0.5, -1]}
							}
						},
						{
							"origin": [-0.15533, 10.5, 2.375],
							"size": [0.31066, 0.75, 1],
							"pivot": [0, 10.875, 2.875],
							"rotation": [0, 0, 45],
							"uv": {
								"south": {"uv": [43, 43], "uv_size": [0.25, 0.75]},
								"up": {"uv": [20, 43], "uv_size": [0.25, 1]},
								"down": {"uv": [21, 44], "uv_size": [0.25, -1]}
							}
						},
						{
							"origin": [-0.15533, 10.5, 2.375],
							"size": [0.31066, 0.75, 1],
							"uv": {
								"south": {"uv": [43, 42], "uv_size": [0.25, 0.75]},
								"up": {"uv": [19, 43], "uv_size": [0.25, 1]},
								"down": {"uv": [43, 20], "uv_size": [0.25, -1]}
							}
						},
						{
							"origin": [-0.375, 10.71967, 2.375],
							"size": [0.75, 0.31066, 1],
							"pivot": [0, 10.875, 2.875],
							"rotation": [0, 0, 45],
							"uv": {
								"east": {"uv": [18, 43], "uv_size": [1, 0.25]},
								"south": {"uv": [42, 43], "uv_size": [0.75, 0.25]},
								"west": {"uv": [43, 18], "uv_size": [1, 0.25]}
							}
						},
						{
							"origin": [-0.375, 10.71967, 2.375],
							"size": [0.75, 0.31066, 1],
							"uv": {
								"east": {"uv": [17, 43], "uv_size": [1, 0.25]},
								"south": {"uv": [43, 41], "uv_size": [0.75, 0.25]},
								"west": {"uv": [43, 17], "uv_size": [1, 0.25]}
							}
						},
						{
							"origin": [-0.75, 10, -13.75],
							"size": [1.5, 0.25, 17.25],
							"uv": {
								"east": {"uv": [27, 3], "uv_size": [17.25, 0.25]},
								"south": {"uv": [42, 24], "uv_size": [1.5, 0.25]},
								"west": {"uv": [27, 20], "uv_size": [17.25, 0.25]},
								"up": {"uv": [0, 0], "uv_size": [1.5, 17.25]},
								"down": {"uv": [2, 17.25], "uv_size": [1.5, -17.25]}
							}
						},
						{
							"origin": [-0.749, 16.06218, -11.48896],
							"size": [1.498, 0.25, 0.35355],
							"pivot": [-0.001, 16.18718, -19.76041],
							"rotation": [-45, 0, 0],
							"uv": {
								"east": {"uv": [39, 44], "uv_size": [0.25, 0.25]},
								"west": {"uv": [44, 39], "uv_size": [0.25, 0.25]},
								"down": {"uv": [28, 42.25], "uv_size": [1.5, -0.25]}
							}
						},
						{
							"origin": [-0.75, 10.25, 2.75],
							"size": [1.5, 2.5, 0.5],
							"uv": {
								"north": {"uv": [0, 28], "uv_size": [1.5, 2.5]},
								"east": {"uv": [5, 36], "uv_size": [0.5, 2.5]},
								"south": {"uv": [2, 28], "uv_size": [1.5, 2.5]},
								"west": {"uv": [6, 36], "uv_size": [0.5, 2.5]},
								"up": {"uv": [39, 28], "uv_size": [1.5, 0.5]},
								"down": {"uv": [39, 29.5], "uv_size": [1.5, -0.5]}
							}
						},
						{
							"origin": [-0.75, 12, -14],
							"size": [1.5, 1.25, 0.5],
							"uv": {
								"north": {"uv": [31, 34], "uv_size": [1.5, 1.25]},
								"east": {"uv": [2, 41], "uv_size": [0.5, 1.25]},
								"west": {"uv": [41, 4], "uv_size": [0.5, 1.25]},
								"up": {"uv": [39, 30], "uv_size": [1.5, 0.5]},
								"down": {"uv": [31, 39.5], "uv_size": [1.5, -0.5]}
							}
						},
						{
							"origin": [-0.75, 10.25, -14],
							"size": [1.5, 0.75, 0.5],
							"uv": {
								"north": {"uv": [36, 17], "uv_size": [1.5, 0.75]},
								"east": {"uv": [35, 42], "uv_size": [0.5, 0.75]},
								"west": {"uv": [42, 35], "uv_size": [0.5, 0.75]},
								"up": {"uv": [39, 37], "uv_size": [1.5, 0.5]}
							}
						},
						{
							"origin": [-0.75, 11, -14],
							"size": [0.25, 1, 0.5],
							"uv": {
								"north": {"uv": [27, 43], "uv_size": [0.25, 1]},
								"east": {"uv": [42, 8], "uv_size": [0.5, 1]},
								"west": {"uv": [9, 42], "uv_size": [0.5, 1]}
							}
						},
						{
							"origin": [-0.5, 11, -13.501],
							"size": [1, 1, 0],
							"uv": {
								"north": {"uv": [24, 22], "uv_size": [1, 1]}
							}
						},
						{
							"origin": [0.5, 11, -14],
							"size": [0.25, 1, 0.5],
							"uv": {
								"north": {"uv": [43, 27], "uv_size": [0.25, 1]},
								"east": {"uv": [42, 9], "uv_size": [0.5, 1]},
								"west": {"uv": [10, 42], "uv_size": [0.5, 1]}
							}
						},
						{
							"origin": [-0.75, 12.75, -13.5],
							"size": [1.5, 0.5, 1],
							"uv": {
								"east": {"uv": [41, 40], "uv_size": [1, 0.5]},
								"south": {"uv": [39, 31], "uv_size": [1.5, 0.5]},
								"west": {"uv": [41, 41], "uv_size": [1, 0.5]},
								"up": {"uv": [34, 33], "uv_size": [1.5, 1]},
								"down": {"uv": [35, 3], "uv_size": [1.5, -1]}
							}
						},
						{
							"origin": [-1, 12.749, -11.25],
							"size": [2, 0.001, 10.5],
							"uv": {
								"up": {"uv": [4, 4], "uv_size": [2, 10.5]},
								"down": {"uv": [6, 14.5], "uv_size": [2, -10.5]}
							}
						},
						{
							"origin": [-1, 10.25, -11.25],
							"size": [2, 0.001, 10.5],
							"uv": {
								"up": {"uv": [8, 8], "uv_size": [2, 10.5]},
								"down": {"uv": [10, 18.5], "uv_size": [2, -10.5]}
							}
						},
						{
							"origin": [-0.65901, 13.5722, -11.25],
							"size": [0.35355, 0.001, 10.5],
							"pivot": [0.34099, 12.32322, -8.875],
							"rotation": [0, 0, -45],
							"uv": {
								"up": {"uv": [27, 29], "uv_size": [0.25, 10.5]},
								"down": {"uv": [28, 39.5], "uv_size": [0.25, -10.5]}
							}
						},
						{
							"origin": [0.30546, 13.5722, -11.25],
							"size": [0.35355, 0.001, 10.5],
							"pivot": [-0.34099, 12.32322, -8.875],
							"rotation": [0, 0, 45],
							"uv": {
								"up": {"uv": [29, 29], "uv_size": [0.25, 10.5]},
								"down": {"uv": [14, 40.5], "uv_size": [0.25, -10.5]}
							}
						},
						{
							"origin": [-0.65901, 9.42678, -11.25],
							"size": [0.35355, 0.001, 10.5],
							"pivot": [0.34099, 10.67678, -3.125],
							"rotation": [0, 0, 45],
							"uv": {
								"up": {"uv": [15, 30], "uv_size": [0.25, 10.5]},
								"down": {"uv": [23, 40.5], "uv_size": [0.25, -10.5]}
							}
						},
						{
							"origin": [0.30546, 9.42678, -11.25],
							"size": [0.35355, 0.001, 10.5],
							"pivot": [-0.34099, 10.67678, -3.125],
							"rotation": [0, 0, -45],
							"uv": {
								"up": {"uv": [24, 30], "uv_size": [0.25, 10.5]},
								"down": {"uv": [25, 40.5], "uv_size": [0.25, -10.5]}
							}
						},
						{
							"origin": [-0.17678, 9.90901, -13.499],
							"size": [0.35356, 3.18198, 2.248],
							"pivot": [0, 11.5, -12.375],
							"rotation": [0, 0, 45],
							"uv": {
								"north": {"uv": [7, 38], "uv_size": [0.25, 3.25]},
								"south": {"uv": [8, 38], "uv_size": [0.25, 3.25]},
								"up": {"uv": [23, 41], "uv_size": [0.25, 2.25]},
								"down": {"uv": [24, 43.25], "uv_size": [0.25, -2.25]}
							}
						},
						{
							"origin": [-0.17678, 9.90901, -13.499],
							"size": [0.35356, 3.18198, 2.248],
							"pivot": [0, 11.5, -12.375],
							"rotation": [0, 0, -45],
							"uv": {
								"north": {"uv": [9, 38], "uv_size": [0.25, 3.25]},
								"south": {"uv": [10, 38], "uv_size": [0.25, 3.25]},
								"up": {"uv": [25, 41], "uv_size": [0.25, 2.25]},
								"down": {"uv": [26, 43.25], "uv_size": [0.25, -2.25]}
							}
						},
						{
							"origin": [-1.25, 10.5, -11.25],
							"size": [0.001, 2, 10.5],
							"uv": {
								"east": {"uv": [4, 0], "uv_size": [10.5, 2]},
								"west": {"uv": [4, 2], "uv_size": [10.5, 2]}
							}
						},
						{
							"origin": [1.249, 10.5, -11.25],
							"size": [0.001, 2, 10.5],
							"uv": {
								"east": {"uv": [8, 4], "uv_size": [10.5, 2]},
								"west": {"uv": [8, 6], "uv_size": [10.5, 2]}
							}
						},
						{
							"origin": [-1, 10.25, -13.5],
							"size": [2, 2.5, 2.25],
							"uv": {
								"north": {"uv": [20, 25], "uv_size": [2, 2.5]},
								"south": {"uv": [26, 4], "uv_size": [2, 2.5]},
								"up": {"uv": [14, 27], "uv_size": [2, 2.25]},
								"down": {"uv": [27, 19.25], "uv_size": [2, -2.25]}
							}
						},
						{
							"origin": [-1.25, 10.5, -13.5],
							"size": [2.5, 2, 2.25],
							"uv": {
								"north": {"uv": [0, 26], "uv_size": [2.5, 2]},
								"east": {"uv": [27, 8], "uv_size": [2.25, 2]},
								"south": {"uv": [3, 26], "uv_size": [2.5, 2]},
								"west": {"uv": [27, 10], "uv_size": [2.25, 2]}
							}
						},
						{
							"origin": [-0.17678, 9.90901, -0.749],
							"size": [0.35356, 3.18198, 3.248],
							"pivot": [0, 11.5, 0.375],
							"rotation": [0, 0, 45],
							"uv": {
								"north": {"uv": [20, 38], "uv_size": [0.25, 3.25]},
								"south": {"uv": [21, 38], "uv_size": [0.25, 3.25]},
								"up": {"uv": [38, 21], "uv_size": [0.25, 3.25]},
								"down": {"uv": [38, 31.25], "uv_size": [0.25, -3.25]}
							}
						},
						{
							"origin": [-1.25, 10.5, -0.75],
							"size": [2.5, 2, 3.25],
							"uv": {
								"north": {"uv": [26, 12], "uv_size": [2.5, 2]},
								"east": {"uv": [14, 22], "uv_size": [3.25, 2]},
								"south": {"uv": [26, 14], "uv_size": [2.5, 2]},
								"west": {"uv": [22, 16], "uv_size": [3.25, 2]}
							}
						},
						{
							"origin": [-1.375, 10.875, -0.25],
							"size": [2.75, 0.75, 0.75],
							"pivot": [0, 11.25, 0.125],
							"rotation": [45, 0, 0],
							"uv": {
								"north": {"uv": [31, 18], "uv_size": [2.75, 0.75]},
								"east": {"uv": [27, 41], "uv_size": [0.75, 0.75]},
								"south": {"uv": [32, 10], "uv_size": [2.75, 0.75]},
								"west": {"uv": [41, 27], "uv_size": [0.75, 0.75]},
								"up": {"uv": [32, 11], "uv_size": [2.75, 0.75]},
								"down": {"uv": [32, 19.75], "uv_size": [2.75, -0.75]}
							}
						},
						{
							"origin": [-1.375, 10.875, -13],
							"size": [2.75, 0.75, 0.75],
							"pivot": [0, 11.25, -12.625],
							"rotation": [45, 0, 0],
							"uv": {
								"north": {"uv": [33, 27], "uv_size": [2.75, 0.75]},
								"east": {"uv": [29, 41], "uv_size": [0.75, 0.75]},
								"south": {"uv": [33, 29], "uv_size": [2.75, 0.75]},
								"west": {"uv": [41, 29], "uv_size": [0.75, 0.75]},
								"up": {"uv": [33, 30], "uv_size": [2.75, 0.75]},
								"down": {"uv": [31, 33.75], "uv_size": [2.75, -0.75]}
							}
						},
						{
							"origin": [-1.375, 10.875, 1.25],
							"size": [2.75, 0.75, 0.75],
							"pivot": [0, 11.25, 1.625],
							"rotation": [45, 0, 0],
							"uv": {
								"north": {"uv": [32, 21], "uv_size": [2.75, 0.75]},
								"east": {"uv": [28, 41], "uv_size": [0.75, 0.75]},
								"south": {"uv": [33, 6], "uv_size": [2.75, 0.75]},
								"west": {"uv": [41, 28], "uv_size": [0.75, 0.75]},
								"up": {"uv": [33, 22], "uv_size": [2.75, 0.75]},
								"down": {"uv": [33, 26.75], "uv_size": [2.75, -0.75]}
							}
						},
						{
							"origin": [-1, 10.25, -0.75],
							"size": [2, 2.5, 3.25],
							"uv": {
								"north": {"uv": [6, 26], "uv_size": [2, 2.5]},
								"south": {"uv": [12, 26], "uv_size": [2, 2.5]},
								"up": {"uv": [2, 22], "uv_size": [2, 3.25]},
								"down": {"uv": [12, 25.25], "uv_size": [2, -3.25]}
							}
						},
						{
							"origin": [-0.17678, 9.90901, -0.749],
							"size": [0.35356, 3.18198, 3.248],
							"pivot": [0, 11.5, 0.375],
							"rotation": [0, 0, -45],
							"uv": {
								"north": {"uv": [38, 10], "uv_size": [0.25, 3.25]},
								"south": {"uv": [38, 15], "uv_size": [0.25, 3.25]},
								"up": {"uv": [16, 38], "uv_size": [0.25, 3.25]},
								"down": {"uv": [17, 41.25], "uv_size": [0.25, -3.25]}
							}
						}
					]
				},
				{
					"name": "elec",
					"parent": "static",
					"pivot": [-9.875, -0.125, -3.5],
					"cubes": [
						{
							"origin": [-1.125, 10.625, -11.25],
							"size": [2.25, 1.75, 10.5],
							"uv": {
								"east": {"uv": [16, 8], "uv_size": [10.5, 1.75]},
								"west": {"uv": [16, 10], "uv_size": [10.5, 1.75]}
							}
						},
						{
							"origin": [-0.17678, 10.08579, -11.25],
							"size": [0.35356, 2.82842, 10.5],
							"pivot": [0, 11.5, -6],
							"rotation": [0, 0, -45],
							"uv": {
								"up": {"uv": [26, 30], "uv_size": [0.25, 10.5]},
								"down": {"uv": [30, 39.5], "uv_size": [0.25, -10.5]}
							}
						},
						{
							"origin": [-0.17678, 10.08579, -11.25],
							"size": [0.35356, 2.82842, 10.5],
							"pivot": [0, 11.5, -6],
							"rotation": [0, 0, -135],
							"uv": {
								"up": {"uv": [0, 31], "uv_size": [0.25, 10.5]},
								"down": {"uv": [1, 41.5], "uv_size": [0.25, -10.5]}
							}
						},
						{
							"origin": [-0.875, 10.375, -11.25],
							"size": [1.75, 2.25, 10.5],
							"uv": {
								"up": {"uv": [4, 15], "uv_size": [1.75, 10.5]},
								"down": {"uv": [6, 25.5], "uv_size": [1.75, -10.5]}
							}
						}
					]
				},
				{
					"name": "elec_illuminated",
					"parent": "static",
					"pivot": [0, 11.5, 0.25],
					"cubes": [
						{
							"origin": [-1.13625, 10.61625, -11.25],
							"size": [2.2725, 1.7675, 11.5],
							"uv": {
								"east": {"uv": [15, 0], "uv_size": [11.5, 1.75]},
								"west": {"uv": [15, 2], "uv_size": [11.5, 1.75]}
							}
						},
						{
							"origin": [-0.17854, 10.07164, -11.25],
							"size": [0.35708, 2.85672, 11.5],
							"pivot": [0, 11.5, -5],
							"rotation": [0, 0, -45],
							"uv": {
								"up": {"uv": [12, 29], "uv_size": [0.25, 11.5]},
								"down": {"uv": [13, 40.5], "uv_size": [0.25, -11.5]}
							}
						},
						{
							"origin": [-0.17854, 10.07164, -11.25],
							"size": [0.35708, 2.85672, 11.5],
							"pivot": [0, 11.5, -5],
							"rotation": [0, 0, -135],
							"uv": {
								"up": {"uv": [18, 29], "uv_size": [0.25, 11.5]},
								"down": {"uv": [19, 40.5], "uv_size": [0.25, -11.5]}
							}
						},
						{
							"origin": [-0.88375, 10.36375, -11.25],
							"size": [1.7675, 2.2725, 11.5],
							"uv": {
								"up": {"uv": [12, 8], "uv_size": [1.75, 11.5]},
								"down": {"uv": [14, 19.5], "uv_size": [1.75, -11.5]}
							}
						}
					]
				},
				{
					"name": "gun_positioning",
					"parent": "gun",
					"pivot": [0, 0, 0]
				},
				{
					"name": "stock_pos",
					"parent": "gun_positioning",
					"pivot": [0, 8.5, 10]
				},
				{
					"name": "muzzle_flash",
					"parent": "gun_positioning",
					"pivot": [0, 11.5, -15]
				},
				{
					"name": "muzzle_pos",
					"parent": "gun_positioning",
					"pivot": [0, 0, 0]
				},
				{
					"name": "constraint",
					"parent": "gun",
					"pivot": [0, 12.75, -16.5]
				},
				{
					"name": "mag",
					"parent": "root",
					"pivot": [0, 7.5, 3.75]
				},
				{
					"name": "magazine",
					"parent": "mag",
					"pivot": [0, 6.25, 3.75],
					"cubes": [
						{
							"origin": [-2, 5.42157, 2.25],
							"size": [4, 1.65686, 3],
							"uv": {
								"north": {"uv": [20, 14], "uv_size": [4, 1.75]},
								"east": {"uv": [25, 22], "uv_size": [3, 1.75]},
								"south": {"uv": [16, 20], "uv_size": [4, 1.75]},
								"west": {"uv": [25, 24], "uv_size": [3, 1.75]}
							}
						},
						{
							"origin": [-2, 4.25, 2.251],
							"size": [4, 4, 2.998],
							"uv": {
								"north": {"uv": [16, 12], "uv_size": [4, 4]},
								"south": {"uv": [16, 16], "uv_size": [4, 4]}
							}
						},
						{
							"origin": [-2, 5.42157, 2.25],
							"size": [4, 1.65686, 3],
							"pivot": [0, 6.25, 3.75],
							"rotation": [0, 0, 45],
							"uv": {
								"north": {"uv": [12, 20], "uv_size": [4, 1.75]},
								"east": {"uv": [24, 18], "uv_size": [3, 1.75]},
								"south": {"uv": [20, 12], "uv_size": [4, 1.75]},
								"west": {"uv": [24, 20], "uv_size": [3, 1.75]}
							}
						},
						{
							"origin": [-0.82843, 4.25, 2.25],
							"size": [1.65686, 4, 3],
							"uv": {
								"north": {"uv": [8, 19], "uv_size": [1.75, 4]},
								"south": {"uv": [10, 19], "uv_size": [1.75, 4]},
								"up": {"uv": [24, 12], "uv_size": [1.75, 3]},
								"down": {"uv": [14, 27], "uv_size": [1.75, -3]}
							}
						},
						{
							"origin": [-0.82843, 4.25, 2.25],
							"size": [1.65686, 4, 3],
							"pivot": [0, 6.25, 3.75],
							"rotation": [0, 0, 45],
							"uv": {
								"north": {"uv": [0, 18], "uv_size": [1.75, 4]},
								"south": {"uv": [2, 18], "uv_size": [1.75, 4]},
								"up": {"uv": [23, 23], "uv_size": [1.75, 3]},
								"down": {"uv": [24, 7], "uv_size": [1.75, -3]}
							}
						}
					]
				},
				{
					"name": "left",
					"parent": "mag",
					"pivot": [-6, 11, 0]
				},
				{
					"name": "lefthand_pos",
					"parent": "left",
					"pivot": [0, 0, 0],
					"cubes": [
						{
							"origin": [-8, 0, -2],
							"size": [4, 12, 4],
							"uv": {
								"north": {"uv": [0, 0], "uv_size": [4, 12]},
								"west": {"uv": [0, 0], "uv_size": [4, 12]},
								"up": {"uv": [4, 4], "uv_size": [-4, -4]}
							}
						}
					]
				},
				{
					"name": "right",
					"parent": "root",
					"pivot": [6, 11, 0]
				},
				{
					"name": "righthand_pos",
					"parent": "right",
					"pivot": [0, 0, 0],
					"cubes": [
						{
							"origin": [4, 0, -2],
							"size": [4, 12, 4],
							"uv": {
								"north": {"uv": [0, 0], "uv_size": [4, 12]},
								"east": {"uv": [0, 0], "uv_size": [4, 12]},
								"up": {"uv": [4, 4], "uv_size": [-4, -4]}
							}
						}
					]
				},
				{
					"name": "positioning",
					"pivot": [0, 0, 0]
				},
				{
					"name": "thirdperson_hand",
					"parent": "positioning",
					"pivot": [0, 6.75, 7.5]
				},
				{
					"name": "ground",
					"parent": "positioning",
					"pivot": [0, 2, -1]
				},
				{
					"name": "fixed",
					"parent": "positioning",
					"pivot": [-1, 8.1, 0],
					"rotation": [0, -90, 0]
				},
				{
					"name": "view",
					"pivot": [0, 0, 0]
				},
				{
					"name": "idle_view",
					"parent": "view",
					"pivot": [3, 12.25, 12]
				},
				{
					"name": "iron_view",
					"parent": "view",
					"pivot": [-5, 11.25, 10],
					"rotation": [0, 0, -60]
				},
				{
					"name": "refit_view",
					"parent": "view",
					"pivot": [21, 9, 2],
					"rotation": [0, 90, 0]
				},
				{
					"name": "refit_stock_view",
					"parent": "view",
					"pivot": [9, 8, 13.6],
					"rotation": [0, 90, 0]
				},
				{
					"name": "refit_muzzle_view",
					"parent": "view",
					"pivot": [15, 8, -2.4],
					"rotation": [0, 90, 0]
				},
				{
					"name": "refit_extended_mag_view",
					"parent": "view",
					"pivot": [9, 6, 3.6],
					"rotation": [0, 90, 0]
				},
				{
					"name": "camera",
					"pivot": [3, 12.25, 12]
				}
			]
		}
	]
}