{
	"format_version": "1.12.0",
	"minecraft:geometry": [
		{
			"description": {
				"identifier": "geometry.unknown",
				"texture_width": 32,
				"texture_height": 32,
				"visible_bounds_width": 5,
				"visible_bounds_height": 3,
				"visible_bounds_offset": [0, 0.5, 0]
			},
			"bones": [
				{
					"name": "positioning",
					"pivot": [0, 0, 0]
				},
				{
					"name": "thirdperson_hand",
					"parent": "positioning",
					"pivot": [0, 6.75, 6.5]
				},
				{
					"name": "ground",
					"parent": "positioning",
					"pivot": [0, 0, 9]
				},
				{
					"name": "fixed",
					"parent": "positioning",
					"pivot": [-1, 7, 8],
					"rotation": [0, -90, 0]
				},
				{
					"name": "view",
					"pivot": [0, 0, 0]
				},
				{
					"name": "idle_view",
					"parent": "view",
					"pivot": [3, 12.75, 17]
				},
				{
					"name": "iron_view",
					"parent": "view",
					"pivot": [0, 11.0625, 16]
				},
				{
					"name": "refit_view",
					"parent": "view",
					"pivot": [14, 6, 7],
					"rotation": [0, 90, 0]
				},
				{
					"name": "refit_stock_view",
					"parent": "view",
					"pivot": [9, 8, 13.6],
					"rotation": [0, 90, 0]
				},
				{
					"name": "refit_extended_mag_view",
					"parent": "view",
					"pivot": [9, 2, 10.6],
					"rotation": [0, 90, 0]
				},
				{
					"name": "refit_muzzle_view",
					"parent": "view",
					"pivot": [9, 8, 2.6],
					"rotation": [0, 90, 0]
				},
				{
					"name": "refit_scope_view",
					"parent": "view",
					"pivot": [8, 12.5, 13.3],
					"rotation": [0, 50, 0]
				},
				{
					"name": "camera",
					"pivot": [3, 12.75, 17]
				},
				{
					"name": "root",
					"pivot": [0, 6.75, 7.5]
				},
				{
					"name": "gun",
					"parent": "root",
					"pivot": [0, 6.75, 7.5]
				},
				{
					"name": "static",
					"parent": "gun",
					"pivot": [0, 0, 0]
				},
				{
					"name": "body",
					"parent": "static",
					"pivot": [0, 0, 0],
					"cubes": [
						{
							"origin": [-0.625, 5.75, 7.25],
							"size": [1.25, 1.5, 2],
							"uv": {
								"north": {"uv": [19, 13], "uv_size": [1.25, 1.5]},
								"east": {"uv": [16, 6], "uv_size": [2, 1.5]},
								"south": {"uv": [19, 17], "uv_size": [1.25, 1.5]},
								"west": {"uv": [8, 16], "uv_size": [2, 1.5]},
								"down": {"uv": [6, 20], "uv_size": [1.25, -2]}
							}
						},
						{
							"origin": [-0.624, 7.25, 7.25],
							"size": [1.248, 0.75, 0.25],
							"pivot": [-0.001, 7.25, 8.25],
							"rotation": [22.5, 0, 0],
							"uv": {
								"north": {"uv": [0, 23], "uv_size": [1.25, 0.75]},
								"east": {"uv": [4, 29], "uv_size": [0.25, 0.75]},
								"west": {"uv": [29, 4], "uv_size": [0.25, 0.75]}
							}
						},
						{
							"origin": [-0.626, 3.25646, 7.90062],
							"size": [1.252, 3.75, 1.75],
							"pivot": [0.375, 5.50646, 9.21312],
							"rotation": [22.5, 0, 0],
							"uv": {
								"north": {"uv": [13, 15], "uv_size": [1.25, 3.75]},
								"east": {"uv": [12, 11], "uv_size": [1.75, 3.75]},
								"south": {"uv": [16, 0], "uv_size": [1.25, 3.75]},
								"west": {"uv": [13, 4], "uv_size": [1.75, 3.75]},
								"down": {"uv": [13, 20.75], "uv_size": [1.25, -1.75]}
							}
						},
						{
							"origin": [-0.626, 3.25646, 7.40062],
							"size": [1.252, 0.25, 0.5],
							"pivot": [0.375, 5.50646, 9.21312],
							"rotation": [22.5, 0, 0],
							"uv": {
								"east": {"uv": [29, 11], "uv_size": [0.5, 0.25]},
								"west": {"uv": [12, 29], "uv_size": [0.5, 0.25]},
								"up": {"uv": [25, 9], "uv_size": [1.25, 0.5]},
								"down": {"uv": [25, 13.5], "uv_size": [1.25, -0.5]}
							}
						},
						{
							"origin": [-0.626, 2.73412, 6.39963],
							"size": [1.252, 0.25, 2],
							"uv": {
								"east": {"uv": [7, 26], "uv_size": [2, 0.25]},
								"west": {"uv": [26, 7], "uv_size": [2, 0.25]},
								"up": {"uv": [18, 6], "uv_size": [1.25, 2]},
								"down": {"uv": [8, 20], "uv_size": [1.25, -2]}
							}
						},
						{
							"origin": [-0.626, 3.58139, 6.35413],
							"size": [1.252, 0.25, 0.5],
							"pivot": [0, 3.70639, 5.60413],
							"rotation": [-45, 0, 0],
							"uv": {
								"east": {"uv": [29, 12], "uv_size": [0.5, 0.25]},
								"west": {"uv": [13, 29], "uv_size": [0.5, 0.25]},
								"up": {"uv": [25, 15], "uv_size": [1.25, 0.5]},
								"down": {"uv": [17, 25.5], "uv_size": [1.25, -0.5]}
							}
						},
						{
							"origin": [-0.626, 3.24148, 3.31589],
							"size": [1.252, 0.25, 3],
							"pivot": [0, 3.36648, 6.06589],
							"rotation": [-67.5, 0, 0],
							"uv": {
								"east": {"uv": [23, 10], "uv_size": [3, 0.25]},
								"west": {"uv": [23, 12], "uv_size": [3, 0.25]},
								"up": {"uv": [2, 16], "uv_size": [1.25, 3]},
								"down": {"uv": [4, 19], "uv_size": [1.25, -3]}
							}
						},
						{
							"origin": [-0.75, 7.25, 4.75],
							"size": [1.5, 1.75, 6],
							"uv": {
								"east": {"uv": [10, 0], "uv_size": [6, 1.75]},
								"south": {"uv": [17, 13], "uv_size": [1.5, 1.75]},
								"west": {"uv": [10, 2], "uv_size": [6, 1.75]},
								"down": {"uv": [10, 10], "uv_size": [1.5, -6]}
							}
						},
						{
							"origin": [-0.25, 6.75, 10],
							"size": [0.5, 0.5, 0.75],
							"uv": {
								"north": {"uv": [6, 28], "uv_size": [0.5, 0.5]},
								"east": {"uv": [9, 27], "uv_size": [0.75, 0.5]},
								"south": {"uv": [28, 6], "uv_size": [0.5, 0.5]},
								"west": {"uv": [10, 27], "uv_size": [0.75, 0.5]},
								"down": {"uv": [27, 10.75], "uv_size": [0.5, -0.75]}
							}
						},
						{
							"origin": [-0.375, 6.875, 10.25],
							"size": [0.75, 0.25, 1.5],
							"pivot": [0, 7, 10.375],
							"rotation": [-22.5, 0, 0],
							"uv": {
								"north": {"uv": [3, 29], "uv_size": [0.75, 0.25]},
								"east": {"uv": [11, 27], "uv_size": [1.5, 0.25]},
								"south": {"uv": [29, 3], "uv_size": [0.75, 0.25]},
								"west": {"uv": [27, 11], "uv_size": [1.5, 0.25]},
								"up": {"uv": [18, 21], "uv_size": [0.75, 1.5]},
								"down": {"uv": [22, 1.5], "uv_size": [0.75, -1.5]}
							}
						},
						{
							"origin": [-0.75, 7.25, 3],
							"size": [1.5, 1.75, 1.75],
							"uv": {
								"north": {"uv": [16, 17], "uv_size": [1.5, 1.75]},
								"east": {"uv": [16, 4], "uv_size": [1.75, 1.75]},
								"west": {"uv": [6, 16], "uv_size": [1.75, 1.75]},
								"down": {"uv": [18, 1.75], "uv_size": [1.5, -1.75]}
							}
						},
						{
							"origin": [-0.75, 5.5, 3],
							"size": [1.5, 1.75, 1.498],
							"uv": {
								"north": {"uv": [18, 2], "uv_size": [1.5, 1.75]},
								"south": {"uv": [18, 4], "uv_size": [1.5, 1.75]}
							}
						},
						{
							"origin": [-1, 5.75, 2.25],
							"size": [0.25, 3.25, 0.75],
							"uv": {
								"north": {"uv": [3, 23], "uv_size": [0.25, 3.25]},
								"east": {"uv": [11, 17], "uv_size": [0.75, 3.25]},
								"south": {"uv": [4, 23], "uv_size": [0.25, 3.25]},
								"west": {"uv": [18, 8], "uv_size": [0.75, 3.25]}
							}
						},
						{
							"origin": [-0.5, 5.25, 2.25],
							"size": [1, 0.25, 2.25],
							"uv": {
								"north": {"uv": [22, 27], "uv_size": [1, 0.25]},
								"south": {"uv": [27, 22], "uv_size": [1, 0.25]},
								"up": {"uv": [13, 8], "uv_size": [1, 2.25]},
								"down": {"uv": [19, 10.25], "uv_size": [1, -2.25]}
							}
						},
						{
							"origin": [-1.05806, 5.35983, 2.25],
							"size": [0.70711, 0.25, 2.25],
							"pivot": [-0.55806, 5.48483, 3.375],
							"rotation": [0, 0, 45],
							"uv": {
								"north": {"uv": [22, 28], "uv_size": [0.75, 0.25]},
								"south": {"uv": [28, 22], "uv_size": [0.75, 0.25]},
								"up": {"uv": [17, 19], "uv_size": [0.75, 2.25]},
								"down": {"uv": [19, 21.25], "uv_size": [0.75, -2.25]}
							}
						},
						{
							"origin": [0.35095, 5.35983, 2.25],
							"size": [0.70711, 0.25, 2.25],
							"pivot": [0.55806, 5.48483, 3.375],
							"rotation": [0, 0, -45],
							"uv": {
								"north": {"uv": [23, 28], "uv_size": [0.75, 0.25]},
								"south": {"uv": [28, 23], "uv_size": [0.75, 0.25]},
								"up": {"uv": [0, 20], "uv_size": [0.75, 2.25]},
								"down": {"uv": [20, 2.25], "uv_size": [0.75, -2.25]}
							}
						},
						{
							"origin": [-1.05806, 9.14017, 3.5],
							"size": [0.70711, 0.25, 1],
							"pivot": [-0.55806, 9.26517, 3.375],
							"rotation": [0, 0, -45],
							"uv": {
								"north": {"uv": [25, 28], "uv_size": [0.75, 0.25]},
								"south": {"uv": [28, 25], "uv_size": [0.75, 0.25]},
								"up": {"uv": [9, 24], "uv_size": [0.75, 1]},
								"down": {"uv": [12, 25], "uv_size": [0.75, -1]}
							}
						},
						{
							"origin": [-0.5, 9.25, 3.5],
							"size": [1, 0.25, 1],
							"uv": {
								"north": {"uv": [23, 27], "uv_size": [1, 0.25]},
								"south": {"uv": [27, 23], "uv_size": [1, 0.25]},
								"up": {"uv": [22, 9], "uv_size": [1, 1]},
								"down": {"uv": [22, 14], "uv_size": [1, -1]}
							}
						},
						{
							"origin": [-0.5, 9.25, 8.5],
							"size": [1, 0.25, 1],
							"uv": {
								"north": {"uv": [1, 28], "uv_size": [1, 0.25]},
								"south": {"uv": [2, 28], "uv_size": [1, 0.25]},
								"up": {"uv": [17, 22], "uv_size": [1, 1]},
								"down": {"uv": [19, 23], "uv_size": [1, -1]}
							}
						},
						{
							"origin": [0.35095, 9.14017, 3.5],
							"size": [0.70711, 0.25, 1],
							"pivot": [0.55806, 9.26517, 3.375],
							"rotation": [0, 0, 45],
							"uv": {
								"north": {"uv": [24, 28], "uv_size": [0.75, 0.25]},
								"south": {"uv": [28, 24], "uv_size": [0.75, 0.25]},
								"up": {"uv": [24, 7], "uv_size": [0.75, 1]},
								"down": {"uv": [24, 9], "uv_size": [0.75, -1]}
							}
						},
						{
							"origin": [0.35095, 9.14017, 8.5],
							"size": [0.70711, 0.25, 1],
							"pivot": [0.55806, 9.26517, 8.375],
							"rotation": [0, 0, 45],
							"uv": {
								"north": {"uv": [27, 28], "uv_size": [0.75, 0.25]},
								"south": {"uv": [28, 27], "uv_size": [0.75, 0.25]},
								"up": {"uv": [18, 24], "uv_size": [0.75, 1]},
								"down": {"uv": [19, 25], "uv_size": [0.75, -1]}
							}
						},
						{
							"origin": [-1.05806, 9.14017, 8.5],
							"size": [0.70711, 0.25, 1],
							"pivot": [-0.55806, 9.26517, 8.375],
							"rotation": [0, 0, -45],
							"uv": {
								"north": {"uv": [26, 28], "uv_size": [0.75, 0.25]},
								"south": {"uv": [28, 26], "uv_size": [0.75, 0.25]},
								"up": {"uv": [24, 15], "uv_size": [0.75, 1]},
								"down": {"uv": [17, 25], "uv_size": [0.75, -1]}
							}
						},
						{
							"origin": [0.75, 5.75, 2.25],
							"size": [0.25, 3.25, 0.75],
							"uv": {
								"north": {"uv": [5, 23], "uv_size": [0.25, 3.25]},
								"east": {"uv": [18, 17], "uv_size": [0.75, 3.25]},
								"south": {"uv": [6, 23], "uv_size": [0.25, 3.25]},
								"west": {"uv": [1, 19], "uv_size": [0.75, 3.25]}
							}
						},
						{
							"origin": [0.75, 5.75, 3],
							"size": [0.25, 2, 1.5],
							"uv": {
								"south": {"uv": [17, 26], "uv_size": [0.25, 2]},
								"west": {"uv": [16, 10], "uv_size": [1.5, 2]},
								"up": {"uv": [27, 8], "uv_size": [0.25, 1.5]}
							}
						},
						{
							"origin": [-1, 5.75, 3],
							"size": [0.25, 2, 1.5],
							"uv": {
								"east": {"uv": [16, 8], "uv_size": [1.5, 2]},
								"south": {"uv": [26, 16], "uv_size": [0.25, 2]},
								"up": {"uv": [8, 27], "uv_size": [0.25, 1.5]}
							}
						},
						{
							"origin": [-1, 8.75, 3.5],
							"size": [0.25, 0.25, 1],
							"uv": {
								"east": {"uv": [24, 27], "uv_size": [1, 0.25]},
								"down": {"uv": [25, 28], "uv_size": [0.25, -1]}
							}
						},
						{
							"origin": [0.75, 8.75, 3.5],
							"size": [0.25, 0.25, 1],
							"uv": {
								"west": {"uv": [26, 27], "uv_size": [1, 0.25]},
								"down": {"uv": [27, 27], "uv_size": [0.25, -1]}
							}
						},
						{
							"origin": [0.35095, 9.14017, 2.25],
							"size": [0.70711, 0.25, 0.75],
							"pivot": [0.55806, 9.26517, 2.125],
							"rotation": [0, 0, 45],
							"uv": {
								"north": {"uv": [2, 29], "uv_size": [0.75, 0.25]},
								"south": {"uv": [29, 2], "uv_size": [0.75, 0.25]},
								"up": {"uv": [26, 3], "uv_size": [0.75, 0.75]},
								"down": {"uv": [26, 4.75], "uv_size": [0.75, -0.75]}
							}
						},
						{
							"origin": [-0.5, 9.25, 2.25],
							"size": [1, 0.25, 0.75],
							"uv": {
								"north": {"uv": [5, 28], "uv_size": [1, 0.25]},
								"south": {"uv": [28, 5], "uv_size": [1, 0.25]},
								"up": {"uv": [1, 25], "uv_size": [1, 0.75]},
								"down": {"uv": [2, 25.75], "uv_size": [1, -0.75]}
							}
						},
						{
							"origin": [-1.05806, 9.14017, 2.25],
							"size": [0.70711, 0.25, 0.75],
							"pivot": [-0.55806, 9.26517, 2.125],
							"rotation": [0, 0, -45],
							"uv": {
								"north": {"uv": [1, 29], "uv_size": [0.75, 0.25]},
								"south": {"uv": [29, 1], "uv_size": [0.75, 0.25]},
								"up": {"uv": [2, 26], "uv_size": [0.75, 0.75]},
								"down": {"uv": [26, 2.75], "uv_size": [0.75, -0.75]}
							}
						},
						{
							"origin": [0.749, 8.3295, 4.01517],
							"size": [0.25, 0.25, 0.5],
							"pivot": [0.875, 8.2045, 4.76517],
							"rotation": [-45, 0, 0],
							"uv": {
								"west": {"uv": [29, 17], "uv_size": [0.5, 0.25]},
								"up": {"uv": [18, 29], "uv_size": [0.25, 0.5]}
							}
						},
						{
							"origin": [-0.999, 8.3295, 4.01517],
							"size": [0.25, 0.25, 0.5],
							"pivot": [-0.875, 8.2045, 4.76517],
							"rotation": [-45, 0, 0],
							"uv": {
								"east": {"uv": [29, 18], "uv_size": [0.5, 0.25]},
								"up": {"uv": [19, 29], "uv_size": [0.25, 0.5]}
							}
						},
						{
							"origin": [0.749, 8.3295, 2.51517],
							"size": [0.25, 0.25, 0.5],
							"pivot": [0.875, 8.2045, 3.26517],
							"rotation": [-45, 0, 0],
							"uv": {
								"west": {"uv": [1, 30], "uv_size": [0.5, 0.25]},
								"up": {"uv": [30, 1], "uv_size": [0.25, 0.5]}
							}
						},
						{
							"origin": [-0.999, 8.3295, 2.51517],
							"size": [0.25, 0.25, 0.5],
							"pivot": [-0.875, 8.2045, 3.26517],
							"rotation": [-45, 0, 0],
							"uv": {
								"east": {"uv": [0, 30], "uv_size": [0.5, 0.25]},
								"up": {"uv": [30, 0], "uv_size": [0.25, 0.5]}
							}
						},
						{
							"origin": [0.749, 8.3295, 8.48483],
							"size": [0.25, 0.25, 0.5],
							"pivot": [0.875, 8.2045, 8.23483],
							"rotation": [45, 0, 0],
							"uv": {
								"west": {"uv": [29, 20], "uv_size": [0.5, 0.25]},
								"up": {"uv": [21, 29], "uv_size": [0.25, 0.5]}
							}
						},
						{
							"origin": [-0.999, 8.3295, 8.48483],
							"size": [0.25, 0.25, 0.5],
							"pivot": [-0.875, 8.2045, 8.23483],
							"rotation": [45, 0, 0],
							"uv": {
								"east": {"uv": [29, 19], "uv_size": [0.5, 0.25]},
								"up": {"uv": [20, 29], "uv_size": [0.25, 0.5]}
							}
						},
						{
							"origin": [-0.999, 8.3295, 3.48483],
							"size": [0.25, 0.25, 0.5],
							"pivot": [-0.875, 8.2045, 3.23483],
							"rotation": [45, 0, 0],
							"uv": {
								"east": {"uv": [29, 22], "uv_size": [0.5, 0.25]},
								"up": {"uv": [23, 29], "uv_size": [0.25, 0.5]}
							}
						},
						{
							"origin": [0.749, 8.3295, 3.48483],
							"size": [0.25, 0.25, 0.5],
							"pivot": [0.875, 8.2045, 3.23483],
							"rotation": [45, 0, 0],
							"uv": {
								"west": {"uv": [29, 21], "uv_size": [0.5, 0.25]},
								"up": {"uv": [22, 29], "uv_size": [0.25, 0.5]}
							}
						},
						{
							"origin": [-1, 8.25, 3],
							"size": [0.25, 0.5, 5.5],
							"uv": {
								"east": {"uv": [17, 12], "uv_size": [5.5, 0.5]},
								"up": {"uv": [14, 21], "uv_size": [0.25, 5.5]},
								"down": {"uv": [21, 22.5], "uv_size": [0.25, -5.5]}
							}
						},
						{
							"origin": [0.75, 8.25, 3],
							"size": [0.25, 0.5, 5.5],
							"uv": {
								"west": {"uv": [16, 16], "uv_size": [5.5, 0.5]},
								"up": {"uv": [11, 21], "uv_size": [0.25, 5.5]},
								"down": {"uv": [13, 26.5], "uv_size": [0.25, -5.5]}
							}
						},
						{
							"origin": [0.749, 7.5, 3],
							"size": [0.25, 0.25, 0.5],
							"pivot": [0.875, 8, 3.25],
							"rotation": [-45, 0, 0],
							"uv": {
								"west": {"uv": [29, 23], "uv_size": [0.5, 0.25]},
								"up": {"uv": [24, 29], "uv_size": [0.25, 0.5]}
							}
						},
						{
							"origin": [0.749, 7.75, 2.75],
							"size": [0.25, 0.5, 0.25],
							"pivot": [0.875, 8, 3.25],
							"rotation": [-45, 0, 0],
							"uv": {
								"south": {"uv": [29, 24], "uv_size": [0.25, 0.5]},
								"west": {"uv": [25, 29], "uv_size": [0.25, 0.5]}
							}
						},
						{
							"origin": [-0.999, 7.75, 2.75],
							"size": [0.25, 0.5, 0.25],
							"pivot": [-0.875, 8, 3.25],
							"rotation": [-45, 0, 0],
							"uv": {
								"east": {"uv": [29, 26], "uv_size": [0.25, 0.5]},
								"south": {"uv": [27, 29], "uv_size": [0.25, 0.5]}
							}
						},
						{
							"origin": [-0.999, 7.5, 3],
							"size": [0.25, 0.25, 0.5],
							"pivot": [-0.875, 8, 3.25],
							"rotation": [-45, 0, 0],
							"uv": {
								"east": {"uv": [29, 25], "uv_size": [0.5, 0.25]},
								"up": {"uv": [26, 29], "uv_size": [0.25, 0.5]}
							}
						},
						{
							"origin": [0.75, 8.25, 8.5],
							"size": [0.25, 0.75, 1],
							"uv": {
								"south": {"uv": [0, 29], "uv_size": [0.25, 0.75]},
								"west": {"uv": [24, 20], "uv_size": [1, 0.75]},
								"down": {"uv": [0, 29], "uv_size": [0.25, -1]}
							}
						},
						{
							"origin": [0.75, 8, 9.25],
							"size": [0.25, 0.25, 0.25],
							"uv": {
								"south": {"uv": [30, 17], "uv_size": [0.25, 0.25]},
								"west": {"uv": [18, 30], "uv_size": [0.25, 0.25]},
								"down": {"uv": [30, 18.25], "uv_size": [0.25, -0.25]}
							}
						},
						{
							"origin": [0.749, 8.05178, 8.875],
							"size": [0.25, 0.25, 0.5],
							"pivot": [0.875, 8.17678, 9.25],
							"rotation": [-45, 0, 0],
							"uv": {
								"west": {"uv": [29, 27], "uv_size": [0.5, 0.25]},
								"down": {"uv": [28, 29.5], "uv_size": [0.25, -0.5]}
							}
						},
						{
							"origin": [-0.999, 8.05178, 8.875],
							"size": [0.25, 0.25, 0.5],
							"pivot": [-0.875, 8.17678, 9.25],
							"rotation": [-45, 0, 0],
							"uv": {
								"east": {"uv": [29, 28], "uv_size": [0.5, 0.25]},
								"down": {"uv": [29, 29.5], "uv_size": [0.25, -0.5]}
							}
						},
						{
							"origin": [-1, 8, 9.25],
							"size": [0.25, 0.25, 0.25],
							"uv": {
								"east": {"uv": [19, 30], "uv_size": [0.25, 0.25]},
								"south": {"uv": [30, 19], "uv_size": [0.25, 0.25]},
								"down": {"uv": [20, 30.25], "uv_size": [0.25, -0.25]}
							}
						},
						{
							"origin": [-1, 8.25, 8.5],
							"size": [0.25, 0.75, 1],
							"uv": {
								"east": {"uv": [20, 24], "uv_size": [1, 0.75]},
								"south": {"uv": [28, 28], "uv_size": [0.25, 0.75]},
								"down": {"uv": [27, 28], "uv_size": [0.25, -1]}
							}
						},
						{
							"origin": [-0.75, 5.75, 4.75],
							"size": [1.5, 1.5, 0.5],
							"uv": {
								"north": {"uv": [2, 19], "uv_size": [1.5, 1.5]},
								"east": {"uv": [23, 0], "uv_size": [0.5, 1.5]},
								"south": {"uv": [4, 19], "uv_size": [1.5, 1.5]},
								"west": {"uv": [7, 23], "uv_size": [0.5, 1.5]},
								"down": {"uv": [23, 9.5], "uv_size": [1.5, -0.5]}
							}
						},
						{
							"origin": [-0.5, 7, 4.5],
							"size": [1, 0.25, 0.25],
							"uv": {
								"down": {"uv": [7, 28.25], "uv_size": [1, -0.25]}
							}
						},
						{
							"origin": [-0.61872, 7.31694, 4.5],
							"size": [0.35355, 0.25, 0.25],
							"pivot": [-0.76517, 7.44194, 4.625],
							"rotation": [0, 0, 45],
							"uv": {
								"down": {"uv": [30, 23.25], "uv_size": [0.25, -0.25]}
							}
						},
						{
							"origin": [0.26517, 7.31694, 4.5],
							"size": [0.35355, 0.25, 0.25],
							"pivot": [0.76517, 7.44194, 4.625],
							"rotation": [0, 0, -45],
							"uv": {
								"down": {"uv": [24, 30.25], "uv_size": [0.25, -0.25]}
							}
						},
						{
							"origin": [-0.8125, 5.875, 4.875],
							"size": [1.625, 0.25, 0.25],
							"pivot": [0.125, 6, 5],
							"rotation": [-45, 0, 0],
							"uv": {
								"north": {"uv": [26, 24], "uv_size": [1.75, 0.25]},
								"east": {"uv": [30, 15], "uv_size": [0.25, 0.25]},
								"south": {"uv": [25, 26], "uv_size": [1.75, 0.25]},
								"west": {"uv": [16, 30], "uv_size": [0.25, 0.25]},
								"up": {"uv": [26, 25], "uv_size": [1.75, 0.25]},
								"down": {"uv": [0, 27.25], "uv_size": [1.75, -0.25]}
							}
						},
						{
							"origin": [-0.8125, 7.375, 4.875],
							"size": [1.625, 0.25, 0.25],
							"pivot": [0.125, 7.5, 5],
							"rotation": [-45, 0, 0],
							"uv": {
								"north": {"uv": [27, 0], "uv_size": [1.75, 0.25]},
								"east": {"uv": [30, 16], "uv_size": [0.25, 0.25]},
								"south": {"uv": [27, 1], "uv_size": [1.75, 0.25]},
								"west": {"uv": [17, 30], "uv_size": [0.25, 0.25]},
								"up": {"uv": [2, 27], "uv_size": [1.75, 0.25]},
								"down": {"uv": [27, 2.25], "uv_size": [1.75, -0.25]}
							}
						},
						{
							"origin": [-0.8125, 7.875, 3.125],
							"size": [1.625, 0.25, 0.25],
							"pivot": [0.125, 8, 3.25],
							"rotation": [-45, 0, 0],
							"uv": {
								"north": {"uv": [27, 3], "uv_size": [1.75, 0.25]},
								"east": {"uv": [30, 21], "uv_size": [0.25, 0.25]},
								"south": {"uv": [4, 27], "uv_size": [1.75, 0.25]},
								"west": {"uv": [22, 30], "uv_size": [0.25, 0.25]},
								"up": {"uv": [27, 4], "uv_size": [1.75, 0.25]},
								"down": {"uv": [6, 27.25], "uv_size": [1.75, -0.25]}
							}
						},
						{
							"origin": [-4.37024, 11.24219, 3],
							"size": [0.35355, 0.25, 7.75],
							"pivot": [-4.64169, 4.49219, 0],
							"rotation": [0, 0, 45],
							"uv": {
								"north": {"uv": [13, 30], "uv_size": [0.25, 0.25]},
								"south": {"uv": [30, 13], "uv_size": [0.25, 0.25]},
								"up": {"uv": [10, 19], "uv_size": [0.25, 7.75]}
							}
						},
						{
							"origin": [-0.5, 9, 3],
							"size": [1, 0.25, 7.75],
							"uv": {
								"north": {"uv": [16, 27], "uv_size": [1, 0.25]},
								"south": {"uv": [27, 21], "uv_size": [1, 0.25]},
								"up": {"uv": [1, 11], "uv_size": [1, 7.75]}
							}
						},
						{
							"origin": [-0.5, 9.25, 8.499],
							"size": [1, 0.5, 1.5],
							"uv": {
								"north": {"uv": [26, 12], "uv_size": [1, 0.5]},
								"east": {"uv": [24, 21], "uv_size": [1.5, 0.5]},
								"west": {"uv": [22, 24], "uv_size": [1.5, 0.5]},
								"up": {"uv": [20, 3], "uv_size": [1, 1.5]}
							}
						},
						{
							"origin": [-0.499, 8.79289, 9.60255],
							"size": [0.998, 0.5, 0.75],
							"pivot": [-0.001, 9.04289, 10.35255],
							"rotation": [-45, 0, 0],
							"uv": {
								"east": {"uv": [27, 14], "uv_size": [0.75, 0.5]},
								"west": {"uv": [15, 27], "uv_size": [0.75, 0.5]},
								"up": {"uv": [25, 5], "uv_size": [1, 0.75]}
							}
						},
						{
							"origin": [-0.25, 9.25, 4.5],
							"size": [0.5, 0.25, 4],
							"uv": {
								"east": {"uv": [22, 14], "uv_size": [4, 0.25]},
								"west": {"uv": [22, 16], "uv_size": [4, 0.25]}
							}
						},
						{
							"origin": [-0.375, 9.5, 4.5],
							"size": [0.75, 0.25, 4],
							"uv": {
								"north": {"uv": [29, 0], "uv_size": [0.75, 0.25]},
								"east": {"uv": [22, 17], "uv_size": [4, 0.25]},
								"west": {"uv": [22, 18], "uv_size": [4, 0.25]},
								"up": {"uv": [16, 12], "uv_size": [0.75, 4]},
								"down": {"uv": [15, 20], "uv_size": [0.75, -4]}
							}
						},
						{
							"origin": [4.01669, 11.24219, 3],
							"size": [0.35355, 0.25, 7.75],
							"pivot": [4.64169, 4.49219, 0],
							"rotation": [0, 0, -45],
							"uv": {
								"north": {"uv": [14, 30], "uv_size": [0.25, 0.25]},
								"south": {"uv": [30, 14], "uv_size": [0.25, 0.25]},
								"up": {"uv": [16, 19], "uv_size": [0.25, 7.75]}
							}
						},
						{
							"origin": [-0.125, 6.75, 6.5],
							"size": [0.25, 0.5, 0.25],
							"uv": {
								"north": {"uv": [29, 7], "uv_size": [0.25, 0.5]},
								"east": {"uv": [8, 29], "uv_size": [0.25, 0.5]},
								"south": {"uv": [29, 8], "uv_size": [0.25, 0.5]},
								"west": {"uv": [9, 29], "uv_size": [0.25, 0.5]}
							}
						},
						{
							"origin": [-0.125, 6.31537, 6.37928],
							"size": [0.25, 0.5, 0.25],
							"pivot": [0.125, 6.44037, 6.50428],
							"rotation": [-20, 0, 0],
							"uv": {
								"north": {"uv": [29, 9], "uv_size": [0.25, 0.5]},
								"east": {"uv": [10, 29], "uv_size": [0.25, 0.5]},
								"south": {"uv": [29, 10], "uv_size": [0.25, 0.5]},
								"west": {"uv": [11, 29], "uv_size": [0.25, 0.5]},
								"down": {"uv": [15, 30.25], "uv_size": [0.25, -0.25]}
							}
						},
						{
							"origin": [-0.25, 5.75, 5.25],
							"size": [0.5, 0.25, 2],
							"uv": {
								"east": {"uv": [26, 5], "uv_size": [2, 0.25]},
								"west": {"uv": [26, 6], "uv_size": [2, 0.25]},
								"up": {"uv": [9, 22], "uv_size": [0.5, 2]},
								"down": {"uv": [12, 24], "uv_size": [0.5, -2]}
							}
						},
						{
							"origin": [-0.20711, 6, 2],
							"size": [0.41422, 1, 2.75],
							"pivot": [0, 6.5, 3.25],
							"rotation": [0, 0, 45],
							"uv": {
								"north": {"uv": [26, 8], "uv_size": [0.5, 1]},
								"up": {"uv": [15, 20], "uv_size": [0.5, 2.75]},
								"down": {"uv": [20, 21.75], "uv_size": [0.5, -2.75]}
							}
						},
						{
							"origin": [-0.20711, 6, 2],
							"size": [0.41422, 1, 2.75],
							"uv": {
								"north": {"uv": [9, 26], "uv_size": [0.5, 1]},
								"up": {"uv": [21, 0], "uv_size": [0.5, 2.75]},
								"down": {"uv": [2, 23.75], "uv_size": [0.5, -2.75]}
							}
						},
						{
							"origin": [-0.5, 6.29289, 2],
							"size": [1, 0.41422, 2.75],
							"pivot": [0, 6.5, 3.25],
							"rotation": [0, 0, 45],
							"uv": {
								"north": {"uv": [26, 10], "uv_size": [1, 0.5]},
								"east": {"uv": [3, 21], "uv_size": [2.75, 0.5]},
								"west": {"uv": [21, 3], "uv_size": [2.75, 0.5]}
							}
						},
						{
							"origin": [-0.5, 6.29289, 2],
							"size": [1, 0.41422, 2.75],
							"uv": {
								"north": {"uv": [26, 11], "uv_size": [1, 0.5]},
								"east": {"uv": [21, 4], "uv_size": [2.75, 0.5]},
								"west": {"uv": [21, 5], "uv_size": [2.75, 0.5]}
							}
						},
						{
							"origin": [-0.25888, 7.625, 1.75],
							"size": [0.51776, 0.1875, 1.5],
							"pivot": [0, 8.25, 2.375],
							"rotation": [0, 0, 45],
							"uv": {
								"north": {"uv": [15, 29], "uv_size": [0.5, 0.25]},
								"up": {"uv": [23, 20], "uv_size": [0.5, 1.5]},
								"down": {"uv": [21, 24.5], "uv_size": [0.5, -1.5]}
							}
						},
						{
							"origin": [-0.25888, 8.6875, 1.75],
							"size": [0.51776, 0.1875, 1.5],
							"uv": {
								"north": {"uv": [29, 14], "uv_size": [0.5, 0.25]},
								"up": {"uv": [8, 23], "uv_size": [0.5, 1.5]},
								"down": {"uv": [15, 24.5], "uv_size": [0.5, -1.5]}
							}
						},
						{
							"origin": [-0.625, 7.99112, 1.75],
							"size": [0.1875, 0.51776, 1.5],
							"pivot": [0, 8.25, 2.375],
							"rotation": [0, 0, 45],
							"uv": {
								"north": {"uv": [14, 29], "uv_size": [0.25, 0.5]},
								"east": {"uv": [19, 23], "uv_size": [1.5, 0.5]},
								"west": {"uv": [23, 19], "uv_size": [1.5, 0.5]}
							}
						},
						{
							"origin": [-0.625, 7.99112, 1.75],
							"size": [0.1875, 0.51776, 1.5],
							"uv": {
								"north": {"uv": [29, 13], "uv_size": [0.25, 0.5]},
								"east": {"uv": [23, 13], "uv_size": [1.5, 0.5]},
								"west": {"uv": [17, 23], "uv_size": [1.5, 0.5]}
							}
						},
						{
							"origin": [-0.25888, 7.625, 1.75],
							"size": [0.51776, 0.1875, 1.5],
							"uv": {
								"north": {"uv": [17, 29], "uv_size": [0.5, 0.25]},
								"up": {"uv": [24, 3], "uv_size": [0.5, 1.5]},
								"down": {"uv": [24, 6.5], "uv_size": [0.5, -1.5]}
							}
						},
						{
							"origin": [0.4375, 7.99112, 1.75],
							"size": [0.1875, 0.51776, 1.5],
							"pivot": [0, 8.25, 2.375],
							"rotation": [0, 0, 45],
							"uv": {
								"north": {"uv": [29, 16], "uv_size": [0.25, 0.5]},
								"east": {"uv": [24, 1], "uv_size": [1.5, 0.5]},
								"west": {"uv": [24, 2], "uv_size": [1.5, 0.5]}
							}
						},
						{
							"origin": [0.4375, 7.99112, 1.75],
							"size": [0.1875, 0.51776, 1.5],
							"uv": {
								"north": {"uv": [16, 29], "uv_size": [0.25, 0.5]},
								"east": {"uv": [24, 0], "uv_size": [1.5, 0.5]},
								"west": {"uv": [1, 24], "uv_size": [1.5, 0.5]}
							}
						},
						{
							"origin": [-0.25888, 8.6875, 1.75],
							"size": [0.51776, 0.1875, 1.5],
							"pivot": [0, 8.25, 2.375],
							"rotation": [0, 0, 45],
							"uv": {
								"north": {"uv": [29, 15], "uv_size": [0.5, 0.25]},
								"up": {"uv": [23, 22], "uv_size": [0.5, 1.5]},
								"down": {"uv": [0, 25.5], "uv_size": [0.5, -1.5]}
							}
						},
						{
							"origin": [-0.2589, 7.625, 10.75],
							"size": [0.5178, 1.25, 0.25],
							"pivot": [0, 8.25, 10.875],
							"rotation": [0, 0, 90],
							"uv": {
								"south": {"uv": [19, 25], "uv_size": [0.5, 1.25]},
								"up": {"uv": [2, 30], "uv_size": [0.5, 0.25]},
								"down": {"uv": [30, 2.25], "uv_size": [0.5, -0.25]}
							}
						},
						{
							"origin": [-0.2589, 7.625, 10.75],
							"size": [0.5178, 1.25, 0.25],
							"pivot": [0, 8.25, 10.875],
							"rotation": [0, 0, 45],
							"uv": {
								"south": {"uv": [25, 19], "uv_size": [0.5, 1.25]},
								"up": {"uv": [3, 30], "uv_size": [0.5, 0.25]},
								"down": {"uv": [30, 3.25], "uv_size": [0.5, -0.25]}
							}
						},
						{
							"origin": [-0.2589, 7.625, 10.75],
							"size": [0.5178, 1.25, 0.25],
							"uv": {
								"south": {"uv": [20, 25], "uv_size": [0.5, 1.25]},
								"up": {"uv": [4, 30], "uv_size": [0.5, 0.25]},
								"down": {"uv": [30, 4.25], "uv_size": [0.5, -0.25]}
							}
						},
						{
							"origin": [-0.2589, 7.625, 10.75],
							"size": [0.5178, 1.25, 0.25],
							"pivot": [0, 8.25, 10.875],
							"rotation": [0, 0, 135],
							"uv": {
								"south": {"uv": [21, 25], "uv_size": [0.5, 1.25]},
								"up": {"uv": [5, 30], "uv_size": [0.5, 0.25]},
								"down": {"uv": [30, 5.25], "uv_size": [0.5, -0.25]}
							}
						}
					]
				},
				{
					"name": "sight",
					"parent": "static",
					"pivot": [0.375, 2.25, 0],
					"cubes": [
						{
							"origin": [-0.5, 9.75, 9.25],
							"size": [1, 1, 0.75],
							"uv": {
								"east": {"uv": [24, 22], "uv_size": [0.75, 1]},
								"south": {"uv": [22, 19], "uv_size": [1, 1]},
								"west": {"uv": [24, 23], "uv_size": [0.75, 1]},
								"up": {"uv": [24, 24], "uv_size": [1, 0.75]}
							}
						},
						{
							"origin": [-0.5, 10.5, 3],
							"size": [1, 0.25, 6.25],
							"uv": {
								"north": {"uv": [3, 28], "uv_size": [1, 0.25]},
								"east": {"uv": [17, 15], "uv_size": [6.25, 0.25]},
								"south": {"uv": [4, 28], "uv_size": [1, 0.25]},
								"west": {"uv": [19, 11], "uv_size": [6.25, 0.25]},
								"up": {"uv": [14, 8], "uv_size": [1, 6.25]},
								"down": {"uv": [15, 10.25], "uv_size": [1, -6.25]}
							}
						},
						{
							"origin": [-0.5, 9.25, 3],
							"size": [1, 1.25, 0.5],
							"uv": {
								"north": {"uv": [21, 8], "uv_size": [1, 1.25]},
								"east": {"uv": [12, 25], "uv_size": [0.5, 1.25]},
								"south": {"uv": [21, 13], "uv_size": [1, 1.25]},
								"west": {"uv": [15, 25], "uv_size": [0.5, 1.25]}
							}
						},
						{
							"origin": [-0.5625, 9.375, 3.125],
							"size": [1.125, 0.25, 0.25],
							"pivot": [0, 9.5, 3.25],
							"rotation": [-45, 0, 0],
							"uv": {
								"north": {"uv": [27, 15], "uv_size": [1.25, 0.25]},
								"east": {"uv": [30, 20], "uv_size": [0.25, 0.25]},
								"south": {"uv": [27, 16], "uv_size": [1.25, 0.25]},
								"west": {"uv": [21, 30], "uv_size": [0.25, 0.25]},
								"up": {"uv": [27, 17], "uv_size": [1.25, 0.25]},
								"down": {"uv": [18, 27.25], "uv_size": [1.25, -0.25]}
							}
						},
						{
							"origin": [-0.5625, 10.375, 9.625],
							"size": [1.125, 0.25, 0.25],
							"pivot": [0, 10.5, 9.75],
							"rotation": [-45, 0, 0],
							"uv": {
								"north": {"uv": [27, 18], "uv_size": [1.25, 0.25]},
								"east": {"uv": [30, 22], "uv_size": [0.25, 0.25]},
								"south": {"uv": [27, 19], "uv_size": [1.25, 0.25]},
								"west": {"uv": [23, 30], "uv_size": [0.25, 0.25]},
								"up": {"uv": [20, 27], "uv_size": [1.25, 0.25]},
								"down": {"uv": [27, 20.25], "uv_size": [1.25, -0.25]}
							}
						},
						{
							"origin": [-0.499, 9.70873, 3.22099],
							"size": [0.998, 1, 0.5],
							"pivot": [-0.001, 10.08373, 3.47099],
							"rotation": [-30, 0, 0],
							"uv": {
								"east": {"uv": [26, 14], "uv_size": [0.5, 1]},
								"south": {"uv": [20, 22], "uv_size": [1, 1]},
								"west": {"uv": [18, 26], "uv_size": [0.5, 1]}
							}
						},
						{
							"origin": [-0.499, 9.4994, 9.25],
							"size": [0.998, 1.2506, 0.75],
							"pivot": [-0.001, 10.75, 9.25],
							"rotation": [-36.90656, 0, 0],
							"uv": {
								"north": {"uv": [21, 6], "uv_size": [1, 1.25]},
								"east": {"uv": [22, 20], "uv_size": [0.75, 1.25]},
								"west": {"uv": [22, 22], "uv_size": [0.75, 1.25]}
							}
						},
						{
							"origin": [-0.498, 10.46201, 8.79936],
							"size": [0.996, 0.2506, 0.25],
							"pivot": [-0.001, 10.77481, 9.17436],
							"rotation": [30.59344, 0, 0],
							"uv": {
								"north": {"uv": [11, 28], "uv_size": [1, 0.25]},
								"east": {"uv": [30, 28], "uv_size": [0.25, 0.25]},
								"west": {"uv": [29, 30], "uv_size": [0.25, 0.25]}
							}
						},
						{
							"origin": [0.3125, 10.75, 9],
							"size": [0.1875, 0.5, 0.5],
							"uv": {
								"north": {"uv": [6, 30], "uv_size": [0.25, 0.5]},
								"east": {"uv": [9, 28], "uv_size": [0.5, 0.5]},
								"west": {"uv": [28, 9], "uv_size": [0.5, 0.5]},
								"up": {"uv": [30, 6], "uv_size": [0.25, 0.5]}
							}
						},
						{
							"origin": [0.3115, 10.5, 8.98223],
							"size": [0.1875, 0.5, 0.70711],
							"pivot": [0, 10.5, 9.54289],
							"rotation": [-45, 0, 0],
							"uv": {
								"east": {"uv": [27, 12], "uv_size": [0.75, 0.5]},
								"west": {"uv": [13, 27], "uv_size": [0.75, 0.5]},
								"up": {"uv": [5, 29], "uv_size": [0.25, 0.75]}
							}
						},
						{
							"origin": [-0.5, 10.75, 9],
							"size": [0.1875, 0.5, 0.5],
							"uv": {
								"north": {"uv": [7, 30], "uv_size": [0.25, 0.5]},
								"east": {"uv": [10, 28], "uv_size": [0.5, 0.5]},
								"west": {"uv": [28, 10], "uv_size": [0.5, 0.5]},
								"up": {"uv": [30, 7], "uv_size": [0.25, 0.5]}
							}
						},
						{
							"origin": [-0.499, 10.5, 8.98223],
							"size": [0.1875, 0.5, 0.70711],
							"pivot": [0, 10.5, 9.54289],
							"rotation": [-45, 0, 0],
							"uv": {
								"east": {"uv": [27, 13], "uv_size": [0.75, 0.5]},
								"west": {"uv": [14, 27], "uv_size": [0.75, 0.5]},
								"up": {"uv": [29, 5], "uv_size": [0.25, 0.75]}
							}
						},
						{
							"origin": [0.1875, 10.875, 9.125],
							"size": [0.125, 0.25, 0.25],
							"uv": {
								"north": {"uv": [30, 24], "uv_size": [0.25, 0.25]},
								"east": {"uv": [25, 30], "uv_size": [0.25, 0.25]},
								"south": {"uv": [30, 25], "uv_size": [0.25, 0.25]},
								"up": {"uv": [26, 30], "uv_size": [0.25, 0.25]}
							}
						},
						{
							"origin": [-0.3125, 10.625, 9.125],
							"size": [0.625, 0.25, 0.25],
							"uv": {
								"north": {"uv": [6, 29], "uv_size": [0.75, 0.25]},
								"south": {"uv": [29, 6], "uv_size": [0.75, 0.25]},
								"up": {"uv": [7, 29], "uv_size": [0.75, 0.25]}
							}
						},
						{
							"origin": [-0.3125, 10.875, 9.125],
							"size": [0.125, 0.25, 0.25],
							"uv": {
								"north": {"uv": [30, 26], "uv_size": [0.25, 0.25]},
								"south": {"uv": [27, 30], "uv_size": [0.25, 0.25]},
								"west": {"uv": [30, 27], "uv_size": [0.25, 0.25]},
								"up": {"uv": [28, 30], "uv_size": [0.25, 0.25]}
							}
						},
						{
							"origin": [0.33254, 10.73535, 3],
							"size": [0.125, 0.5, 0.5],
							"pivot": [0.39504, 10.98535, 3.25],
							"rotation": [0, 0, -10],
							"uv": {
								"north": {"uv": [8, 30], "uv_size": [0.25, 0.5]},
								"east": {"uv": [12, 28], "uv_size": [0.5, 0.5]},
								"south": {"uv": [30, 8], "uv_size": [0.25, 0.5]},
								"west": {"uv": [28, 12], "uv_size": [0.5, 0.5]},
								"up": {"uv": [9, 30], "uv_size": [0.25, 0.5]}
							}
						},
						{
							"origin": [-0.45754, 10.73535, 3],
							"size": [0.125, 0.5, 0.5],
							"pivot": [-0.39504, 10.98535, 3.25],
							"rotation": [0, 0, 10],
							"uv": {
								"north": {"uv": [30, 11], "uv_size": [0.25, 0.5]},
								"east": {"uv": [13, 28], "uv_size": [0.5, 0.5]},
								"south": {"uv": [12, 30], "uv_size": [0.25, 0.5]},
								"west": {"uv": [28, 13], "uv_size": [0.5, 0.5]},
								"up": {"uv": [30, 12], "uv_size": [0.25, 0.5]}
							}
						},
						{
							"origin": [-0.09375, 10.375, 3.15625],
							"size": [0.1875, 0.5, 0.1875],
							"pivot": [0, 10.75, 3.25],
							"rotation": [0, -45, 0],
							"uv": {
								"north": {"uv": [30, 9], "uv_size": [0.25, 0.5]},
								"east": {"uv": [10, 30], "uv_size": [0.25, 0.5]},
								"south": {"uv": [30, 10], "uv_size": [0.25, 0.5]},
								"west": {"uv": [11, 30], "uv_size": [0.25, 0.5]},
								"up": {"uv": [30, 29], "uv_size": [0.25, 0.25]}
							}
						}
					]
				},
				{
					"name": "mount_illuminated",
					"parent": "sight",
					"pivot": [0, 10.75, 3.25],
					"cubes": [
						{
							"origin": [-0.0625, 10.75, 3.1875],
							"size": [0.125, 0.3125, 0.125],
							"pivot": [0, 10.75, 3.25],
							"rotation": [0, -45, 0],
							"uv": {
								"north": {"uv": [30, 30], "uv_size": [0.25, 0.25]},
								"east": {"uv": [0, 31], "uv_size": [0.25, 0.25]},
								"south": {"uv": [31, 0], "uv_size": [0.25, 0.25]},
								"west": {"uv": [1, 31], "uv_size": [0.25, 0.25]},
								"up": {"uv": [31, 1], "uv_size": [0.25, 0.25]}
							}
						}
					]
				},
				{
					"name": "gun_positioning",
					"parent": "static",
					"pivot": [0, 0, 0]
				},
				{
					"name": "muzzle_flash",
					"parent": "gun_positioning",
					"pivot": [0, 8.25, 0.75]
				},
				{
					"name": "muzzle_pos",
					"parent": "gun_positioning",
					"pivot": [0, 8.25, 1.75]
				},
				{
					"name": "scope_pos",
					"parent": "gun_positioning",
					"pivot": [0, 9.75, 8]
				},
				{
					"name": "stock_pos",
					"parent": "gun_positioning",
					"pivot": [0, 8.25, 11]
				},
				{
					"name": "shell",
					"parent": "gun_positioning",
					"pivot": [0, 7.875, 6.75]
				},
				{
					"name": "constraint",
					"parent": "gun_positioning",
					"pivot": [0, 11, 0]
				},
				{
					"name": "right",
					"parent": "gun",
					"pivot": [6, 11, 0]
				},
				{
					"name": "righthand_pos",
					"parent": "right",
					"pivot": [0, 0, 0],
					"cubes": [
						{
							"origin": [4, 0, -2],
							"size": [4, 12, 4],
							"uv": {
								"north": {"uv": [0, 0], "uv_size": [4, 12]},
								"east": {"uv": [0, 0], "uv_size": [4, 12]},
								"up": {"uv": [4, 4], "uv_size": [-4, -4]}
							}
						}
					]
				},
				{
					"name": "mal",
					"parent": "gun",
					"pivot": [0, 6.5, 8.25]
				},
				{
					"name": "left",
					"parent": "mal",
					"pivot": [-6, 11, 0]
				},
				{
					"name": "lefthand_pos",
					"parent": "left",
					"pivot": [0, 0, 0],
					"cubes": [
						{
							"origin": [-8, 0, -2],
							"size": [4, 12, 4],
							"uv": {
								"north": {"uv": [0, 0], "uv_size": [4, 12]},
								"west": {"uv": [0, 0], "uv_size": [4, 12]},
								"up": {"uv": [4, 4], "uv_size": [-4, -4]}
							}
						}
					]
				},
				{
					"name": "mag",
					"parent": "mal",
					"pivot": [-0.002, 3.24145, 8.02787],
					"rotation": [22.5, 0, 0]
				},
				{
					"name": "magazine",
					"parent": "mag",
					"pivot": [-0.002, 2.836, 9.32631]
				},
				{
					"name": "mag_standard",
					"parent": "magazine",
					"pivot": [-0.002, 3.24145, 8.02787],
					"cubes": [
						{
							"origin": [-0.5, 2.05947, 8.82597],
							"size": [1, 4.75, 1.5],
							"uv": {
								"north": {"uv": [15, 11], "uv_size": [1, 4.75]},
								"east": {"uv": [2, 11], "uv_size": [1.5, 4.75]},
								"south": {"uv": [12, 15], "uv_size": [1, 4.75]},
								"west": {"uv": [8, 11], "uv_size": [1.5, 4.75]},
								"down": {"uv": [20, 10.5], "uv_size": [1, -1.5]}
							}
						},
						{
							"origin": [-0.499, 5.95541, 10.74467],
							"size": [0.998, 0.75, 1.5],
							"pivot": [-3.627, 11.20541, 11.93217],
							"rotation": [-22.5, 0, 0],
							"uv": {
								"north": {"uv": [25, 8], "uv_size": [1, 0.75]},
								"east": {"uv": [22, 7], "uv_size": [1.5, 0.75]},
								"south": {"uv": [9, 25], "uv_size": [1, 0.75]},
								"west": {"uv": [22, 8], "uv_size": [1.5, 0.75]},
								"up": {"uv": [12, 20], "uv_size": [1, 1.5]}
							}
						},
						{
							"origin": [-0.499, 1.36645, 7.40287],
							"size": [0.998, 0.5, 0.5],
							"pivot": [-0.002, 5.24145, 8.02787],
							"rotation": [45, 0, 0],
							"uv": {
								"east": {"uv": [21, 28], "uv_size": [0.5, 0.5]},
								"south": {"uv": [26, 23], "uv_size": [1, 0.5]},
								"west": {"uv": [28, 21], "uv_size": [0.5, 0.5]},
								"down": {"uv": [24, 26.5], "uv_size": [1, -0.5]}
							}
						}
					]
				},
				{
					"name": "mag_extended_1",
					"parent": "magazine",
					"pivot": [-0.002, 3.24145, 8.02787],
					"cubes": [
						{
							"origin": [-0.5, 0.05947, 8.82597],
							"size": [1, 6.75, 1.5],
							"uv": {
								"north": {"uv": [11, 10], "uv_size": [1, 6.75]},
								"east": {"uv": [4, 9], "uv_size": [1.5, 6.75]},
								"south": {"uv": [12, 4], "uv_size": [1, 6.75]},
								"west": {"uv": [6, 9], "uv_size": [1.5, 6.75]},
								"down": {"uv": [20, 6.5], "uv_size": [1, -1.5]}
							}
						},
						{
							"origin": [-0.499, 5.95541, 10.74467],
							"size": [0.998, 0.75, 1.5],
							"pivot": [-3.627, 11.20541, 11.93217],
							"rotation": [-22.5, 0, 0],
							"uv": {
								"north": {"uv": [25, 3], "uv_size": [1, 0.75]},
								"east": {"uv": [21, 10], "uv_size": [1.5, 0.75]},
								"south": {"uv": [25, 4], "uv_size": [1, 0.75]},
								"west": {"uv": [22, 2], "uv_size": [1.5, 0.75]},
								"up": {"uv": [6, 20], "uv_size": [1, 1.5]}
							}
						},
						{
							"origin": [-0.499, -0.63355, 7.40287],
							"size": [0.998, 0.5, 0.5],
							"pivot": [-0.002, 3.24145, 8.02787],
							"rotation": [45, 0, 0],
							"uv": {
								"east": {"uv": [28, 7], "uv_size": [0.5, 0.5]},
								"south": {"uv": [26, 18], "uv_size": [1, 0.5]},
								"west": {"uv": [28, 8], "uv_size": [0.5, 0.5]},
								"down": {"uv": [26, 19.5], "uv_size": [1, -0.5]}
							}
						}
					]
				},
				{
					"name": "mag_extended_2",
					"parent": "magazine",
					"pivot": [-0.002, 3.24145, 8.02787],
					"cubes": [
						{
							"origin": [-0.5, -1.94053, 8.82597],
							"size": [1, 8.75, 1.5],
							"uv": {
								"north": {"uv": [10, 10], "uv_size": [1, 8.75]},
								"east": {"uv": [4, 0], "uv_size": [1.5, 8.75]},
								"south": {"uv": [0, 11], "uv_size": [1, 8.75]},
								"west": {"uv": [6, 0], "uv_size": [1.5, 8.75]},
								"down": {"uv": [7, 21.5], "uv_size": [1, -1.5]}
							}
						},
						{
							"origin": [-0.499, 5.95541, 10.74467],
							"size": [0.998, 0.75, 1.5],
							"pivot": [-3.627, 11.20541, 11.93217],
							"rotation": [-22.5, 0, 0],
							"uv": {
								"north": {"uv": [25, 6], "uv_size": [1, 0.75]},
								"east": {"uv": [3, 22], "uv_size": [1.5, 0.75]},
								"south": {"uv": [7, 25], "uv_size": [1, 0.75]},
								"west": {"uv": [5, 22], "uv_size": [1.5, 0.75]},
								"up": {"uv": [20, 7], "uv_size": [1, 1.5]}
							}
						},
						{
							"origin": [-0.499, -2.63355, 7.40287],
							"size": [0.998, 0.5, 0.5],
							"pivot": [-0.002, 1.24145, 8.02787],
							"rotation": [45, 0, 0],
							"uv": {
								"east": {"uv": [17, 28], "uv_size": [0.5, 0.5]},
								"south": {"uv": [26, 20], "uv_size": [1, 0.5]},
								"west": {"uv": [18, 28], "uv_size": [0.5, 0.5]},
								"down": {"uv": [26, 21.5], "uv_size": [1, -0.5]}
							}
						}
					]
				},
				{
					"name": "mag_extended_3",
					"parent": "magazine",
					"pivot": [-0.002, 3.24145, 8.02787],
					"cubes": [
						{
							"origin": [-0.5, -3.94053, 8.82597],
							"size": [1, 10.75, 1.5],
							"uv": {
								"north": {"uv": [8, 0], "uv_size": [1, 10.75]},
								"east": {"uv": [0, 0], "uv_size": [1.5, 10.75]},
								"south": {"uv": [9, 0], "uv_size": [1, 10.75]},
								"west": {"uv": [2, 0], "uv_size": [1.5, 10.75]},
								"down": {"uv": [8, 21.5], "uv_size": [1, -1.5]}
							}
						},
						{
							"origin": [-0.499, 5.95541, 10.74467],
							"size": [0.998, 0.75, 1.5],
							"pivot": [-3.627, 11.20541, 11.93217],
							"rotation": [-22.5, 0, 0],
							"uv": {
								"north": {"uv": [25, 7], "uv_size": [1, 0.75]},
								"east": {"uv": [22, 6], "uv_size": [1.5, 0.75]},
								"south": {"uv": [8, 25], "uv_size": [1, 0.75]},
								"west": {"uv": [7, 22], "uv_size": [1.5, 0.75]},
								"up": {"uv": [9, 20], "uv_size": [1, 1.5]}
							}
						},
						{
							"origin": [-0.499, -4.63355, 7.40287],
							"size": [0.998, 0.5, 0.5],
							"pivot": [-0.002, -0.75855, 8.02787],
							"rotation": [45, 0, 0],
							"uv": {
								"east": {"uv": [19, 28], "uv_size": [0.5, 0.5]},
								"south": {"uv": [22, 26], "uv_size": [1, 0.5]},
								"west": {"uv": [20, 28], "uv_size": [0.5, 0.5]},
								"down": {"uv": [23, 26.5], "uv_size": [1, -0.5]}
							}
						}
					]
				},
				{
					"name": "bullet_in_mag",
					"parent": "mag",
					"pivot": [0, 8.21537, 9.80589],
					"cubes": [
						{
							"origin": [-0.25, 6.96537, 9.18089],
							"size": [0.5, 0.5, 1.25],
							"pivot": [-4, 7.21537, 9.80589],
							"rotation": [-22.5, 0, 0],
							"uv": {
								"north": {"uv": [14, 28], "uv_size": [0.5, 0.5]},
								"east": {"uv": [22, 25], "uv_size": [1.25, 0.5]},
								"south": {"uv": [28, 14], "uv_size": [0.5, 0.5]},
								"west": {"uv": [25, 22], "uv_size": [1.25, 0.5]},
								"up": {"uv": [25, 23], "uv_size": [0.5, 1.25]}
							}
						}
					]
				},
				{
					"name": "bullet_new_mag",
					"parent": "mag",
					"pivot": [0, 8.21537, 9.80589],
					"cubes": [
						{
							"origin": [-0.25, 6.96537, 9.18089],
							"size": [0.5, 0.5, 1.25],
							"pivot": [-4, 7.21537, 9.80589],
							"rotation": [-22.5, 0, 0],
							"uv": {
								"north": {"uv": [15, 28], "uv_size": [0.5, 0.5]},
								"east": {"uv": [24, 25], "uv_size": [1.25, 0.5]},
								"south": {"uv": [16, 28], "uv_size": [0.5, 0.5]},
								"west": {"uv": [0, 26], "uv_size": [1.25, 0.5]},
								"up": {"uv": [26, 0], "uv_size": [0.5, 1.25]}
							}
						}
					]
				}
			]
		}
	]
}