{
  "materials": [
    {
      "item": {
        "tag": "forge:ingots/iron"
      },
      "count": 128
    },
    {
      "item": {
        "tag": "forge:ingots/copper"
      },
      "count": 128
    },
    {
      "item": {
        "tag": "forge:ingots/gold"
      },
      "count": 32
    },
    {
      "item": {
        "tag": "forge:gems/quartz"
      },
      "count": 32
    },
    {
      "item": {
        "tag": "minecraft:logs"
      },
      "count": 6
    }
  ],
  "result": {
    "type": "gun",
    "id": "create_armorer:cannon_40mm_salamander"
  },
  "type": "tacz:gun_smith_table_crafting"
}