{
  "materials": [
    {
      "item": {
        "tag": "forge:ingots/iron"
      },
      "count": 36
    },
    {
      "item": {
        "tag": "forge:ingots/copper"
      },
      "count": 12
    },
    {
      "item": {
        "tag": "forge:ingots/gold"
      },
      "count": 4
    },
    {
      "item": {
        "tag": "minecraft:logs"
      },
      "count": 8
    }
  ],
  "result": {
    "type": "gun",
    "id": "create_armorer:gl_revolver_devastator"
  },
  "type": "tacz:gun_smith_table_crafting"
}