{
  "materials": [
    {
      "item": {
        "tag": "forge:ingots/iron"
      },
      "count": 32
    },
    {
      "item": {
        "tag": "forge:ingots/gold"
      },
      "count": 8
    },
    {
      "item": {
        "tag": "forge:gems/quartz"
      },
      "count": 8
    },
    {
      "item": {
        "tag": "minecraft:logs"
      },
      "count": 16
    }
  ],
  "result": {
    "type": "gun",
    "id": "create_armorer:sniper_semi_m1"
  },
  "type": "tacz:gun_smith_table_crafting"
}