{
  "materials": [
    {
      "item": {
        "tag": "forge:ingots/iron"
      },
      "count": 12
    },
    {
      "item": {
        "tag": "forge:ingots/copper"
      },
      "count": 8
    },
    {
      "item": {
        "tag": "forge:ingots/gold"
      },
      "count": 2
    },
    {
      "item": {
        "tag": "forge:glass"
      },
      "count": 4
    }
  ],
  "result": {
    "type": "attachment",
    "id": "immersive_armorer:extended_capacitor_2"
  },
  "type": "tacz:gun_smith_table_crafting"
}