{
  "materials": [
    {
      "item": {
        "tag": "forge:ingots/iron"
      },
      "count": 8
    },
    {
      "item": {
        "tag": "forge:ingots/copper"
      },
      "count": 4
    },
    {
      "item": {
        "tag": "forge:dusts/redstone"
      },
      "count": 4
    },
    {
      "item": {
        "tag": "forge:glass_panes"
      },
      "count": 4
    }
  ],
  "result": {
    "type": "attachment",
    "id": "immersive_armorer:sight_light_short"
  },
  "type": "tacz:gun_smith_table_crafting"
}