{
	"format_version": "1.12.0",
	"minecraft:geometry": [
		{
			"description": {
				"identifier": "geometry.unknown",
				"texture_width": 128,
				"texture_height": 128,
				"visible_bounds_width": 2,
				"visible_bounds_height": 3.5,
				"visible_bounds_offset": [0, 1.25, 0]
			},
			"bones": [
				{
					"name": "bb_main",
					"pivot": [0, 0, 0],
					"cubes": [
						{
							"origin": [-8, 13, -8],
							"size": [32, 3, 16],
							"uv": {
								"north": {"uv": [17, 46], "uv_size": [32, 3]},
								"east": {"uv": [33, 50], "uv_size": [16, 3]},
								"south": {"uv": [0, 50], "uv_size": [32, 3]},
								"west": {"uv": [50, 41], "uv_size": [16, 3]},
								"up": {"uv": [0, 0], "uv_size": [32, 16]},
								"down": {"uv": [0, 33], "uv_size": [32, -16]}
							}
						},
						{
							"origin": [12.5, 16, 3],
							"size": [3, 5, 3],
							"pivot": [14, 18.5, 4.5],
							"rotation": [0, -20, 0],
							"uv": {
								"north": {"uv": [67, 23], "uv_size": [3, 5]},
								"east": {"uv": [12, 68], "uv_size": [3, 5]},
								"south": {"uv": [16, 68], "uv_size": [3, 5]},
								"west": {"uv": [20, 68], "uv_size": [3, 5]},
								"up": {"uv": [32, 68], "uv_size": [3, 3]}
							}
						},
						{
							"origin": [9, 16, 3],
							"size": [2, 4, 2],
							"pivot": [10, 19.25, 4],
							"rotation": [0, 32.5, 0],
							"uv": {
								"north": {"uv": [46, 68], "uv_size": [2, 4]},
								"east": {"uv": [70, 44], "uv_size": [2, 4]},
								"south": {"uv": [70, 49], "uv_size": [2, 4]},
								"west": {"uv": [70, 54], "uv_size": [2, 4]},
								"up": {"uv": [71, 9], "uv_size": [2, 2]},
								"down": {"uv": [71, 14], "uv_size": [2, -2]}
							}
						},
						{
							"origin": [9.5, 20, 2.25],
							"size": [1, 1, 2],
							"pivot": [10, 19.25, 4],
							"rotation": [0, 32.5, 0],
							"uv": {
								"north": {"uv": [59, 55], "uv_size": [1, 1]},
								"east": {"uv": [59, 71], "uv_size": [2, 1]},
								"south": {"uv": [72, 71], "uv_size": [1, 1]},
								"west": {"uv": [62, 71], "uv_size": [2, 1]},
								"up": {"uv": [65, 71], "uv_size": [1, 2]},
								"down": {"uv": [67, 73], "uv_size": [1, -2]}
							}
						},
						{
							"origin": [-5, 16, -5.5],
							"size": [13, 0.001, 10],
							"pivot": [1.5, 16.0005, -1],
							"rotation": [0, -12.5, 0],
							"uv": {
								"up": {"uv": [17, 34], "uv_size": [13, 10]}
							}
						},
						{
							"origin": [-8, 16, 7],
							"size": [16, 15, 1],
							"uv": {
								"north": {"uv": [33, 30], "uv_size": [16, 15]},
								"east": {"uv": [8, 68], "uv_size": [1, 15]},
								"south": {"uv": [0, 34], "uv_size": [16, 15]},
								"west": {"uv": [10, 68], "uv_size": [1, 15]},
								"up": {"uv": [63, 34], "uv_size": [16, 1]},
								"down": {"uv": [63, 37], "uv_size": [16, -1]}
							}
						},
						{
							"origin": [2, 23, 6],
							"size": [2, 3, 1],
							"uv": {
								"north": {"uv": [70, 61], "uv_size": [2, 3]},
								"east": {"uv": [71, 24], "uv_size": [1, 3]},
								"west": {"uv": [71, 40], "uv_size": [1, 3]},
								"up": {"uv": [69, 71], "uv_size": [2, 1]},
								"down": {"uv": [72, 3], "uv_size": [2, -1]}
							}
						},
						{
							"origin": [2.5, 19, 6],
							"size": [1, 4, 1],
							"uv": {
								"north": {"uv": [31, 41], "uv_size": [1, 4]},
								"east": {"uv": [44, 70], "uv_size": [1, 4]},
								"west": {"uv": [71, 15], "uv_size": [1, 4]},
								"down": {"uv": [4, 74], "uv_size": [1, -1]}
							}
						},
						{
							"origin": [4.5, 23, 6],
							"size": [2, 3, 1],
							"uv": {
								"north": {"uv": [70, 65], "uv_size": [2, 3]},
								"east": {"uv": [55, 71], "uv_size": [1, 3]},
								"west": {"uv": [57, 71], "uv_size": [1, 3]},
								"up": {"uv": [72, 4], "uv_size": [2, 1]},
								"down": {"uv": [32, 73], "uv_size": [2, -1]}
							}
						},
						{
							"origin": [5, 20, 6],
							"size": [1, 3, 1],
							"uv": {
								"north": {"uv": [49, 71], "uv_size": [1, 3]},
								"east": {"uv": [51, 71], "uv_size": [1, 3]},
								"west": {"uv": [53, 71], "uv_size": [1, 3]},
								"down": {"uv": [6, 74], "uv_size": [1, -1]}
							}
						},
						{
							"origin": [-6, 18, 6.999],
							"size": [7, 10, 0.001],
							"uv": {
								"north": {"uv": [50, 30], "uv_size": [7, 10]}
							}
						},
						{
							"origin": [-4, 5, -7],
							"size": [24, 1, 14],
							"uv": {
								"north": {"uv": [58, 38], "uv_size": [24, 1]},
								"south": {"uv": [62, 0], "uv_size": [24, 1]},
								"up": {"uv": [33, 0], "uv_size": [24, 14]},
								"down": {"uv": [33, 29], "uv_size": [24, -14]}
							}
						},
						{
							"origin": [-2, 6, -2],
							"size": [4, 4, 5],
							"pivot": [0, 8, 0.5],
							"rotation": [0, 22.5, 0],
							"uv": {
								"north": {"uv": [66, 7], "uv_size": [4, 4]},
								"east": {"uv": [63, 29], "uv_size": [5, 4]},
								"south": {"uv": [66, 12], "uv_size": [4, 4]},
								"west": {"uv": [64, 45], "uv_size": [5, 4]},
								"up": {"uv": [61, 65], "uv_size": [4, 5]}
							}
						},
						{
							"origin": [8, 6, -4],
							"size": [8, 4, 5],
							"pivot": [10, 8, -1.5],
							"rotation": [0, -37.5, 0],
							"uv": {
								"north": {"uv": [61, 55], "uv_size": [8, 4]},
								"east": {"uv": [64, 50], "uv_size": [5, 4]},
								"south": {"uv": [61, 60], "uv_size": [8, 4]},
								"west": {"uv": [66, 2], "uv_size": [5, 4]},
								"up": {"uv": [50, 45], "uv_size": [8, 5]}
							}
						},
						{
							"origin": [-1.15224, 10, -2.76537],
							"size": [3, 0.001, 5],
							"pivot": [1.84776, 10, -0.26537],
							"rotation": [9.00717, 20.70481, 24.14867],
							"uv": {
								"up": {"uv": [66, 65], "uv_size": [3, 5]},
								"down": {"uv": [67, 22], "uv_size": [3, -5]}
							}
						},
						{
							"origin": [20, 5, -4],
							"size": [3, 1, 8],
							"uv": {
								"west": {"uv": [69, 31], "uv_size": [8, 1]},
								"up": {"uv": [4, 60], "uv_size": [3, 8]},
								"down": {"uv": [62, 10], "uv_size": [3, -8]}
							}
						},
						{
							"origin": [-7, 5, -4],
							"size": [3, 1, 8],
							"uv": {
								"east": {"uv": [70, 59], "uv_size": [8, 1]},
								"up": {"uv": [62, 11], "uv_size": [3, 8]},
								"down": {"uv": [63, 28], "uv_size": [3, -8]}
							}
						},
						{
							"origin": [20, 0, -7],
							"size": [3, 13, 3],
							"uv": {
								"north": {"uv": [9, 54], "uv_size": [3, 13]},
								"east": {"uv": [13, 54], "uv_size": [3, 13]},
								"south": {"uv": [17, 54], "uv_size": [3, 13]},
								"west": {"uv": [21, 54], "uv_size": [3, 13]},
								"down": {"uv": [67, 43], "uv_size": [3, -3]}
							}
						},
						{
							"origin": [-7, 0, -7],
							"size": [3, 13, 3],
							"uv": {
								"north": {"uv": [25, 54], "uv_size": [3, 13]},
								"east": {"uv": [29, 54], "uv_size": [3, 13]},
								"south": {"uv": [33, 54], "uv_size": [3, 13]},
								"west": {"uv": [37, 54], "uv_size": [3, 13]},
								"down": {"uv": [4, 72], "uv_size": [3, -3]}
							}
						},
						{
							"origin": [-7, 0, 4],
							"size": [3, 13, 3],
							"uv": {
								"north": {"uv": [57, 57], "uv_size": [3, 13]},
								"east": {"uv": [58, 0], "uv_size": [3, 13]},
								"south": {"uv": [58, 14], "uv_size": [3, 13]},
								"west": {"uv": [0, 60], "uv_size": [3, 13]},
								"down": {"uv": [40, 73], "uv_size": [3, -3]}
							}
						},
						{
							"origin": [20, 0, 4],
							"size": [3, 13, 3],
							"uv": {
								"north": {"uv": [41, 54], "uv_size": [3, 13]},
								"east": {"uv": [45, 54], "uv_size": [3, 13]},
								"south": {"uv": [49, 57], "uv_size": [3, 13]},
								"west": {"uv": [53, 57], "uv_size": [3, 13]},
								"down": {"uv": [36, 73], "uv_size": [3, -3]}
							}
						},
						{
							"origin": [19, 22, -3],
							"size": [1, 1, 6],
							"pivot": [19.5, 20.5, 0],
							"rotation": [0, -20, 0],
							"uv": {
								"north": {"uv": [73, 15], "uv_size": [1, 1]},
								"east": {"uv": [70, 69], "uv_size": [6, 1]},
								"south": {"uv": [73, 17], "uv_size": [1, 1]},
								"west": {"uv": [71, 7], "uv_size": [6, 1]},
								"up": {"uv": [31, 34], "uv_size": [1, 6]}
							}
						},
						{
							"origin": [17.5, 21, -4.5],
							"size": [4, 1, 9],
							"pivot": [19.5, 20.5, 0],
							"rotation": [0, -20, 0],
							"uv": {
								"north": {"uv": [71, 20], "uv_size": [4, 1]},
								"east": {"uv": [36, 68], "uv_size": [9, 1]},
								"south": {"uv": [71, 22], "uv_size": [4, 1]},
								"west": {"uv": [69, 29], "uv_size": [9, 1]},
								"up": {"uv": [58, 28], "uv_size": [4, 9]},
								"down": {"uv": [59, 54], "uv_size": [4, -9]}
							}
						},
						{
							"origin": [18, 16, -4],
							"size": [3, 5, 8],
							"pivot": [19.5, 20.5, 0],
							"rotation": [0, -20, 0],
							"uv": {
								"north": {"uv": [24, 68], "uv_size": [3, 5]},
								"east": {"uv": [50, 51], "uv_size": [8, 5]},
								"south": {"uv": [28, 68], "uv_size": [3, 5]},
								"west": {"uv": [0, 54], "uv_size": [8, 5]}
							}
						}
					]
				}
			]
		}
	]
}