{
	"format_version": "1.12.0",
	"minecraft:geometry": [
		{
			"description": {
				"identifier": "geometry.unknown",
				"texture_width": 8,
				"texture_height": 8,
				"visible_bounds_width": 2,
				"visible_bounds_height": 1.5,
				"visible_bounds_offset": [0, 0.25, 0]
			},
			"bones": [
				{
					"name": "bullet_up",
					"pivot": [0, 0, 1.66667],
					"cubes": [
						{
							"origin": [-0.5, -0.5, 2.625],
							"size": [1, 1, 0.25],
							"uv": {
								"north": {"uv": [2, 2], "uv_size": [1, 1]},
								"east": {"uv": [2, 4], "uv_size": [0.25, 1]},
								"south": {"uv": [2, 3], "uv_size": [1, 1]},
								"west": {"uv": [4, 2], "uv_size": [0.25, 1]},
								"up": {"uv": [3, 4], "uv_size": [1, 0.25]},
								"down": {"uv": [4, 3.25], "uv_size": [1, -0.25]}
							}
						},
						{
							"origin": [-0.375, -0.375, 2.375],
							"size": [0.75, 0.75, 0.25],
							"uv": {
								"east": {"uv": [4, 4], "uv_size": [0.25, 0.75]},
								"west": {"uv": [2, 5], "uv_size": [0.25, 0.75]},
								"up": {"uv": [5, 2], "uv_size": [0.75, 0.25]},
								"down": {"uv": [3, 5.25], "uv_size": [0.75, -0.25]}
							}
						},
						{
							"origin": [-0.5, -0.5, -2.875],
							"size": [1, 1, 5.25],
							"uv": {
								"north": {"uv": [3, 2], "uv_size": [1, 1]},
								"east": {"uv": [0, 0], "uv_size": [5.25, 1]},
								"south": {"uv": [3, 3], "uv_size": [1, 1]},
								"west": {"uv": [0, 1], "uv_size": [5.25, 1]},
								"up": {"uv": [0, 2], "uv_size": [1, 5.25]},
								"down": {"uv": [1, 7.25], "uv_size": [1, -5.25]}
							}
						}
					]
				}
			]
		}
	]
}