{
	"format_version": "1.21.0",
	"minecraft:geometry": [
		{
			"description": {
				"identifier": "geometry.unknown",
				"texture_width": 8,
				"texture_height": 8,
				"visible_bounds_width": 2,
				"visible_bounds_height": 1.5,
				"visible_bounds_offset": [0, 0.25, 0]
			},
			"bones": [
				{
					"name": "bullet_in_barrel",
					"pivot": [0, 0, 0],
					"rotation": [0, 0, 45],
					"cubes": [
						{
							"origin": [-0.21484, -0.21289, -0.84179],
							"size": [0.42969, 0.42969, 1.55077],
							"pivot": [0, 0.00195, 0.375],
							"rotation": [0, 0, -45],
							"uv": {
								"north": {"uv": [1, 2], "uv_size": [0.5, 0.5]},
								"east": {"uv": [0, 0], "uv_size": [1.5, 0.5]},
								"south": {"uv": [2, 2], "uv_size": [0.5, 0.5]},
								"west": {"uv": [0, 1], "uv_size": [1.5, 0.5]},
								"up": {"uv": [0, 2], "uv_size": [0.5, 1.5]},
								"down": {"uv": [2, 1.5], "uv_size": [0.5, -1.5]}
							}
						},
						{
							"origin": [-0.21484, -0.21289, 0.78711],
							"size": [0.42969, 0.42969, 0.0586],
							"pivot": [0, 0.00195, 0.375],
							"rotation": [0, 0, -45],
							"uv": {
								"north": {"uv": [3, 0], "uv_size": [0.5, 0.5]},
								"east": {"uv": [3, 1], "uv_size": [0.25, 0.5]},
								"south": {"uv": [1, 3], "uv_size": [0.5, 0.5]},
								"west": {"uv": [2, 3], "uv_size": [0.25, 0.5]},
								"up": {"uv": [3, 2], "uv_size": [0.5, 0.25]},
								"down": {"uv": [3, 3.25], "uv_size": [0.5, -0.25]}
							}
						},
						{
							"origin": [-0.15624, -0.1543, 0.70898],
							"size": [0.3125, 0.3125, 0.07813],
							"pivot": [0, 0.00195, 0.375],
							"rotation": [0, 0, -45],
							"uv": {
								"east": {"uv": [0, 4], "uv_size": [0.25, 0.25]},
								"west": {"uv": [4, 0], "uv_size": [0.25, 0.25]},
								"up": {"uv": [1, 4], "uv_size": [0.25, 0.25]},
								"down": {"uv": [4, 1.25], "uv_size": [0.25, -0.25]}
							}
						}
					]
				}
			]
		}
	]
}