{
	"format_version": "1.8.0",
	"animations": {
		"static_idle": {
			"loop": true,
			"bones": {
				"bullet_new_mag": {
					"scale": 0
				},
				"right": {
					"rotation": [92, 7, -177],
					"position": [-6.75, -5.75, 7.5],
					"scale": [1, 1.5, 1]
				},
				"left": {
					"rotation": [74, -26, -103],
					"position": [7, -6, -5],
					"scale": [1, 1.5, 1]
				},
				"constraint": {
					"rotation": [0.4, 0.4, 0.4],
					"position": [0.4, 0.4, 0.4]
				}
			}
		},
		"reload_tactical": {
			"animation_length": 3.25,
			"bones": {
				"root": {
					"rotation": {
						"0.0": {
							"post": [0, 0, 0],
							"lerp_mode": "catmullrom"
						},
						"0.1": {
							"post": [-2.26525, -2.37715, -5.04106],
							"lerp_mode": "catmullrom"
						},
						"0.3": {
							"post": [-13.34898, -0.63534, -29.48993],
							"lerp_mode": "catmullrom"
						},
						"0.4": {
							"post": [-14.30797, -1.31435, -28.46174],
							"lerp_mode": "catmullrom"
						},
						"0.5": {
							"post": [-14.35415, -1.25247, -30.51516],
							"lerp_mode": "catmullrom"
						},
						"0.6": {
							"post": [-15.05, -2.07828, -29.78],
							"lerp_mode": "catmullrom"
						},
						"0.7": {
							"post": [-16.71249, -4.04284, -31.45875],
							"lerp_mode": "catmullrom"
						},
						"0.8": {
							"post": [-17.77, -4.10828, -35.83],
							"lerp_mode": "catmullrom"
						},
						"0.9": {
							"post": [-17.72867, -3.92054, -32.45978],
							"lerp_mode": "catmullrom"
						},
						"1.0": {
							"post": [-17.43, -3.85828, -33.99],
							"lerp_mode": "catmullrom"
						},
						"1.1": {
							"post": [-16.83, -3.82828, -35.24],
							"lerp_mode": "catmullrom"
						},
						"1.3": {
							"post": [-16.75747, -3.10868, -35.18341],
							"lerp_mode": "catmullrom"
						},
						"1.5": {
							"post": [-18.34, -3.15703, -34.44],
							"lerp_mode": "catmullrom"
						},
						"1.7": {
							"post": [-19.01, -5.25703, -35.87],
							"lerp_mode": "catmullrom"
						},
						"1.85": {
							"post": [-19.00565, -5.03644, -37.49036],
							"lerp_mode": "catmullrom"
						},
						"1.95": {
							"post": [-20.42, -3.94703, -35.02],
							"lerp_mode": "catmullrom"
						},
						"2.05": {
							"post": [-20.51272, -3.25081, -36.33603],
							"lerp_mode": "catmullrom"
						},
						"2.2": {
							"post": [-19.88, -3.28703, -36.41],
							"lerp_mode": "catmullrom"
						},
						"2.3": {
							"post": [-19.42, -3.39703, -38.19],
							"lerp_mode": "catmullrom"
						},
						"2.35": {
							"post": [-19.2, -3.65703, -35.42],
							"lerp_mode": "catmullrom"
						},
						"2.4": {
							"post": [-20.43386, -2.85383, -35.8955],
							"lerp_mode": "catmullrom"
						},
						"2.45": {
							"post": [-18.93009, -4.62747, -37.24338],
							"lerp_mode": "catmullrom"
						},
						"2.55": {
							"post": [-14.39944, -3.25081, -27.73603],
							"lerp_mode": "catmullrom"
						},
						"2.65": {
							"post": [-3.21178, -0.31007, -3.2743],
							"lerp_mode": "catmullrom"
						},
						"2.8": {
							"post": [1.63475, 1.30484, 2.98881],
							"lerp_mode": "catmullrom"
						},
						"2.95": {
							"post": [0.60157, -0.76065, 0.92954],
							"lerp_mode": "catmullrom"
						},
						"3.0": {
							"post": [-1.09609, -0.51, 0.0475],
							"lerp_mode": "catmullrom"
						},
						"3.05": {
							"post": [-1.74609, 0, 1.08516],
							"lerp_mode": "catmullrom"
						},
						"3.15": {
							"post": [-0.2, 0, -0.09844],
							"lerp_mode": "catmullrom"
						},
						"3.25": {
							"post": [0, 0, 0],
							"lerp_mode": "catmullrom"
						}
					},
					"position": {
						"0.0": {
							"post": [0, 0, 0],
							"lerp_mode": "catmullrom"
						},
						"0.1": {
							"post": [0.31, -0.16625, -0.98],
							"lerp_mode": "catmullrom"
						},
						"0.25": {
							"post": [0.69729, -0.08395, -1.7],
							"lerp_mode": "catmullrom"
						},
						"0.35": {
							"post": [0.76538, 0.53752, -0.65],
							"lerp_mode": "catmullrom"
						},
						"0.45": {
							"post": [0.76538, 0.56799, 0.075],
							"lerp_mode": "catmullrom"
						},
						"0.6": {
							"post": [0.76409, 0.28728, -0.01],
							"lerp_mode": "catmullrom"
						},
						"0.75": {
							"post": [0.8, 0.06, -0.01],
							"lerp_mode": "catmullrom"
						},
						"0.8": {
							"post": [1.16216, -0.3007, 0],
							"lerp_mode": "catmullrom"
						},
						"0.95": {
							"post": [0.32922, 0.56157, 0.01],
							"lerp_mode": "catmullrom"
						},
						"1.15": {
							"post": [0.36682, 0.03011, 0],
							"lerp_mode": "catmullrom"
						},
						"1.25": {
							"post": [0.4642, -0.07667, 0.02031],
							"lerp_mode": "catmullrom"
						},
						"1.45": {
							"post": [0.87795, 0.15254, -0.04422],
							"lerp_mode": "catmullrom"
						},
						"1.6": {
							"post": [0.94795, 0.33832, 0],
							"lerp_mode": "catmullrom"
						},
						"1.85": {
							"post": [0.95666, 0.40277, 0],
							"lerp_mode": "catmullrom"
						},
						"2.0": {
							"post": [1.14281, 0.49453, 0],
							"lerp_mode": "catmullrom"
						},
						"2.25": {
							"post": [1.16, 0.58, 0],
							"lerp_mode": "catmullrom"
						},
						"2.35": {
							"post": [1.58, -1.27734, 0.02],
							"lerp_mode": "catmullrom"
						},
						"2.45": {
							"post": [1.5253, -0.85543, 0],
							"lerp_mode": "catmullrom"
						},
						"2.65": {
							"post": [-0.58906, -1.87328, -0.8475],
							"lerp_mode": "catmullrom"
						},
						"2.75": {
							"post": [-0.42, -1.42, -0.92],
							"lerp_mode": "catmullrom"
						},
						"2.85": {
							"post": [-0.1, -0.27, -0.50094],
							"lerp_mode": "catmullrom"
						},
						"2.95": {
							"post": [0, 0, 0.36719],
							"lerp_mode": "catmullrom"
						},
						"3.05": {
							"post": [0, 0, -0.23437],
							"lerp_mode": "catmullrom"
						},
						"3.2": {
							"post": [0, 0, 0],
							"lerp_mode": "catmullrom"
						}
					}
				},
				"mag": {
					"rotation": {
						"0.7": {
							"pre": [0, 0, 0],
							"post": [0, 0, 0],
							"lerp_mode": "catmullrom"
						},
						"0.85": {
							"post": [0, 0, 0],
							"lerp_mode": "catmullrom"
						},
						"1.05": {
							"post": [13, 0, -16],
							"lerp_mode": "catmullrom"
						},
						"1.2": {
							"post": [0, 0, 11],
							"lerp_mode": "catmullrom"
						},
						"1.65": {
							"post": [0, 0, 11],
							"lerp_mode": "catmullrom"
						},
						"1.85": [-4.97275, 0.52199, 1.97733],
						"2.0": [-5.75048, -0.69419, -9.56291],
						"2.1": [-4.67, 0, -1.33],
						"2.25": [0, 0, 0],
						"2.35": [0, 0, 0]
					},
					"position": {
						"0.7": {
							"pre": [0, 0, 0],
							"post": [0, 0, 0],
							"lerp_mode": "catmullrom"
						},
						"0.85": {
							"post": [0, -8.2, -0.61719],
							"lerp_mode": "catmullrom"
						},
						"1.05": {
							"post": [1.28045, -12.73791, 0.45742],
							"lerp_mode": "catmullrom"
						},
						"1.2": {
							"post": [-0.1, -22.6, 6.3],
							"lerp_mode": "catmullrom"
						},
						"1.65": {
							"post": [-0.1, -14.3, 3.8],
							"lerp_mode": "catmullrom"
						},
						"1.85": [0.4, -2.6, -0.7],
						"1.9": [0.41, -3.16812, -0.83],
						"2.0": [0.42, -1.93, 0.04],
						"2.1": [0.2, -1.3, -0.225],
						"2.25": [-0.05, 0, 0.15],
						"2.35": {
							"pre": [0, 0, 0],
							"post": [0, 0, 0],
							"lerp_mode": "catmullrom"
						}
					}
				},
				"bullet_new_mag": {
					"scale": {
						"0.0": [0, 0, 0],
						"1.4": {
							"pre": [0, 0, 0],
							"post": [1, 1, 1]
						},
						"3.25": [1, 1, 1]
					}
				},
				"right": {
					"rotation": [92, 7, -177],
					"position": [-6.75, -5.75, 7.5],
					"scale": [1, 1.5, 1]
				},
				"left": {
					"rotation": {
						"0.0": [74, -26, -103],
						"0.2": {
							"pre": [77, -23, -111.9375],
							"post": [77, -23, -111.9375],
							"lerp_mode": "catmullrom"
						},
						"0.5": [114.51515, -10.75463, -184.22951],
						"2.5": [114.52, -10.75, -184.23],
						"2.8": [74, -26, -103]
					},
					"position": {
						"0.0": [7, -6, -5],
						"0.2": {
							"pre": [7, -6.6875, -4],
							"post": [7, -6.6875, -4],
							"lerp_mode": "catmullrom"
						},
						"0.5": [8, -9, 3],
						"2.5": [8, -9, 3],
						"2.8": [7, -6, -5]
					},
					"scale": [1, 1.5, 1]
				},
				"camera": {
					"rotation": {
						"0.0": {
							"post": [0, 0, 0],
							"lerp_mode": "catmullrom"
						},
						"0.25": {
							"post": [2.28, 0.82813, 0.01953],
							"lerp_mode": "catmullrom"
						},
						"0.45": {
							"post": [2.7, 1.28516, 0.01953],
							"lerp_mode": "catmullrom"
						},
						"0.7": {
							"post": [2.43, 1.44922, 0.01953],
							"lerp_mode": "catmullrom"
						},
						"0.8": {
							"post": [3.14063, 1.16016, -1.025],
							"lerp_mode": "catmullrom"
						},
						"0.95": {
							"post": [2.54813, 1.11719, 0.375],
							"lerp_mode": "catmullrom"
						},
						"1.1": {
							"post": [2.89516, 1.19922, -0.30859],
							"lerp_mode": "catmullrom"
						},
						"1.35": {
							"post": [3.25016, 1.11719, 0.01953],
							"lerp_mode": "catmullrom"
						},
						"1.55": {
							"post": [2.91781, 1.03516, 0.01953],
							"lerp_mode": "catmullrom"
						},
						"1.85": {
							"post": [1.89, 1.12109, 0.01953],
							"lerp_mode": "catmullrom"
						},
						"1.9": {
							"post": [1.915, 1.11, 0.22656],
							"lerp_mode": "catmullrom"
						},
						"2.05": {
							"post": [2.22, 1.03906, 0.01953],
							"lerp_mode": "catmullrom"
						},
						"2.2": {
							"post": [2.135, 1.24609, 0.01953],
							"lerp_mode": "catmullrom"
						},
						"2.3": {
							"post": [2.77781, 1.41016, -0.94922],
							"lerp_mode": "catmullrom"
						},
						"2.45": {
							"post": [2.06312, 1.41016, 0.56641],
							"lerp_mode": "catmullrom"
						},
						"2.6": {
							"post": [2.475, 1.28516, 0.01953],
							"lerp_mode": "catmullrom"
						},
						"2.7": {
							"post": [2.305, 0.95313, 0.01953],
							"lerp_mode": "catmullrom"
						},
						"2.9": {
							"post": [0.16406, 0.12109, 0],
							"lerp_mode": "catmullrom"
						},
						"2.95": {
							"post": [0.24109, 0.02, 0.42969],
							"lerp_mode": "catmullrom"
						},
						"3.05": {
							"post": [-0.125, -0.00391, -0.17969],
							"lerp_mode": "catmullrom"
						},
						"3.2": {
							"post": [0, 0, 0],
							"lerp_mode": "catmullrom"
						}
					}
				}
			},
			"sound_effects": {
				"0.0": {
					"effect": "immersive_armorer:double_shotgun/move1"
				},
				"0.45": {
					"effect": "immersive_armorer:double_shotgun/mag_out"
				},
				"1.85": {
					"effect": "immersive_armorer:double_shotgun/mag_in_hit"
				},
				"1.9": {
					"effect": "immersive_armorer:double_shotgun/mag_in"
				},
				"2.55": {
					"effect": "immersive_armorer:double_shotgun/move3"
				}
			}
		},
		"reload_empty": {
			"loop": "hold_on_last_frame",
			"animation_length": 3.6,
			"bones": {
				"root": {
					"rotation": {
						"0.0": {
							"post": [0, 0, 0],
							"lerp_mode": "catmullrom"
						},
						"0.1": {
							"post": [-2.26525, -2.37715, -5.04106],
							"lerp_mode": "catmullrom"
						},
						"0.3": {
							"post": [-13.34898, -0.63534, -29.48993],
							"lerp_mode": "catmullrom"
						},
						"0.4": {
							"post": [-14.30797, -1.31435, -28.46174],
							"lerp_mode": "catmullrom"
						},
						"0.5": {
							"post": [-14.35415, -1.25247, -30.51516],
							"lerp_mode": "catmullrom"
						},
						"0.6": {
							"post": [-15.05, -2.07828, -29.78],
							"lerp_mode": "catmullrom"
						},
						"0.7": {
							"post": [-16.71249, -4.04284, -31.45875],
							"lerp_mode": "catmullrom"
						},
						"0.8": {
							"post": [-17.77, -4.10828, -35.83],
							"lerp_mode": "catmullrom"
						},
						"0.9": {
							"post": [-17.72867, -3.92054, -32.45978],
							"lerp_mode": "catmullrom"
						},
						"1.0": {
							"post": [-17.43, -3.85828, -33.99],
							"lerp_mode": "catmullrom"
						},
						"1.1": {
							"post": [-16.83, -3.82828, -35.24],
							"lerp_mode": "catmullrom"
						},
						"1.3": {
							"post": [-16.75747, -3.10868, -35.18341],
							"lerp_mode": "catmullrom"
						},
						"1.5": {
							"post": [-18.34, -3.15703, -34.44],
							"lerp_mode": "catmullrom"
						},
						"1.7": {
							"post": [-19.01, -5.25703, -35.87],
							"lerp_mode": "catmullrom"
						},
						"1.85": {
							"post": [-19.00565, -5.03644, -37.49036],
							"lerp_mode": "catmullrom"
						},
						"1.95": {
							"post": [-20.42, -3.94703, -35.02],
							"lerp_mode": "catmullrom"
						},
						"2.05": {
							"post": [-20.51272, -3.25081, -36.33603],
							"lerp_mode": "catmullrom"
						},
						"2.2": {
							"post": [-19.88, -3.28703, -36.41],
							"lerp_mode": "catmullrom"
						},
						"2.3": {
							"post": [-19.42, -3.39703, -38.19],
							"lerp_mode": "catmullrom"
						},
						"2.35": {
							"post": [-19.2, -3.65703, -35.42],
							"lerp_mode": "catmullrom"
						},
						"2.4": {
							"post": [-20.43386, -2.85383, -35.8955],
							"lerp_mode": "catmullrom"
						},
						"2.45": {
							"post": [-18.93009, -4.62747, -37.24338],
							"lerp_mode": "catmullrom"
						},
						"2.55": {
							"post": [-14.39944, -3.25081, -27.73603],
							"lerp_mode": "catmullrom"
						},
						"2.65": {
							"post": [-3.21178, -0.31007, -3.2743],
							"lerp_mode": "catmullrom"
						},
						"2.8": {
							"post": [1.63475, 0.17984, 2.98881],
							"lerp_mode": "catmullrom"
						},
						"2.85": {
							"post": [1.5, 0.125, 2.75],
							"lerp_mode": "catmullrom"
						},
						"2.95": {
							"post": [-3.5, 0.125, 8.75],
							"lerp_mode": "catmullrom"
						},
						"3.0": {
							"post": [-4.13, -0.375, 9.5],
							"lerp_mode": "catmullrom"
						},
						"3.1": {
							"post": [-3.5, 0.125, 8.75],
							"lerp_mode": "catmullrom"
						},
						"3.25": {
							"post": [-0.5625, 0.125, 0.75],
							"lerp_mode": "catmullrom"
						},
						"3.3": {
							"post": [0.45, 0.5, -0.305],
							"lerp_mode": "catmullrom"
						},
						"3.45": {
							"post": [0, 0.125, 0.125],
							"lerp_mode": "catmullrom"
						},
						"3.6": {
							"post": [0, 0, 0],
							"lerp_mode": "catmullrom"
						}
					},
					"position": {
						"0.0": {
							"post": [0, 0, 0],
							"lerp_mode": "catmullrom"
						},
						"0.1": {
							"post": [0.31, -0.16625, -0.98],
							"lerp_mode": "catmullrom"
						},
						"0.25": {
							"post": [0.69729, -0.08395, -1.7],
							"lerp_mode": "catmullrom"
						},
						"0.35": {
							"post": [0.76538, 0.53752, -0.65],
							"lerp_mode": "catmullrom"
						},
						"0.45": {
							"post": [0.76538, 0.56799, 0.075],
							"lerp_mode": "catmullrom"
						},
						"0.6": {
							"post": [0.76409, 0.28728, -0.01],
							"lerp_mode": "catmullrom"
						},
						"0.75": {
							"post": [0.8, 0.06, -0.01],
							"lerp_mode": "catmullrom"
						},
						"0.8": {
							"post": [1.16216, -0.3007, 0],
							"lerp_mode": "catmullrom"
						},
						"0.95": {
							"post": [0.32922, 0.56157, 0.01],
							"lerp_mode": "catmullrom"
						},
						"1.15": {
							"post": [0.36682, 0.03011, 0],
							"lerp_mode": "catmullrom"
						},
						"1.25": {
							"post": [0.4642, -0.07667, 0.02031],
							"lerp_mode": "catmullrom"
						},
						"1.45": {
							"post": [0.87795, 0.15254, -0.04422],
							"lerp_mode": "catmullrom"
						},
						"1.6": {
							"post": [0.94795, 0.33832, 0],
							"lerp_mode": "catmullrom"
						},
						"1.85": {
							"post": [0.95666, 0.40277, 0],
							"lerp_mode": "catmullrom"
						},
						"2.0": {
							"post": [1.14281, 0.49453, 0],
							"lerp_mode": "catmullrom"
						},
						"2.25": {
							"post": [1.16, 0.58, 0],
							"lerp_mode": "catmullrom"
						},
						"2.35": {
							"post": [1.58, -1.27734, 0.02],
							"lerp_mode": "catmullrom"
						},
						"2.45": {
							"post": [1.5253, -0.85543, 0],
							"lerp_mode": "catmullrom"
						},
						"2.65": {
							"post": [-0.58906, -0.62328, -0.8475],
							"lerp_mode": "catmullrom"
						},
						"2.75": {
							"post": [-0.42, -0.17, -0.92],
							"lerp_mode": "catmullrom"
						},
						"2.85": {
							"post": [-0.375, -0.25, -0.875],
							"lerp_mode": "catmullrom"
						},
						"2.95": {
							"post": [-0.375, 0, 1.125],
							"lerp_mode": "catmullrom"
						},
						"3.1": {
							"post": [-0.375, 0, 1.125],
							"lerp_mode": "catmullrom"
						},
						"3.25": {
							"post": [-0.0625, -0.0625, 0.1475],
							"lerp_mode": "catmullrom"
						},
						"3.45": {
							"post": [-0.0625, -0.0625, -0.125],
							"lerp_mode": "catmullrom"
						},
						"3.6": {
							"post": [0, 0, 0],
							"lerp_mode": "catmullrom"
						}
					}
				},
				"pump": {
					"position": {
						"2.85": [0, 0, 0],
						"2.95": [0, 0, 2],
						"3.1": [0, 0, 2],
						"3.2": [0, 0, 0]
					}
				},
				"mag": {
					"rotation": {
						"0.7": {
							"pre": [0, 0, 0],
							"post": [0, 0, 0],
							"lerp_mode": "catmullrom"
						},
						"0.85": {
							"post": [0, 0, 0],
							"lerp_mode": "catmullrom"
						},
						"1.05": {
							"post": [13, 0, -16],
							"lerp_mode": "catmullrom"
						},
						"1.2": {
							"post": [0, 0, 11],
							"lerp_mode": "catmullrom"
						},
						"1.65": {
							"post": [0, 0, 11],
							"lerp_mode": "catmullrom"
						},
						"1.85": [-4.97275, 0.52199, 1.97733],
						"2.0": [-5.75048, -0.69419, -9.56291],
						"2.1": [-4.67, 0, -1.33],
						"2.25": [0, 0, 0],
						"2.35": [0, 0, 0]
					},
					"position": {
						"0.7": {
							"pre": [0, 0, 0],
							"post": [0, 0, 0],
							"lerp_mode": "catmullrom"
						},
						"0.85": {
							"post": [0, -8.2, -0.61719],
							"lerp_mode": "catmullrom"
						},
						"1.05": {
							"post": [1.28045, -12.73791, 0.45742],
							"lerp_mode": "catmullrom"
						},
						"1.2": {
							"post": [-0.1, -22.6, 6.3],
							"lerp_mode": "catmullrom"
						},
						"1.65": {
							"post": [-0.1, -14.3, 3.8],
							"lerp_mode": "catmullrom"
						},
						"1.85": [0.4, -2.6, -0.7],
						"1.9": [0.41, -3.16812, -0.83],
						"2.0": [0.42, -1.93, 0.04],
						"2.1": [0.2, -1.3, -0.225],
						"2.25": [-0.05, 0, 0.15],
						"2.35": {
							"pre": [0, 0, 0],
							"post": [0, 0, 0],
							"lerp_mode": "catmullrom"
						}
					}
				},
				"bullet_new_mag": {
					"scale": {
						"0.0": [0, 0, 0],
						"1.4": {
							"pre": [0, 0, 0],
							"post": [1, 1, 1]
						},
						"3.25": [1, 1, 1]
					}
				},
				"right": {
					"rotation": [92, 7, -177],
					"position": [-6.75, -5.75, 7.5],
					"scale": [1, 1.5, 1]
				},
				"left": {
					"rotation": {
						"0.0": [74, -26, -103],
						"0.2": {
							"pre": [77, -23, -111.9375],
							"post": [77, -23, -111.9375],
							"lerp_mode": "catmullrom"
						},
						"0.5": [114.51515, -10.75463, -184.22951],
						"2.5": [114.52, -10.75, -184.23],
						"2.8": [74, -26, -103],
						"2.85": [74, -26, -103]
					},
					"position": {
						"0.0": [7, -6, -5],
						"0.2": {
							"pre": [7, -6.6875, -4],
							"post": [7, -6.6875, -4],
							"lerp_mode": "catmullrom"
						},
						"0.5": [8, -9, 3],
						"2.5": [8, -9, 3],
						"2.8": [7, -6, -5],
						"2.85": [7, -6, -5],
						"2.95": [7, -6, -2.5],
						"3.1": [7, -6, -2.5],
						"3.2": [7, -6, -5]
					},
					"scale": [1, 1.5, 1]
				},
				"camera": {
					"rotation": {
						"0.0": {
							"post": [0, 0, 0],
							"lerp_mode": "catmullrom"
						},
						"0.25": {
							"post": [2.28, 0.82813, 0.08203],
							"lerp_mode": "catmullrom"
						},
						"0.45": {
							"post": [2.7, 1.28516, 0.08203],
							"lerp_mode": "catmullrom"
						},
						"0.7": {
							"post": [2.43, 1.44922, 0.08203],
							"lerp_mode": "catmullrom"
						},
						"0.8": {
							"post": [3.14063, 1.16016, -0.9625],
							"lerp_mode": "catmullrom"
						},
						"0.95": {
							"post": [2.54813, 1.11719, 0.4375],
							"lerp_mode": "catmullrom"
						},
						"1.1": {
							"post": [2.89516, 1.19922, -0.24609],
							"lerp_mode": "catmullrom"
						},
						"1.35": {
							"post": [3.25016, 1.11719, 0.08203],
							"lerp_mode": "catmullrom"
						},
						"1.55": {
							"post": [2.91781, 1.03516, 0.08203],
							"lerp_mode": "catmullrom"
						},
						"1.85": {
							"post": [1.89, 1.12109, 0.08203],
							"lerp_mode": "catmullrom"
						},
						"1.9": {
							"post": [1.915, 1.11, 0.28906],
							"lerp_mode": "catmullrom"
						},
						"2.05": {
							"post": [2.22, 1.03906, 0.08203],
							"lerp_mode": "catmullrom"
						},
						"2.2": {
							"post": [2.135, 1.24609, 0.08203],
							"lerp_mode": "catmullrom"
						},
						"2.3": {
							"post": [2.77781, 1.41016, -0.88672],
							"lerp_mode": "catmullrom"
						},
						"2.45": {
							"post": [2.06312, 1.41016, 0.62891],
							"lerp_mode": "catmullrom"
						},
						"2.6": {
							"post": [2.475, 1.28516, 0.08203],
							"lerp_mode": "catmullrom"
						},
						"2.7": {
							"post": [2.305, 0.95313, 0.08203],
							"lerp_mode": "catmullrom"
						},
						"2.9": {
							"post": [0.16406, 0.12109, 0],
							"lerp_mode": "catmullrom"
						},
						"2.95": {
							"post": [0.3125, 0, 0.0625],
							"lerp_mode": "catmullrom"
						},
						"3.05": {
							"post": [0.2625, 0, -0.5],
							"lerp_mode": "catmullrom"
						},
						"3.1": {
							"post": [-0.0675, 0, 0],
							"lerp_mode": "catmullrom"
						},
						"3.2": {
							"post": [-0.3575, 0, -0.0425],
							"lerp_mode": "catmullrom"
						},
						"3.25": {
							"post": [-0.1475, 0, -0.73],
							"lerp_mode": "catmullrom"
						},
						"3.3": {
							"post": [0.0025, 0, 0.52],
							"lerp_mode": "catmullrom"
						},
						"3.4": {
							"post": [-0.045, 0, 0.02],
							"lerp_mode": "catmullrom"
						},
						"3.5": {
							"post": [0.0125, 0, -0.0575],
							"lerp_mode": "catmullrom"
						},
						"3.6": {
							"post": [0, 0, 0],
							"lerp_mode": "catmullrom"
						}
					}
				}
			},
			"sound_effects": {
				"0.0": {
					"effect": "immersive_armorer:double_shotgun/move1"
				},
				"0.45": {
					"effect": "immersive_armorer:double_shotgun/mag_out"
				},
				"1.85": {
					"effect": "immersive_armorer:double_shotgun/mag_in_hit"
				},
				"1.9": {
					"effect": "immersive_armorer:double_shotgun/mag_in"
				},
				"2.8": {
					"effect": "immersive_armorer:double_shotgun/reload_bolt_open"
				},
				"3.05": {
					"effect": "immersive_armorer:double_shotgun/move2"
				},
				"3.1": {
					"effect": "immersive_armorer:double_shotgun/reload_bolt_close"
				}
			}
		},
		"put_away": {
			"loop": "hold_on_last_frame",
			"animation_length": 0.5522,
			"bones": {
				"root": {
					"rotation": {
						"0.0": {
							"post": [0, 0, 0],
							"lerp_mode": "catmullrom"
						},
						"0.05": {
							"post": [-0.569, -0.003, 5.018],
							"lerp_mode": "catmullrom"
						},
						"0.1": {
							"post": [-2.447, -0.087, 22.848],
							"lerp_mode": "catmullrom"
						},
						"0.15": {
							"post": [-1.933, -1.636, 29.538],
							"lerp_mode": "catmullrom"
						},
						"0.25": {
							"post": [5.23, -12.003, 33.27],
							"lerp_mode": "catmullrom"
						},
						"0.4": {
							"post": [26.956, -40.562, 32.029],
							"lerp_mode": "catmullrom"
						},
						"0.55": {
							"post": [35.303, -48.148, 26.884],
							"lerp_mode": "catmullrom"
						}
					},
					"position": {
						"0.0": {
							"post": [0, 0, 0],
							"lerp_mode": "catmullrom"
						},
						"0.05": {
							"post": [-0.376, -0.04, -0.284],
							"lerp_mode": "catmullrom"
						},
						"0.1": {
							"post": [-1.779, -0.814, -1.917],
							"lerp_mode": "catmullrom"
						},
						"0.25": {
							"post": [-3.808, -3.961, -3.691],
							"lerp_mode": "catmullrom"
						},
						"0.3": {
							"post": [-4.788, -6.679, -1.485],
							"lerp_mode": "catmullrom"
						},
						"0.45": {
							"post": [-5.254, -10.69, 4.225],
							"lerp_mode": "catmullrom"
						},
						"0.55": {
							"post": [-4.074, -15.921, 5.651],
							"lerp_mode": "catmullrom"
						}
					}
				},
				"right": {
					"rotation": [92, 7, -177],
					"position": [-6.75, -5.75, 7.5],
					"scale": [1, 1.5, 1]
				},
				"left": {
					"rotation": [74, -26, -103],
					"position": [7, -6, -5],
					"scale": [1, 1.5, 1]
				},
				"camera": {
					"rotation": {
						"0.0": {
							"post": [0, 0, 0],
							"lerp_mode": "catmullrom"
						},
						"0.3": {
							"post": [0, 0, 0.525],
							"lerp_mode": "catmullrom"
						},
						"0.55": {
							"post": [0, 0, 0],
							"lerp_mode": "catmullrom"
						}
					}
				}
			},
			"sound_effects": {
				"0.0": {
					"effect": "immersive_armorer:double_shotgun/put_away"
				}
			}
		},
		"draw": {
			"loop": "hold_on_last_frame",
			"animation_length": 1.0333,
			"bones": {
				"root": {
					"rotation": {
						"0.0": {
							"post": [3.75, -33.541, 39.18],
							"lerp_mode": "catmullrom"
						},
						"0.1333": {
							"post": [0.345, -28.461, 42.976],
							"lerp_mode": "catmullrom"
						},
						"0.2667": {
							"post": [-0.193, -15.745, 34.403],
							"lerp_mode": "catmullrom"
						},
						"0.3": {
							"post": [1.754, -11.615, 20.161],
							"lerp_mode": "catmullrom"
						},
						"0.3333": {
							"post": [0.359, -6.327, 11.267],
							"lerp_mode": "catmullrom"
						},
						"0.4333": {
							"post": [-1.608, -0.67, -0.393],
							"lerp_mode": "catmullrom"
						},
						"0.5": {
							"post": [-1.846, 0.79, -4.572],
							"lerp_mode": "catmullrom"
						},
						"0.5667": {
							"post": [-0.535, 0.236, -1.489],
							"lerp_mode": "catmullrom"
						},
						"0.6667": {
							"post": [0.427, -0.646, -2.843],
							"lerp_mode": "catmullrom"
						},
						"0.8": {
							"post": [0.09, -0.258, -1.308],
							"lerp_mode": "catmullrom"
						},
						"1.0333": {
							"post": [0, 0, 0],
							"lerp_mode": "catmullrom"
						}
					},
					"position": {
						"0.0": {
							"post": [-0.824, -10.839, 0.431],
							"lerp_mode": "catmullrom"
						},
						"0.0667": {
							"post": [-1.309, -8.208, -1.054],
							"lerp_mode": "catmullrom"
						},
						"0.1333": {
							"post": [1.809, -4.373, -2.608],
							"lerp_mode": "catmullrom"
						},
						"0.3": {
							"post": [1.094, -1.132, -3.248],
							"lerp_mode": "catmullrom"
						},
						"0.4": {
							"post": [-0.234, -0.211, -2.606],
							"lerp_mode": "catmullrom"
						},
						"0.5333": {
							"post": [-0.087, 0.096, -0.148],
							"lerp_mode": "catmullrom"
						},
						"0.6": {
							"post": [0.067, -0.04, -0.2535],
							"lerp_mode": "catmullrom"
						},
						"0.7": {
							"post": [0.01, -0.05, 0.01],
							"lerp_mode": "catmullrom"
						},
						"0.8333": {
							"post": [-0.078, -0.028, -0.041],
							"lerp_mode": "catmullrom"
						},
						"1.0333": {
							"post": [0, 0, 0],
							"lerp_mode": "catmullrom"
						}
					}
				},
				"right": {
					"rotation": [92, 7, -177],
					"position": [-6.75, -5.75, 7.5],
					"scale": [1, 1.5, 1]
				},
				"left": {
					"rotation": [74, -26, -103],
					"position": [7, -6, -5],
					"scale": [1, 1.5, 1]
				},
				"camera": {
					"rotation": {
						"0.0": {
							"post": [0, 0, 0],
							"lerp_mode": "catmullrom"
						},
						"0.2333": {
							"post": [1.075, 0, 0.625],
							"lerp_mode": "catmullrom"
						},
						"0.5333": {
							"post": [-0.125, 0, -0.1],
							"lerp_mode": "catmullrom"
						},
						"0.6": {
							"post": [0.15, 0, 0.125],
							"lerp_mode": "catmullrom"
						},
						"0.7": {
							"post": [-0.05, 0, -0.05],
							"lerp_mode": "catmullrom"
						},
						"0.8333": {
							"post": [0, 0, 0.025],
							"lerp_mode": "catmullrom"
						},
						"0.9667": {
							"post": [0, 0, 0],
							"lerp_mode": "catmullrom"
						}
					}
				}
			},
			"sound_effects": {
				"0.1667": {
					"effect": "immersive_armorer:double_shotgun/draw"
				}
			}
		},
		"bolt": {
			"animation_length": 0.75,
			"bones": {
				"root": {
					"rotation": {
						"0.0": {
							"post": [0, 0, 0],
							"lerp_mode": "catmullrom"
						},
						"0.0833": {
							"post": [-5, 0, 6],
							"lerp_mode": "catmullrom"
						},
						"0.1667": {
							"post": [-5.63, -0.5, 6.75],
							"lerp_mode": "catmullrom"
						},
						"0.25": {
							"post": [-5, 0, 6],
							"lerp_mode": "catmullrom"
						},
						"0.375": {
							"post": [-0.5625, 0, 0.625],
							"lerp_mode": "catmullrom"
						},
						"0.4583": {
							"post": [0.45, 0.375, -0.43],
							"lerp_mode": "catmullrom"
						},
						"0.5833": {
							"post": [0, 0, 0],
							"lerp_mode": "catmullrom"
						},
						"0.75": {
							"post": [0, 0, 0],
							"lerp_mode": "catmullrom"
						}
					},
					"position": {
						"0.0": {
							"post": [0, 0, 0],
							"lerp_mode": "catmullrom"
						},
						"0.0833": {
							"post": [0, 0.25, 2],
							"lerp_mode": "catmullrom"
						},
						"0.25": {
							"post": [0, 0.25, 2],
							"lerp_mode": "catmullrom"
						},
						"0.375": {
							"post": [0, 0, 0.2725],
							"lerp_mode": "catmullrom"
						},
						"0.5833": {
							"post": [0, 0, 0],
							"lerp_mode": "catmullrom"
						},
						"0.75": {
							"post": [0, 0, 0],
							"lerp_mode": "catmullrom"
						}
					}
				},
				"pump": {
					"position": {
						"0.0": [0, 0, 0],
						"0.0833": [0, 0, 2],
						"0.25": [0, 0, 2],
						"0.3333": [0, 0, 0]
					}
				},
				"right": {
					"rotation": [92, 7, -177],
					"position": [-6.75, -5.75, 7.5],
					"scale": [1, 1.5, 1]
				},
				"left": {
					"rotation": [74, -26, -103],
					"position": {
						"0.0": [7, -6, -5],
						"0.0833": [7, -6, -2.5],
						"0.25": [7, -6, -2.5],
						"0.3333": [7, -6, -5]
					},
					"scale": [1, 1.5, 1]
				},
				"camera": {
					"rotation": {
						"0.0": {
							"post": [0, 0, 0],
							"lerp_mode": "catmullrom"
						},
						"0.0833": {
							"post": [0.3125, 0, 0.0625],
							"lerp_mode": "catmullrom"
						},
						"0.125": {
							"post": [0.0525, 0, 0.75],
							"lerp_mode": "catmullrom"
						},
						"0.2083": {
							"post": [0.2625, 0, -0.5],
							"lerp_mode": "catmullrom"
						},
						"0.25": {
							"post": [-0.0675, 0, 0],
							"lerp_mode": "catmullrom"
						},
						"0.3333": {
							"post": [-0.3575, 0, -0.0425],
							"lerp_mode": "catmullrom"
						},
						"0.375": {
							"post": [-0.1475, 0, -0.73],
							"lerp_mode": "catmullrom"
						},
						"0.4583": {
							"post": [0.0025, 0, 0.52],
							"lerp_mode": "catmullrom"
						},
						"0.5417": {
							"post": [-0.045, 0, 0.02],
							"lerp_mode": "catmullrom"
						},
						"0.625": {
							"post": [0.0125, 0, -0.0575],
							"lerp_mode": "catmullrom"
						},
						"0.75": {
							"post": [0, 0, 0],
							"lerp_mode": "catmullrom"
						}
					}
				}
			},
			"sound_effects": {
				"0.0": {
					"effect": "immersive_armorer:double_shotgun/bolt_open"
				},
				"0.2083": {
					"effect": "immersive_armorer:double_shotgun/bolt_close"
				}
			}
		},
		"shoot_up": {
			"loop": "hold_on_last_frame",
			"animation_length": 0.75,
			"bones": {
				"root": {
					"rotation": {
						"0.0": {
							"post": [0, 0, 0],
							"lerp_mode": "catmullrom"
						},
						"0.0417": {
							"post": [1.24069, 0.15232, -2.99835],
							"lerp_mode": "catmullrom"
						},
						"0.0833": {
							"post": [-4.07024, 1.33042, 1.79388],
							"lerp_mode": "catmullrom"
						},
						"0.125": {
							"post": [-4.32314, -0.61289, -0.16761],
							"lerp_mode": "catmullrom"
						},
						"0.2083": {
							"post": [-2.3888, -0.64862, -0.4426],
							"lerp_mode": "catmullrom"
						},
						"0.2917": {
							"post": [-1.10198, -0.95049, 0.39646],
							"lerp_mode": "catmullrom"
						},
						"0.4583": {
							"post": [-0.11175, -0.09714, 0.12299],
							"lerp_mode": "catmullrom"
						},
						"0.75": {
							"post": [0, 0, 0],
							"lerp_mode": "catmullrom"
						}
					},
					"position": {
						"0.0": {
							"post": [0, 0, 0],
							"lerp_mode": "catmullrom"
						},
						"0.0417": {
							"post": [0, -0.5, 2.1375],
							"lerp_mode": "catmullrom"
						},
						"0.1667": {
							"post": [-0.125, 0.18, 1.775],
							"lerp_mode": "catmullrom"
						},
						"0.25": {
							"post": [-0.11, 0.065, 0.7225],
							"lerp_mode": "catmullrom"
						},
						"0.3333": {
							"post": [-0.075, -0.0525, 0.245],
							"lerp_mode": "catmullrom"
						},
						"0.4167": {
							"post": [0, -0.095, 0.015],
							"lerp_mode": "catmullrom"
						},
						"0.5833": {
							"post": [0, -0.03, -0.095],
							"lerp_mode": "catmullrom"
						},
						"0.75": {
							"post": [0, 0, 0],
							"lerp_mode": "catmullrom"
						}
					}
				},
				"bolt": {
					"position": {
						"0.0": [0, 0, 0],
						"0.0417": [0, 0, 2.5],
						"0.0833": [0, 0, 2.5],
						"0.125": [0, 0, 0]
					}
				},
				"muzzle_flash": {
					"position": {
						"0.0": [0, 0, 0],
						"0.0833": [0, 0, 0],
						"0.125": [0, 0, 0]
					}
				},
				"camera": {
					"rotation": {
						"0.0": {
							"post": [-0.25, 0, 2],
							"lerp_mode": "catmullrom"
						},
						"0.0833": {
							"post": [0.125, 0, -1],
							"lerp_mode": "catmullrom"
						},
						"0.1667": {
							"post": [0, 0, 1],
							"lerp_mode": "catmullrom"
						},
						"0.25": {
							"post": [0.125, 0, -0.5],
							"lerp_mode": "catmullrom"
						},
						"0.3333": {
							"post": [0, 0, 0.25],
							"lerp_mode": "catmullrom"
						},
						"0.375": {
							"post": [0, 0, -0.25],
							"lerp_mode": "catmullrom"
						},
						"0.5": {
							"post": [0, 0, 0],
							"lerp_mode": "catmullrom"
						}
					}
				}
			}
		},
		"shoot_down": {
			"loop": "hold_on_last_frame",
			"animation_length": 0.75,
			"bones": {
				"root": {
					"rotation": {
						"0.0": {
							"post": [0, 0, 0],
							"lerp_mode": "catmullrom"
						},
						"0.0417": {
							"post": [1.24069, 0.15232, -2.99835],
							"lerp_mode": "catmullrom"
						},
						"0.0833": {
							"post": [-2.07024, 1.33042, 1.79388],
							"lerp_mode": "catmullrom"
						},
						"0.125": {
							"post": [-2.32314, -0.61289, -0.16761],
							"lerp_mode": "catmullrom"
						},
						"0.2083": {
							"post": [-1.3888, -0.64862, -0.4426],
							"lerp_mode": "catmullrom"
						},
						"0.2917": {
							"post": [-0.50198, -0.95049, 0.39646],
							"lerp_mode": "catmullrom"
						},
						"0.4583": {
							"post": [-0.11175, -0.09714, 0.12299],
							"lerp_mode": "catmullrom"
						},
						"0.75": {
							"post": [0, 0, 0],
							"lerp_mode": "catmullrom"
						}
					},
					"position": {
						"0.0": {
							"post": [0, 0, 0],
							"lerp_mode": "catmullrom"
						},
						"0.0417": {
							"post": [0, -0.5, 2.1375],
							"lerp_mode": "catmullrom"
						},
						"0.1667": {
							"post": [-0.125, 0.18, 1.775],
							"lerp_mode": "catmullrom"
						},
						"0.25": {
							"post": [-0.11, 0.065, 0.7225],
							"lerp_mode": "catmullrom"
						},
						"0.3333": {
							"post": [-0.075, -0.0525, 0.245],
							"lerp_mode": "catmullrom"
						},
						"0.4167": {
							"post": [0, -0.095, 0.015],
							"lerp_mode": "catmullrom"
						},
						"0.5833": {
							"post": [0, -0.03, -0.095],
							"lerp_mode": "catmullrom"
						},
						"0.75": {
							"post": [0, 0, 0],
							"lerp_mode": "catmullrom"
						}
					}
				},
				"bolt": {
					"position": {
						"0.0": [0, 0, 0],
						"0.0417": [0, 0, 2.5],
						"0.0833": [0, 0, 2.5],
						"0.125": [0, 0, 0]
					}
				},
				"muzzle_flash": {
					"position": {
						"0.0": [0, -1.75, 0],
						"0.0833": [0, -1.75, 0],
						"0.125": [0, 0, 0]
					}
				},
				"camera": {
					"rotation": {
						"0.0": {
							"post": [-0.25, 0, 2],
							"lerp_mode": "catmullrom"
						},
						"0.0833": {
							"post": [0.125, 0, -1],
							"lerp_mode": "catmullrom"
						},
						"0.1667": {
							"post": [0, 0, 1],
							"lerp_mode": "catmullrom"
						},
						"0.25": {
							"post": [0.125, 0, -0.5],
							"lerp_mode": "catmullrom"
						},
						"0.3333": {
							"post": [0, 0, 0.25],
							"lerp_mode": "catmullrom"
						},
						"0.375": {
							"post": [0, 0, -0.25],
							"lerp_mode": "catmullrom"
						},
						"0.5": {
							"post": [0, 0, 0],
							"lerp_mode": "catmullrom"
						}
					}
				}
			}
		},
		"inspect": {
			"animation_length": 5.5417,
			"bones": {
				"root": {
					"rotation": {
						"0.0": {
							"post": [0, 0, 0],
							"lerp_mode": "catmullrom"
						},
						"0.2083": {
							"post": [-2, -4, 6],
							"lerp_mode": "catmullrom"
						},
						"0.4583": {
							"post": [-22.81084, -41.30943, -23.81373],
							"lerp_mode": "catmullrom"
						},
						"0.5417": {
							"post": [-21.50022, -47.26945, -32.82302],
							"lerp_mode": "catmullrom"
						},
						"0.6667": {
							"post": [-23.22346, -46.15594, -29.84197],
							"lerp_mode": "catmullrom"
						},
						"0.7917": {
							"post": [-21.05562, -46.65336, -32.34802],
							"lerp_mode": "catmullrom"
						},
						"1.3333": {
							"post": [-21.27743, -46.26825, -31.57298],
							"lerp_mode": "catmullrom"
						},
						"1.5417": {
							"post": [-22.58288, -45.47919, -29.30734],
							"lerp_mode": "catmullrom"
						},
						"1.7917": {
							"post": [-20.36837, -44.41577, -30.67206],
							"lerp_mode": "catmullrom"
						},
						"1.9583": {
							"post": [-15.84, -45.11, -36.39],
							"lerp_mode": "catmullrom"
						},
						"2.0833": {
							"post": [-16.02456, -44.92235, -35.273],
							"lerp_mode": "catmullrom"
						},
						"2.2917": {
							"post": [-19.56683, -38.69834, -23.06033],
							"lerp_mode": "catmullrom"
						},
						"2.5417": {
							"post": [-39.08541, -2.75206, 45.85916],
							"lerp_mode": "catmullrom"
						},
						"2.75": {
							"post": [-40.85796, 2.9189, 64.266],
							"lerp_mode": "catmullrom"
						},
						"2.9583": {
							"post": [-41.81773, 3.19798, 67.49351],
							"lerp_mode": "catmullrom"
						},
						"3.2917": {
							"post": [-42.53723, 3.29333, 67.14422],
							"lerp_mode": "catmullrom"
						},
						"3.7917": {
							"post": [-41.55585, 3.71906, 67.16885],
							"lerp_mode": "catmullrom"
						},
						"3.9583": {
							"post": [-36.90888, 0.18324, 61.04822],
							"lerp_mode": "catmullrom"
						},
						"4.25": {
							"post": [-20.28617, -28.34453, 16.01768],
							"lerp_mode": "catmullrom"
						},
						"4.4167": {
							"post": [-21.57651, -28.24113, 18.70859],
							"lerp_mode": "catmullrom"
						},
						"4.75": {
							"post": [-21.57651, -28.24113, 18.70859],
							"lerp_mode": "catmullrom"
						},
						"4.9583": {
							"post": [-1, -15, 7.5],
							"lerp_mode": "catmullrom"
						},
						"5.0417": {
							"post": [0, -2.5, 0.85],
							"lerp_mode": "catmullrom"
						},
						"5.1667": {
							"post": [0.2, 0.2, -2],
							"lerp_mode": "catmullrom"
						},
						"5.25": {
							"post": [-0.2, -0.05, 2.15],
							"lerp_mode": "catmullrom"
						},
						"5.3333": {
							"post": [-0.05, 0.02, -0.85],
							"lerp_mode": "catmullrom"
						},
						"5.4583": {
							"post": [0.05, 0, 0.15],
							"lerp_mode": "catmullrom"
						},
						"5.5417": {
							"post": [0, 0, 0],
							"lerp_mode": "catmullrom"
						}
					},
					"position": {
						"0.0": {
							"post": [0, 0, 0],
							"lerp_mode": "catmullrom"
						},
						"0.2083": {
							"post": [0.57, 0.03, -0.12],
							"lerp_mode": "catmullrom"
						},
						"0.4167": {
							"post": [2.67, 1.77, -0.32],
							"lerp_mode": "catmullrom"
						},
						"0.5": {
							"post": [2.85, 1.59, -0.3],
							"lerp_mode": "catmullrom"
						},
						"0.6667": {
							"post": [2.96, 1.8, -0.5],
							"lerp_mode": "catmullrom"
						},
						"1.4583": {
							"post": [2.96, 1.755, -0.5],
							"lerp_mode": "catmullrom"
						},
						"1.7083": {
							"post": [2.89, 1.8, -0.48],
							"lerp_mode": "catmullrom"
						},
						"1.9167": {
							"post": [2.935, 1.66, -0.47],
							"lerp_mode": "catmullrom"
						},
						"2.1667": {
							"post": [2.885, 1.6, -0.44],
							"lerp_mode": "catmullrom"
						},
						"2.25": {
							"post": [2.435, 1.35, -0.89],
							"lerp_mode": "catmullrom"
						},
						"2.5417": {
							"post": [1.2, -1.05, -3],
							"lerp_mode": "catmullrom"
						},
						"2.75": {
							"post": [0.95, -0.7, -3.4],
							"lerp_mode": "catmullrom"
						},
						"3.0": {
							"post": [0.96, -0.94, -3.535],
							"lerp_mode": "catmullrom"
						},
						"3.3333": {
							"post": [1, -0.94, -3.71],
							"lerp_mode": "catmullrom"
						},
						"3.7917": {
							"post": [1.03, -0.98, -3.805],
							"lerp_mode": "catmullrom"
						},
						"3.9583": {
							"post": [1.05, -0.86, -3.65],
							"lerp_mode": "catmullrom"
						},
						"4.0833": {
							"post": [1.07, 0.1, -3.1],
							"lerp_mode": "catmullrom"
						},
						"4.25": {
							"post": [1.08, -0.34, -2.62],
							"lerp_mode": "catmullrom"
						},
						"4.4167": {
							"post": [0.98, -0.34, -2.32],
							"lerp_mode": "catmullrom"
						},
						"4.5417": {
							"post": [0.965, -0.155, -2.31],
							"lerp_mode": "catmullrom"
						},
						"4.75": {
							"post": [0.98, -0.265, -2.42],
							"lerp_mode": "catmullrom"
						},
						"5.0": {
							"post": [0.95, -1.75, -3],
							"lerp_mode": "catmullrom"
						},
						"5.2083": {
							"post": [0, -0.2, 0.6],
							"lerp_mode": "catmullrom"
						},
						"5.4167": {
							"post": [0, 0, 0],
							"lerp_mode": "catmullrom"
						}
					}
				},
				"bullet_new_mag": {
					"scale": 0
				},
				"right": {
					"rotation": [92, 7, -177],
					"position": [-6.75, -5.75, 7.5],
					"scale": [1, 1.5, 1]
				},
				"left": {
					"rotation": {
						"0.0": [74, -26, -103],
						"0.25": [74, -26, -103],
						"2.2917": {
							"pre": [71.7475, -25.4, -105.175],
							"post": [71.7475, -25.4, -105.175],
							"lerp_mode": "catmullrom"
						},
						"2.5417": {
							"post": [53.64027, -12.06152, -134.40066],
							"lerp_mode": "catmullrom"
						},
						"2.7083": [53.0275, -11.62, -135.315],
						"3.8333": [53.0275, -11.62, -135.315],
						"3.9583": {
							"pre": [53.64027, -12.06152, -134.40066],
							"post": [53.64027, -12.06152, -134.40066],
							"lerp_mode": "catmullrom"
						},
						"4.0833": {
							"post": [66.84921, -20.77154, -139.99527],
							"lerp_mode": "catmullrom"
						},
						"4.25": {
							"post": [57.93562, -18.99974, -106.24519],
							"lerp_mode": "catmullrom"
						},
						"4.7083": {
							"post": [57.93562, -18.99974, -106.24519],
							"lerp_mode": "catmullrom"
						},
						"5.0": [74, -26, -103]
					},
					"position": {
						"0.0": [7, -6, -5],
						"0.25": [7, -6, -5],
						"0.4167": {
							"pre": [6.69193, -17.21291, -2.13462],
							"post": [6.69193, -17.21291, -2.13462],
							"lerp_mode": "catmullrom"
						},
						"0.5833": {
							"post": [4.15751, -30.40566, 5.67185],
							"lerp_mode": "catmullrom"
						},
						"2.2917": {
							"post": [2.99635, -29.36126, 6.33931],
							"lerp_mode": "catmullrom"
						},
						"2.4167": {
							"post": [12.94751, -17.60419, -3.42876],
							"lerp_mode": "catmullrom"
						},
						"2.5": {
							"post": [12.90988, -10.40922, -6.34286],
							"lerp_mode": "catmullrom"
						},
						"2.5417": {
							"post": [9.13518, -6.72465, -5.18796],
							"lerp_mode": "catmullrom"
						},
						"2.7083": [9.42788, -6.60778, -5.07415],
						"3.8333": [9.42788, -6.60778, -5.07415],
						"3.9583": {
							"pre": [9.16679, -6.69469, -5.23037],
							"post": [9.16679, -6.69469, -5.23037],
							"lerp_mode": "catmullrom"
						},
						"4.0833": {
							"post": [9.14575, -7.83286, -4.50027],
							"lerp_mode": "catmullrom"
						},
						"4.25": {
							"post": [7.26296, -8.30304, -3.81364],
							"lerp_mode": "catmullrom"
						},
						"4.7083": {
							"post": [7.26296, -8.30304, -3.81364],
							"lerp_mode": "catmullrom"
						},
						"4.8333": {
							"post": [7.17186, -6.75702, -5.00997],
							"lerp_mode": "catmullrom"
						},
						"5.0": [7, -6, -5]
					},
					"scale": [1, 1.5, 1]
				},
				"camera": {
					"rotation": {
						"0.0": {
							"post": [0, 0, 0],
							"lerp_mode": "catmullrom"
						},
						"0.25": {
							"post": [0.05, 0, 0.25],
							"lerp_mode": "catmullrom"
						},
						"0.5417": {
							"post": [-1, 0, 0.75],
							"lerp_mode": "catmullrom"
						},
						"1.5": {
							"post": [-1.25, 0, 0.75],
							"lerp_mode": "catmullrom"
						},
						"2.2917": {
							"post": [-1, 0, 0.75],
							"lerp_mode": "catmullrom"
						},
						"2.5833": {
							"post": [0.4375, 0, -0.5],
							"lerp_mode": "catmullrom"
						},
						"3.2917": {
							"post": [0.59, 0, -0.5],
							"lerp_mode": "catmullrom"
						},
						"4.0": {
							"post": [0.5, 0, -0.5],
							"lerp_mode": "catmullrom"
						},
						"4.2083": {
							"post": [-0.5, 0, 0.25],
							"lerp_mode": "catmullrom"
						},
						"4.8333": {
							"post": [-0.5, 0, 0.25],
							"lerp_mode": "catmullrom"
						},
						"5.1667": {
							"post": [-0.125, 0, 0],
							"lerp_mode": "catmullrom"
						},
						"5.5": {
							"post": [0, 0, 0],
							"lerp_mode": "catmullrom"
						}
					}
				},
				"constraint": {
					"rotation": [0.4, 0.4, 0.4],
					"position": [0.4, 0.4, 0.4]
				}
			},
			"sound_effects": {
				"0.0417": {
					"effect": "immersive_armorer:double_shotgun/inspect_move1"
				},
				"2.25": {
					"effect": "immersive_armorer:double_shotgun/inspect_move3"
				},
				"2.5417": {
					"effect": "immersive_armorer:double_shotgun/inspect_grab2"
				},
				"4.0": {
					"effect": "immersive_armorer:double_shotgun/inspect_move2"
				},
				"4.7917": {
					"effect": "immersive_armorer:double_shotgun/inspect_move4"
				}
			}
		}
	}
}