{
	"format_version": "1.8.0",
	"animations": {
		"static_idle": {
			"loop": true,
			"bones": {
				"elec_illuminated": {
					"scale": 1
				},
				"constraint": {
					"rotation": [0.3, 0.3, 0.3],
					"position": [0.3, 0.3, 0.3]
				},
				"right": {
					"rotation": [92, 12, -177],
					"position": [-7, -6.5, 7.5],
					"scale": [1, 1.5, 1]
				},
				"left": {
					"rotation": [74, -26, 257],
					"position": [6.5, -5, -4],
					"scale": [1, 1.5, 1]
				}
			}
		},
		"static_barrel_empty": {
			"loop": true,
			"bones": {
				"elec_illuminated": {
					"scale": [1, 1, 0.05]
				},
				"constraint": {
					"rotation": [0.3, 0.3, 0.3],
					"position": [0.3, 0.3, 0.3]
				},
				"right": {
					"rotation": [92, 12, -177],
					"position": [-7, -6.5, 7.5],
					"scale": [1, 1.5, 1]
				},
				"left": {
					"rotation": [74, -26, 257],
					"position": [6.5, -5, -4],
					"scale": [1, 1.5, 1]
				}
			}
		},
		"bolt": {
			"loop": "hold_on_last_frame",
			"animation_length": 1.3333,
			"bones": {
				"elec_illuminated": {
					"scale": {
						"0.75": [1, 1, 0.05],
						"1.25": [1, 1, 1]
					}
				},
				"constraint": {
					"rotation": [0.3, 0.3, 0.3],
					"position": [0.3, 0.3, 0.3]
				},
				"right": {
					"rotation": {
						"0.0": [92, 12, -177],
						"0.0833": [92, 12, -177],
						"0.375": [96.48407, 10.31278, -154.12449],
						"0.4583": [96.48407, 10.31278, -154.12449],
						"0.6667": [83.27442, 10.1525, -220.30333],
						"0.7917": [83.27442, 10.1525, -220.30333],
						"1.0": [92, 12, -177]
					},
					"position": {
						"0.0": [-7, -6.5, 7.5],
						"0.0833": [-7, -6.5, 7.5],
						"0.375": [-9, -5.5, 4.5],
						"0.4583": [-9, -5.5, 4.5],
						"0.6667": [-7, -7.5, 4.5],
						"0.7917": [-7, -7.5, 4.5],
						"1.0": [-7, -6.5, 7.5]
					},
					"scale": [1, 1.5, 1]
				},
				"left": {
					"rotation": [74, -26, 257],
					"position": [6.5, -5, -4],
					"scale": [1, 1.5, 1]
				},
				"root": {
					"rotation": {
						"0.0": {
							"post": [0, 0, 0],
							"lerp_mode": "catmullrom"
						},
						"0.2083": {
							"post": [0, 0, 50.25],
							"lerp_mode": "catmullrom"
						},
						"0.375": {
							"post": [0, 0, 60],
							"lerp_mode": "catmullrom"
						},
						"0.5833": {
							"post": [0, 0, 60],
							"lerp_mode": "catmullrom"
						},
						"0.6667": {
							"post": [0, 0, 50],
							"lerp_mode": "catmullrom"
						},
						"0.75": {
							"post": [1.00015, 0.99985, 50.01745],
							"lerp_mode": "catmullrom"
						},
						"0.8333": {
							"post": [0, 0, 50],
							"lerp_mode": "catmullrom"
						},
						"0.9583": {
							"post": [0, 1, 44.375],
							"lerp_mode": "catmullrom"
						},
						"1.125": {
							"post": [0, 0, 3.4],
							"lerp_mode": "catmullrom"
						},
						"1.3333": {
							"post": [0, 0, 0],
							"lerp_mode": "catmullrom"
						}
					},
					"position": {
						"0.0": {
							"post": [0, 0, 0],
							"lerp_mode": "catmullrom"
						},
						"0.0833": {
							"post": [0, -0.5, 0],
							"lerp_mode": "catmullrom"
						},
						"0.2083": {
							"post": [0, -0.0625, 0],
							"lerp_mode": "catmullrom"
						},
						"0.375": {
							"post": [0, 0, 0],
							"lerp_mode": "catmullrom"
						},
						"0.5417": {
							"post": [0, 0.02, 0],
							"lerp_mode": "catmullrom"
						},
						"0.6667": {
							"post": [0, -0.25, 0],
							"lerp_mode": "catmullrom"
						},
						"0.9583": {
							"post": [0, 0, 0],
							"lerp_mode": "catmullrom"
						},
						"1.125": {
							"post": [0, -0.0625, 0],
							"lerp_mode": "catmullrom"
						},
						"1.3333": {
							"post": [0, 0, 0],
							"lerp_mode": "catmullrom"
						}
					}
				},
				"magazine": {
					"rotation": {
						"0.4583": [0, 0, 0],
						"0.6667": [0, 0, -90]
					}
				},
				"camera": {
					"rotation": {
						"0.0": {
							"post": [0, 0, 0],
							"lerp_mode": "catmullrom"
						},
						"0.125": {
							"post": [0.25, 0, -0.0625],
							"lerp_mode": "catmullrom"
						},
						"0.25": {
							"post": [0.25, 0, -1],
							"lerp_mode": "catmullrom"
						},
						"0.4583": {
							"post": [0.25, 0, -1],
							"lerp_mode": "catmullrom"
						},
						"0.625": {
							"post": [1.25, 0, 0.5],
							"lerp_mode": "catmullrom"
						},
						"0.7083": {
							"post": [1.32, 0, -0.4],
							"lerp_mode": "catmullrom"
						},
						"0.7917": {
							"post": [1.31, 0, 0.5],
							"lerp_mode": "catmullrom"
						},
						"1.0": {
							"post": [0.25, 0, 0.125],
							"lerp_mode": "catmullrom"
						},
						"1.3333": {
							"post": [0, 0, 0],
							"lerp_mode": "catmullrom"
						}
					}
				}
			},
			"sound_effects": {
				"0.3333": {
					"effect": "immersive_armorer:plasma_gun/bolt"
				},
				"0.4583": {
					"effect": "immersive_armorer:plasma_gun/bolt_lock"
				}
			}
		},
		"inspect": {
			"animation_length": 5.25,
			"bones": {
				"root": {
					"rotation": {
						"0.0": {
							"post": [0, 0, 0],
							"lerp_mode": "catmullrom"
						},
						"0.15": {
							"post": [-6.50445, -2.07477, -6.35429],
							"lerp_mode": "catmullrom"
						},
						"0.35": {
							"post": [-13.78737, -20.46193, -37.21429],
							"lerp_mode": "catmullrom"
						},
						"0.5": {
							"post": [-2.59613, -34.94352, -62.3911],
							"lerp_mode": "catmullrom"
						},
						"0.7": {
							"post": [-2.025, -37.635, -66.14],
							"lerp_mode": "catmullrom"
						},
						"1.1": {
							"post": [-1.10919, -37.78545, -66.10573],
							"lerp_mode": "catmullrom"
						},
						"1.3": {
							"post": [-1.055, -37.985, -66.79],
							"lerp_mode": "catmullrom"
						},
						"1.55": {
							"post": [-1.055, -37.965, -67.26],
							"lerp_mode": "catmullrom"
						},
						"1.75": {
							"post": [-1.075, -37.905, -67.835],
							"lerp_mode": "catmullrom"
						},
						"2.0": {
							"post": [-1.10919, -37.78545, -66.10573],
							"lerp_mode": "catmullrom"
						},
						"2.15": {
							"post": [-1.10919, -37.78545, -55.10573],
							"lerp_mode": "catmullrom"
						},
						"2.25": {
							"post": [-15.62475, -21.3571, -9.18962],
							"lerp_mode": "catmullrom"
						},
						"2.35": {
							"post": [-32.90686, 0.96566, 38.17316],
							"lerp_mode": "catmullrom"
						},
						"2.5": {
							"post": [-35.63976, 15.18635, 59.92233],
							"lerp_mode": "catmullrom"
						},
						"2.65": {
							"post": [-36.725, 15.58, 59.245],
							"lerp_mode": "catmullrom"
						},
						"2.75": {
							"post": [-36.735, 15.56, 58.765],
							"lerp_mode": "catmullrom"
						},
						"3.0": {
							"post": [-36.775, 15.45, 59.545],
							"lerp_mode": "catmullrom"
						},
						"3.35": {
							"post": [-36.7195, 15.60002, 59.43484],
							"lerp_mode": "catmullrom"
						},
						"3.55": {
							"post": [-36.00373, 17.6815, 68.5372],
							"lerp_mode": "catmullrom"
						},
						"3.95": {
							"post": [-35.935, 18.05, 69.395],
							"lerp_mode": "catmullrom"
						},
						"4.35": {
							"post": [-35.635, 17.76, 67.865],
							"lerp_mode": "catmullrom"
						},
						"4.5": {
							"post": [-33.00373, 16.1815, 58.0372],
							"lerp_mode": "catmullrom"
						},
						"4.65": {
							"post": [-7.42436, -2.84081, 26.11685],
							"lerp_mode": "catmullrom"
						},
						"4.8": {
							"post": [0.81207, -0.64729, 6.4986],
							"lerp_mode": "catmullrom"
						},
						"4.9": {
							"post": [0, 0, 1.25],
							"lerp_mode": "catmullrom"
						},
						"4.95": {
							"post": [-0.0495, 0.04199, 2.32821],
							"lerp_mode": "catmullrom"
						},
						"5.05": {
							"post": [0, 0, 0.5],
							"lerp_mode": "catmullrom"
						},
						"5.15": {
							"post": [0, 0, 0],
							"lerp_mode": "catmullrom"
						},
						"5.25": {
							"post": [0, 0, 0],
							"lerp_mode": "catmullrom"
						}
					},
					"position": {
						"0.0": {
							"post": [0, 0, 0],
							"lerp_mode": "catmullrom"
						},
						"0.05": {
							"post": [-0.12, -0.065, -0.65],
							"lerp_mode": "catmullrom"
						},
						"0.2": {
							"post": [-0.535, -0.875, -2.35],
							"lerp_mode": "catmullrom"
						},
						"0.35": {
							"post": [-0.82615, -0.8, -2.25],
							"lerp_mode": "catmullrom"
						},
						"0.45": {
							"post": [-1.67615, -0.15, -2.45],
							"lerp_mode": "catmullrom"
						},
						"0.55": {
							"post": [-2.1, 0.355, -2.46],
							"lerp_mode": "catmullrom"
						},
						"0.7": {
							"post": [-2.09, 0.35, -2.44],
							"lerp_mode": "catmullrom"
						},
						"0.9": {
							"post": [-2.08, 0.195, -2.41],
							"lerp_mode": "catmullrom"
						},
						"1.1": {
							"post": [-2.07, 0.25, -2.39],
							"lerp_mode": "catmullrom"
						},
						"1.45": {
							"post": [-2.05, 0.245, -2.35],
							"lerp_mode": "catmullrom"
						},
						"1.7": {
							"post": [-2.02, 0.035, -2.3],
							"lerp_mode": "catmullrom"
						},
						"1.9": {
							"post": [-2, 0.065, -2.26],
							"lerp_mode": "catmullrom"
						},
						"2.05": {
							"post": [-1.84, -0.235, -2.21],
							"lerp_mode": "catmullrom"
						},
						"2.25": {
							"post": [-0.355, -1.775, -1.99],
							"lerp_mode": "catmullrom"
						},
						"2.5": {
							"post": [-0.37086, 0.5454, -0.675],
							"lerp_mode": "catmullrom"
						},
						"2.75": {
							"post": [-0.395, 0.95, -0.445],
							"lerp_mode": "catmullrom"
						},
						"3.1": {
							"post": [-0.39, 0.93, -0.44],
							"lerp_mode": "catmullrom"
						},
						"3.9": {
							"post": [-0.39, 0.77, -0.47],
							"lerp_mode": "catmullrom"
						},
						"4.2": {
							"post": [-0.39, 0.735, -0.48],
							"lerp_mode": "catmullrom"
						},
						"4.45": {
							"post": [-0.34586, 0.7204, -0.475],
							"lerp_mode": "catmullrom"
						},
						"4.65": {
							"post": [-0.15, -0.425, -0.45],
							"lerp_mode": "catmullrom"
						},
						"4.8": {
							"post": [0, -0.3, -0.35],
							"lerp_mode": "catmullrom"
						},
						"4.95": {
							"post": [0.1, 0, 0.3],
							"lerp_mode": "catmullrom"
						},
						"5.05": {
							"post": [0, 0, 0],
							"lerp_mode": "catmullrom"
						},
						"5.2": {
							"post": [0, 0, 0],
							"lerp_mode": "catmullrom"
						}
					}
				},
				"elec_illuminated": {
					"scale": 1
				},
				"constraint": {
					"rotation": [0.3, 0.3, 0.3],
					"position": [0.3, 0.3, 0.3]
				},
				"left": {
					"rotation": {
						"0.0": [74, -26, 257],
						"0.1": [73.38784, -24.74201, 256.22219],
						"0.3": [79.83778, -18.54072, 217.90531],
						"2.25": [89.02654, -31.43511, 189.65084],
						"2.45": [65.18159, -15.8415, 199.4212],
						"2.5": [67.85463, -29.37285, 203.70789],
						"2.55": [67.03937, -32.50554, 204.94715],
						"4.45": [67.85463, -29.37285, 203.70789],
						"4.7": [72, -23, 256],
						"4.85": [74, -26, 257]
					},
					"position": {
						"0.0": [6.5, -5, -4],
						"0.1": [6.175, -5.62, -4.42],
						"0.15": [7.8534, -6.45015, -1.9915],
						"0.2": [8.63077, -8.22564, 0.57844],
						"0.25": [8.93278, -10.95535, 3.26601],
						"0.3": [8.65045, -13.61453, 5.99642],
						"0.35": [7.76036, -16.25299, 7.9829],
						"0.45": [2.60911, -18.8385, 12.79983],
						"0.6": [-1.09652, -22.0991, 15.90516],
						"2.1": [-1.09652, -22.0991, 15.90516],
						"2.2": [11.70929, -20.26752, 8.35501],
						"2.25": [14.346, -15.21101, 6.67487],
						"2.3": [14.03753, -9.34467, 5.97448],
						"2.35": [9.5159, -5.74002, 4.5799],
						"2.4": [7.57698, -6.16339, 2.06603],
						"2.45": [6.90893, -7.12601, 0.89451],
						"2.5": [6.175, -6.52, 1.78],
						"4.45": [6.175, -6.52, 1.78],
						"4.7": [6.5, -5, -4],
						"4.85": [6.5, -5, -4]
					},
					"scale": [1, 1.5, 1]
				},
				"right": {
					"rotation": [92, 12, -177],
					"position": [-7, -6.5, 7.5],
					"scale": [1, 1.5, 1]
				},
				"camera": {
					"rotation": {
						"0.0": {
							"post": [0, 0, 0],
							"lerp_mode": "catmullrom"
						},
						"0.15": {
							"post": [0.19, 0.17, 0],
							"lerp_mode": "catmullrom"
						},
						"0.45": {
							"post": [1.19621, 1.06044, -2.0168],
							"lerp_mode": "catmullrom"
						},
						"0.7": {
							"post": [0.85299, 1.65014, -1.87218],
							"lerp_mode": "catmullrom"
						},
						"1.3": {
							"post": [0.97367, 1.51722, -1.0002],
							"lerp_mode": "catmullrom"
						},
						"2.0": {
							"post": [1.70339, 1.55273, -1.74983],
							"lerp_mode": "catmullrom"
						},
						"2.15": {
							"post": [2.2, 1.48, -1.5],
							"lerp_mode": "catmullrom"
						},
						"2.4": {
							"post": [5.3, 0.99, 0.58],
							"lerp_mode": "catmullrom"
						},
						"2.65": {
							"post": [5.76553, 0.90178, 0.94934],
							"lerp_mode": "catmullrom"
						},
						"2.85": {
							"post": [5.49992, 0.98027, 0.46496],
							"lerp_mode": "catmullrom"
						},
						"3.5": {
							"post": [4.76553, 0.90178, 0.94934],
							"lerp_mode": "catmullrom"
						},
						"4.05": {
							"post": [-2.24173, -0.82736, 1.51724],
							"lerp_mode": "catmullrom"
						},
						"4.35": {
							"post": [-2.75232, -0.79142, 2.26645],
							"lerp_mode": "catmullrom"
						},
						"4.5": {
							"post": [-1.4131, -0.375, 1.92984],
							"lerp_mode": "catmullrom"
						},
						"4.75": {
							"post": [0.5, 0, -0.025],
							"lerp_mode": "catmullrom"
						},
						"4.9": {
							"post": [0, 0, 0.1],
							"lerp_mode": "catmullrom"
						},
						"4.95": {
							"post": [-0.03702, -0.00113, -0.475],
							"lerp_mode": "catmullrom"
						},
						"5.05": {
							"post": [0, 0, 0.125],
							"lerp_mode": "catmullrom"
						},
						"5.15": {
							"post": [0, 0, 0],
							"lerp_mode": "catmullrom"
						}
					}
				}
			}
		},
		"reload_tactical": {
			"loop": "hold_on_last_frame",
			"animation_length": 2,
			"bones": {
				"elec_illuminated": {
					"scale": {
						"0.0": [1, 1, 1],
						"0.4167": {
							"pre": [1, 1, 1],
							"post": [1, 1, 0.05]
						},
						"1.375": [1, 1, 0.05],
						"2.0": [1, 1, 1]
					}
				},
				"mag": {
					"rotation": {
						"0.4167": [0, 0, 0],
						"0.5417": [0, 0, 0],
						"0.75": [42.5, 0, 0],
						"1.0": [42.5, 0, 0],
						"1.125": [0, 0, 0],
						"1.375": [0, 0, 0]
					},
					"position": {
						"0.4167": [0, 0, 0],
						"0.5417": [0, -7.5, 0],
						"0.75": [0, -20, 6],
						"0.9167": [0, -20, 6],
						"1.125": [0, -5.8575, 0.5],
						"1.2083": {
							"pre": [0, -2.92, 0],
							"post": [0, -2.92, 0],
							"lerp_mode": "catmullrom"
						},
						"1.375": [0, 0, 0]
					}
				},
				"root": {
					"rotation": {
						"0.0": [0, 0, 0],
						"0.0833": {
							"pre": [-2.5, -0.9375, 0.13],
							"post": [-2.5, -0.9375, 0.13],
							"lerp_mode": "catmullrom"
						},
						"0.25": {
							"post": [-12.6325, -6.3325, -13.585],
							"lerp_mode": "catmullrom"
						},
						"0.375": [-14.74, -7.38, -18],
						"0.4167": [-14.7331, -7.53292, -17.99903],
						"0.4583": {
							"pre": [-11.89543, -8.05254, -20.77757],
							"post": [-11.89543, -8.05254, -20.77757],
							"lerp_mode": "catmullrom"
						},
						"0.5417": {
							"post": [-11.25, -7.99, -18.36],
							"lerp_mode": "catmullrom"
						},
						"0.625": {
							"post": [-12.15, -7.88, -19.34],
							"lerp_mode": "catmullrom"
						},
						"0.75": [-14.73, -7.53, -18.31],
						"1.0": {
							"pre": [-22.2175, -6.135, -14.69],
							"post": [-22.2175, -6.135, -14.69],
							"lerp_mode": "catmullrom"
						},
						"1.2917": [-23.41, -5.61, -13.71],
						"1.3333": [-20.91, -5.61, -14.915],
						"1.375": [-15.90947, -5.60639, -12.64832],
						"1.5417": {
							"pre": [-15.59697, -5.60639, -13.71082],
							"post": [-15.59697, -5.60639, -13.71082],
							"lerp_mode": "catmullrom"
						},
						"1.625": {
							"post": [-13.72197, -4.85639, -12.71082],
							"lerp_mode": "catmullrom"
						},
						"1.8333": {
							"post": [-1.7, -0.8675, -2.2725],
							"lerp_mode": "catmullrom"
						},
						"2.0": [0, 0, 0]
					},
					"position": {
						"0.0": [0, 0, 0],
						"0.0833": {
							"pre": [-0.2675, -0.58, 0],
							"post": [-0.2675, -0.58, 0],
							"lerp_mode": "catmullrom"
						},
						"0.2917": {
							"post": [-0.7675, 0.1075, -0.8125],
							"lerp_mode": "catmullrom"
						},
						"0.4167": [-1, 0.25, -1],
						"0.4583": {
							"pre": [-1, -0.25, -1],
							"post": [-1, -0.25, -1],
							"lerp_mode": "catmullrom"
						},
						"0.625": {
							"post": [-1, -0.2475, -1],
							"lerp_mode": "catmullrom"
						},
						"0.9167": {
							"post": [-1, 0.125, -1],
							"lerp_mode": "catmullrom"
						},
						"1.2917": [-1, 0.25, -1],
						"1.375": [-1, -0.25, -1],
						"1.5417": [-1, -0.25, -1],
						"1.8333": {
							"pre": [-0.36, -0.195, -0.875],
							"post": [-0.36, -0.195, -0.875],
							"lerp_mode": "catmullrom"
						},
						"1.9167": {
							"post": [-0.04, -0.14, -0.1175],
							"lerp_mode": "catmullrom"
						},
						"2.0": [0, 0, 0]
					}
				},
				"camera": {
					"rotation": {
						"0.0": {
							"post": [0, 0, 0],
							"lerp_mode": "catmullrom"
						},
						"0.1667": {
							"post": [-0.1625, 0, -0.4375],
							"lerp_mode": "catmullrom"
						},
						"0.4167": {
							"post": [-0.8125, 0, -1],
							"lerp_mode": "catmullrom"
						},
						"0.5": {
							"post": [-1, 0, 0.5],
							"lerp_mode": "catmullrom"
						},
						"0.5833": {
							"post": [-1, 0, -1],
							"lerp_mode": "catmullrom"
						},
						"0.7083": {
							"post": [-1, 0, 0],
							"lerp_mode": "catmullrom"
						},
						"0.8333": {
							"post": [-1, 0, -0.5],
							"lerp_mode": "catmullrom"
						},
						"1.0": {
							"post": [-0.6275, 0, -0.45],
							"lerp_mode": "catmullrom"
						},
						"1.2083": [0.66, 0, -0.305],
						"1.375": {
							"pre": [0.91, 0, -0.43],
							"post": [0.91, 0, -0.43],
							"lerp_mode": "catmullrom"
						},
						"1.4583": [0.8875, 0, -1.88],
						"1.5417": {
							"pre": [0.85, 0, -0.59],
							"post": [0.85, 0, -0.59],
							"lerp_mode": "catmullrom"
						},
						"1.6667": {
							"post": [0.73, 0, -1.04],
							"lerp_mode": "catmullrom"
						},
						"2.0": {
							"post": [0, 0, 0],
							"lerp_mode": "catmullrom"
						}
					}
				},
				"right": {
					"rotation": [92, 12, -177],
					"position": [-7, -6.5, 7.5],
					"scale": [1, 1.5, 1]
				},
				"left": {
					"rotation": {
						"0.0": [74, -26, 257],
						"0.125": [111.13467, -21.64324, 180],
						"0.3333": [113.61401, -33.21152, 180],
						"0.4167": [113.61401, -33.21152, 180],
						"1.375": [113.61401, -33.21152, 180],
						"1.5833": [113.61401, -33.21152, 180],
						"1.75": [74, -26, 257]
					},
					"position": {
						"0.0": [6.5, -5, -4],
						"0.125": [6.4187, -9.12, -9.02],
						"0.375": [7.4187, -6.12, 2.98],
						"0.4167": [7.4187, -6.12, 2.98],
						"1.375": [7.4187, -6.12, 2.98],
						"1.4583": [7.4187, -6.12, 2.98],
						"1.75": [6.5, -5, -4]
					},
					"scale": [1, 1.5, 1]
				}
			},
			"sound_effects": {
				"1.0417": {
					"effect": "immersive_armorer:plasma_gun/bolt"
				}
			}
		},
		"reload_empty": {
			"loop": "hold_on_last_frame",
			"animation_length": 2,
			"bones": {
				"elec_illuminated": {
					"scale": {
						"1.375": [1, 1, 0.05],
						"2.0": [1, 1, 1]
					}
				},
				"mag": {
					"rotation": {
						"0.4167": [0, 0, 0],
						"0.5417": [0, 0, 0],
						"0.75": [42.5, 0, 0],
						"1.0": [42.5, 0, 0],
						"1.125": [0, 0, 0],
						"1.375": [0, 0, 0]
					},
					"position": {
						"0.4167": [0, 0, 0],
						"0.5417": [0, -7.5, 0],
						"0.75": [0, -20, 6],
						"0.9167": [0, -20, 6],
						"1.125": [0, -5.8575, 0.5],
						"1.2083": {
							"pre": [0, -2.92, 0],
							"post": [0, -2.92, 0],
							"lerp_mode": "catmullrom"
						},
						"1.375": [0, 0, 0]
					}
				},
				"root": {
					"rotation": {
						"0.0": [0, 0, 0],
						"0.0833": {
							"pre": [-2.5, -0.9375, 0.13],
							"post": [-2.5, -0.9375, 0.13],
							"lerp_mode": "catmullrom"
						},
						"0.25": {
							"post": [-12.6325, -6.3325, -13.585],
							"lerp_mode": "catmullrom"
						},
						"0.375": [-14.74, -7.38, -18],
						"0.4167": [-14.7331, -7.53292, -17.99903],
						"0.4583": {
							"pre": [-11.89543, -8.05254, -20.77757],
							"post": [-11.89543, -8.05254, -20.77757],
							"lerp_mode": "catmullrom"
						},
						"0.5417": {
							"post": [-11.25, -7.99, -18.36],
							"lerp_mode": "catmullrom"
						},
						"0.625": {
							"post": [-12.15, -7.88, -19.34],
							"lerp_mode": "catmullrom"
						},
						"0.75": [-14.73, -7.53, -18.31],
						"1.0": {
							"pre": [-22.2175, -6.135, -14.69],
							"post": [-22.2175, -6.135, -14.69],
							"lerp_mode": "catmullrom"
						},
						"1.2917": [-23.41, -5.61, -13.71],
						"1.3333": [-20.91, -5.61, -14.915],
						"1.375": [-15.90947, -5.60639, -12.64832],
						"1.5417": {
							"pre": [-15.59697, -5.60639, -13.71082],
							"post": [-15.59697, -5.60639, -13.71082],
							"lerp_mode": "catmullrom"
						},
						"1.625": {
							"post": [-13.72197, -4.85639, -12.71082],
							"lerp_mode": "catmullrom"
						},
						"1.8333": {
							"post": [-1.7, -0.8675, -2.2725],
							"lerp_mode": "catmullrom"
						},
						"2.0": [0, 0, 0]
					},
					"position": {
						"0.0": [0, 0, 0],
						"0.0833": {
							"pre": [-0.2675, -0.58, 0],
							"post": [-0.2675, -0.58, 0],
							"lerp_mode": "catmullrom"
						},
						"0.2917": {
							"post": [-0.7675, 0.1075, -0.8125],
							"lerp_mode": "catmullrom"
						},
						"0.4167": [-1, 0.25, -1],
						"0.4583": {
							"pre": [-1, -0.25, -1],
							"post": [-1, -0.25, -1],
							"lerp_mode": "catmullrom"
						},
						"0.625": {
							"post": [-1, -0.2475, -1],
							"lerp_mode": "catmullrom"
						},
						"0.9167": {
							"post": [-1, 0.125, -1],
							"lerp_mode": "catmullrom"
						},
						"1.2917": [-1, 0.25, -1],
						"1.375": [-1, -0.25, -1],
						"1.5417": [-1, -0.25, -1],
						"1.8333": {
							"pre": [-0.36, -0.195, -0.875],
							"post": [-0.36, -0.195, -0.875],
							"lerp_mode": "catmullrom"
						},
						"1.9167": {
							"post": [-0.04, -0.14, -0.1175],
							"lerp_mode": "catmullrom"
						},
						"2.0": [0, 0, 0]
					}
				},
				"camera": {
					"rotation": {
						"0.0": {
							"post": [0, 0, 0],
							"lerp_mode": "catmullrom"
						},
						"0.1667": {
							"post": [-0.1625, 0, -0.4375],
							"lerp_mode": "catmullrom"
						},
						"0.4167": {
							"post": [-0.8125, 0, -1],
							"lerp_mode": "catmullrom"
						},
						"0.5": {
							"post": [-1, 0, 0.5],
							"lerp_mode": "catmullrom"
						},
						"0.5833": {
							"post": [-1, 0, -1],
							"lerp_mode": "catmullrom"
						},
						"0.7083": {
							"post": [-1, 0, 0],
							"lerp_mode": "catmullrom"
						},
						"0.8333": {
							"post": [-1, 0, -0.5],
							"lerp_mode": "catmullrom"
						},
						"1.0": {
							"post": [-0.6275, 0, -0.45],
							"lerp_mode": "catmullrom"
						},
						"1.2083": [0.66, 0, -0.305],
						"1.375": {
							"pre": [0.91, 0, -0.43],
							"post": [0.91, 0, -0.43],
							"lerp_mode": "catmullrom"
						},
						"1.4583": [0.8875, 0, -1.88],
						"1.5417": {
							"pre": [0.85, 0, -0.59],
							"post": [0.85, 0, -0.59],
							"lerp_mode": "catmullrom"
						},
						"1.6667": {
							"post": [0.73, 0, -1.04],
							"lerp_mode": "catmullrom"
						},
						"2.0": {
							"post": [0, 0, 0],
							"lerp_mode": "catmullrom"
						}
					}
				},
				"right": {
					"rotation": [92, 12, -177],
					"position": [-7, -6.5, 7.5],
					"scale": [1, 1.5, 1]
				},
				"left": {
					"rotation": {
						"0.0": [74, -26, 257],
						"0.125": [111.13467, -21.64324, 180],
						"0.3333": [113.61401, -33.21152, 180],
						"0.4167": [113.61401, -33.21152, 180],
						"1.375": [113.61401, -33.21152, 180],
						"1.5833": [113.61401, -33.21152, 180],
						"1.75": [74, -26, 257]
					},
					"position": {
						"0.0": [6.5, -5, -4],
						"0.125": [6.4187, -9.12, -9.02],
						"0.375": [7.4187, -6.12, 2.98],
						"0.4167": [7.4187, -6.12, 2.98],
						"1.375": [7.4187, -6.12, 2.98],
						"1.4583": [7.4187, -6.12, 2.98],
						"1.75": [6.5, -5, -4]
					},
					"scale": [1, 1.5, 1]
				}
			},
			"sound_effects": {
				"1.0417": {
					"effect": "immersive_armorer:plasma_gun/bolt"
				}
			}
		},
		"put_away": {
			"loop": "hold_on_last_frame",
			"animation_length": 0.5,
			"bones": {
				"root": {
					"rotation": {
						"0.0": [0, 0, 0],
						"0.2083": {
							"pre": [11.7675, -31.04, 0],
							"post": [11.7675, -31.04, 0],
							"lerp_mode": "catmullrom"
						},
						"0.5": [20, -62.5, 0]
					},
					"position": {
						"0.0": [0, 0, 0],
						"0.2083": {
							"pre": [1, -1, 0],
							"post": [1, -1, 0],
							"lerp_mode": "catmullrom"
						},
						"0.5": [1, -7, 0]
					}
				},
				"camera": {
					"rotation": {
						"0.0": {
							"post": [0, 0, 0],
							"lerp_mode": "catmullrom"
						},
						"0.125": {
							"post": [0.125, 0, 0.25],
							"lerp_mode": "catmullrom"
						},
						"0.3333": {
							"post": [1, 0, -0.25],
							"lerp_mode": "catmullrom"
						},
						"0.5": {
							"post": [0, 0, 0],
							"lerp_mode": "catmullrom"
						}
					}
				},
				"right": {
					"rotation": [92, 12, -177],
					"position": [-7, -6.5, 7.5],
					"scale": [1, 1.5, 1]
				},
				"left": {
					"rotation": [74, -26, 257],
					"position": [6.5, -5, -4],
					"scale": [1, 1.5, 1]
				}
			}
		},
		"draw": {
			"loop": "hold_on_last_frame",
			"animation_length": 0.5,
			"bones": {
				"root": {
					"rotation": {
						"0.0": [17.5, -57.5, 0],
						"0.3333": {
							"pre": [2.6425, -7.8575, 0],
							"post": [2.6425, -7.8575, 0],
							"lerp_mode": "catmullrom"
						},
						"0.5": [0, 0, 0]
					},
					"position": {
						"0.0": [0, -9, -2],
						"0.2083": {
							"pre": [0, -1.8125, -2.92],
							"post": [0, -1.8125, -2.92],
							"lerp_mode": "catmullrom"
						},
						"0.375": {
							"post": [0, -0.1825, 0.155],
							"lerp_mode": "catmullrom"
						},
						"0.5": [0, 0, 0]
					}
				},
				"camera": {
					"rotation": {
						"0.0": {
							"post": [0, 0, 0],
							"lerp_mode": "catmullrom"
						},
						"0.125": {
							"post": [1, 0, -0.25],
							"lerp_mode": "catmullrom"
						},
						"0.3333": {
							"post": [-0.5, 0, 0.25],
							"lerp_mode": "catmullrom"
						},
						"0.5": {
							"post": [0, 0, 0],
							"lerp_mode": "catmullrom"
						}
					}
				},
				"right": {
					"rotation": [92, 12, -177],
					"position": [-7, -6.5, 7.5],
					"scale": [1, 1.5, 1]
				},
				"left": {
					"rotation": [74, -26, 257],
					"position": [6.5, -5, -4],
					"scale": [1, 1.5, 1]
				}
			}
		},
		"shoot": {
			"loop": "hold_on_last_frame",
			"animation_length": 0.7333,
			"bones": {
				"root": {
					"rotation": {
						"0.0": {
							"post": [0, 0, 0],
							"lerp_mode": "catmullrom"
						},
						"0.0167": {
							"post": [1.43203, 0, -1.63828],
							"lerp_mode": "catmullrom"
						},
						"0.0333": {
							"post": [-1.99297, 0, 1.55703],
							"lerp_mode": "catmullrom"
						},
						"0.1": {
							"post": [-2.28203, 0, -0.76719],
							"lerp_mode": "catmullrom"
						},
						"0.1667": {
							"post": [-2.17265, 0, 0.825],
							"lerp_mode": "catmullrom"
						},
						"0.3": {
							"post": [-0.09766, 0, 0.50938],
							"lerp_mode": "catmullrom"
						},
						"0.3667": {
							"post": [0.2275, 0.05859, 0.10891],
							"lerp_mode": "catmullrom"
						},
						"0.4333": {
							"post": [-0.11328, 0.11328, 0],
							"lerp_mode": "catmullrom"
						},
						"0.55": {
							"post": [-0.0625, -0.05859, 0],
							"lerp_mode": "catmullrom"
						},
						"0.6833": {
							"post": [0, 0, 0],
							"lerp_mode": "catmullrom"
						}
					},
					"position": {
						"0.0": {
							"post": [0, 0, 0],
							"lerp_mode": "catmullrom"
						},
						"0.0167": {
							"post": [0, -0.22656, 1.20156],
							"lerp_mode": "catmullrom"
						},
						"0.0833": {
							"post": [0, -0.28516, 0.83844],
							"lerp_mode": "catmullrom"
						},
						"0.15": {
							"post": [0, -0.28516, 0.08828],
							"lerp_mode": "catmullrom"
						},
						"0.2": {
							"post": [0, 0, -0.15391],
							"lerp_mode": "catmullrom"
						},
						"0.25": {
							"post": [0, 0, -0.11719],
							"lerp_mode": "catmullrom"
						},
						"0.3167": {
							"post": [0, 0, 0.05469],
							"lerp_mode": "catmullrom"
						},
						"0.3667": {
							"post": [0, 0, 0.19922],
							"lerp_mode": "catmullrom"
						},
						"0.4333": {
							"post": [0, -0.10547, 0],
							"lerp_mode": "catmullrom"
						},
						"0.5": {
							"post": [0, -0.10547, -0.08031],
							"lerp_mode": "catmullrom"
						},
						"0.6": {
							"post": [0, -0.03516, -0.07031],
							"lerp_mode": "catmullrom"
						},
						"0.7333": {
							"post": [0, 0, 0],
							"lerp_mode": "catmullrom"
						}
					}
				},
				"camera": {
					"rotation": {
						"0.0": [0, 0, 0],
						"0.0167": [0, 0, 1.55],
						"0.05": [0, 0, -1.275],
						"0.0833": [0, 0, 0.995],
						"0.1167": [0, 0, -0.58],
						"0.15": [0, 0, 0.47],
						"0.1833": [0, 0, 0]
					}
				}
			}
		}
	}
}