{
	"format_version": "1.8.0",
	"animations": {
		"static_idle": {
			"loop": true,
			"bones": {
				"right": {
					"rotation": [92, 7, -177],
					"position": [-6.75, -5.75, 8.5],
					"scale": [1, 1.5, 1]
				},
				"left": {
					"rotation": [90, -8, -95],
					"position": [6.5, -6.5, 9],
					"scale": [1, 1.5, 1]
				},
				"constraint": {
					"rotation": [0.3, 0, 0.3],
					"position": [0.3, 0.3, 0.3]
				}
			}
		},
		"static_idle_extended_barrel": {
			"loop": true,
			"bones": {
				"right": {
					"rotation": [92, 7, -177],
					"position": [-6.75, -5.75, 8.5],
					"scale": [1, 1.5, 1]
				},
				"left": {
					"rotation": [90, -8, -95],
					"position": [6.5, -6.5, 9],
					"scale": [1, 1.5, 1]
				},
				"constraint": {
					"rotation": [0.3, 0, 0.3],
					"position": [0.3, 0.3, 0.3]
				},
				"muzzle_flash": {
					"position": [0, 0, -11]
				}
			}
		},
		"inspect": {
			"animation_length": 5.3333,
			"bones": {
				"right": {
					"rotation": [92, 7, -177],
					"position": [-6.75, -5.75, 8.5],
					"scale": [1, 1.5, 1]
				},
				"left": {
					"rotation": {
						"0.0": [90, -8, -95],
						"0.3333": {
							"pre": [111.18289, 20.77703, -129.11939],
							"post": [111.18289, 20.77703, -129.11939],
							"lerp_mode": "catmullrom"
						},
						"0.5833": [111.18289, 20.77703, -129.11939],
						"2.25": [111.18289, 20.77703, -129.11939],
						"2.6667": [80.77393, 3.2243, -137.23035],
						"4.75": [80.77393, 3.2243, -137.23035],
						"5.0": [90, -8, -95]
					},
					"position": {
						"0.0": [6.5, -6.5, 9],
						"0.4583": {
							"pre": [-1.21388, -18.81786, 27.5404],
							"post": [-1.21388, -18.81786, 27.5404],
							"lerp_mode": "catmullrom"
						},
						"0.5833": [-7.83374, -19.97496, 30.3774],
						"2.25": [-7.83374, -19.97496, 30.3774],
						"2.3333": {
							"pre": [-4.10572, -17.90701, 28.68728],
							"post": [-4.10572, -17.90701, 28.68728],
							"lerp_mode": "catmullrom"
						},
						"2.4583": {
							"post": [5.83597, -15.90293, 22.78698],
							"lerp_mode": "catmullrom"
						},
						"2.5417": {
							"post": [9.15747, -8.05415, 13.16715],
							"lerp_mode": "catmullrom"
						},
						"2.5833": {
							"post": [8.40562, -3.35754, 7.45712],
							"lerp_mode": "catmullrom"
						},
						"2.6667": [8.86548, -3.06684, 3.67234],
						"4.75": [8.86548, -3.06684, 3.67234],
						"4.875": {
							"pre": [6.76138, -5.50658, 7.61434],
							"post": [6.76138, -5.50658, 7.61434],
							"lerp_mode": "catmullrom"
						},
						"5.0": [6.5, -6.5, 9]
					},
					"scale": [1, 1.5, 1]
				},
				"camera": {
					"rotation": {
						"0.0": {
							"post": [0, 0, 0],
							"lerp_mode": "catmullrom"
						},
						"0.1667": {
							"post": [0.05, 0.125, -0.25],
							"lerp_mode": "catmullrom"
						},
						"0.3333": {
							"post": [1.875, 0.9, -1.375],
							"lerp_mode": "catmullrom"
						},
						"0.5": {
							"post": [1.825, 1.25, -1.375],
							"lerp_mode": "catmullrom"
						},
						"1.0": {
							"post": [1.6375, 1.25, -1.125],
							"lerp_mode": "catmullrom"
						},
						"1.5": {
							"post": [1.825, 0.5, -0.375],
							"lerp_mode": "catmullrom"
						},
						"2.2917": {
							"post": [1.825, 0.25, -0.375],
							"lerp_mode": "catmullrom"
						},
						"2.5": {
							"post": [1.84, -0.42, 0.14],
							"lerp_mode": "catmullrom"
						},
						"2.75": {
							"post": [2.96, -1.29, 0.76],
							"lerp_mode": "catmullrom"
						},
						"3.0417": {
							"post": [2.825, -1.75, 0.625],
							"lerp_mode": "catmullrom"
						},
						"3.875": {
							"post": [2.575, -1.75, 0.625],
							"lerp_mode": "catmullrom"
						},
						"4.6667": {
							"post": [2.825, -1.75, 0.625],
							"lerp_mode": "catmullrom"
						},
						"5.0417": {
							"post": [0.46, -0.24, 0.0725],
							"lerp_mode": "catmullrom"
						},
						"5.3333": {
							"post": [0, 0, 0],
							"lerp_mode": "catmullrom"
						}
					}
				},
				"root": {
					"rotation": {
						"0.0": {
							"post": [0, 0, 0],
							"lerp_mode": "catmullrom"
						},
						"0.0833": {
							"post": [-1.8801, -6.83227, -12.79537],
							"lerp_mode": "catmullrom"
						},
						"0.2917": {
							"post": [-9.80405, -21.4325, -46.46903],
							"lerp_mode": "catmullrom"
						},
						"0.3333": {
							"post": [-9.58991, -23.25519, -55.21838],
							"lerp_mode": "catmullrom"
						},
						"0.4167": {
							"post": [-11.15168, -22.00688, -52.90787],
							"lerp_mode": "catmullrom"
						},
						"0.8333": {
							"post": [-11.465, -21.85, -53.095],
							"lerp_mode": "catmullrom"
						},
						"1.0833": {
							"post": [-11.025, -21.98, -55.37],
							"lerp_mode": "catmullrom"
						},
						"1.25": {
							"post": [-7.41586, -22.32944, -65.76316],
							"lerp_mode": "catmullrom"
						},
						"1.5": {
							"post": [-7.02, -22.45, -66.98],
							"lerp_mode": "catmullrom"
						},
						"1.7083": {
							"post": [-7.01, -22.53, -67.09],
							"lerp_mode": "catmullrom"
						},
						"1.9167": {
							"post": [-7.05, -22.6, -66.975],
							"lerp_mode": "catmullrom"
						},
						"2.25": {
							"post": [-7.05, -22.68, -66.415],
							"lerp_mode": "catmullrom"
						},
						"2.3333": {
							"post": [-9.71586, -22.32944, -55.78816],
							"lerp_mode": "catmullrom"
						},
						"2.5": {
							"post": [-21.44026, -9.06304, 1.18923],
							"lerp_mode": "catmullrom"
						},
						"2.6667": {
							"post": [-27.11529, 13.74877, 48.36455],
							"lerp_mode": "catmullrom"
						},
						"2.75": {
							"post": [-27.51, 15.15, 62.025],
							"lerp_mode": "catmullrom"
						},
						"2.9583": {
							"post": [-27.97839, 14.10007, 60.71158],
							"lerp_mode": "catmullrom"
						},
						"3.25": {
							"post": [-27.32, 13.77, 59.795],
							"lerp_mode": "catmullrom"
						},
						"3.3333": {
							"post": [-27.11529, 13.74877, 60.26455],
							"lerp_mode": "catmullrom"
						},
						"3.5417": {
							"post": [-26.18058, 14.76844, 66.93463],
							"lerp_mode": "catmullrom"
						},
						"4.0833": {
							"post": [-25.92698, 15.98266, 69.66811],
							"lerp_mode": "catmullrom"
						},
						"4.7083": {
							"post": [-25.92698, 15.98266, 69.66811],
							"lerp_mode": "catmullrom"
						},
						"4.7917": {
							"post": [-25.11823, 13.37554, 60.09349],
							"lerp_mode": "catmullrom"
						},
						"4.9167": {
							"post": [-20.48, 7.31, 40.64],
							"lerp_mode": "catmullrom"
						},
						"5.0": {
							"post": [-0.97, 0.38, 19.71],
							"lerp_mode": "catmullrom"
						},
						"5.0417": {
							"post": [1.09695, -2.00243, 10.5698],
							"lerp_mode": "catmullrom"
						},
						"5.1667": {
							"post": [0.56, -0.68, 2.79],
							"lerp_mode": "catmullrom"
						},
						"5.2083": {
							"post": [0.19999, 0.00175, -0.5],
							"lerp_mode": "catmullrom"
						},
						"5.2917": {
							"post": [0.04615, 0.02537, 0.23],
							"lerp_mode": "catmullrom"
						},
						"5.3333": {
							"post": [0, 0, 0],
							"lerp_mode": "catmullrom"
						}
					},
					"position": {
						"0.0": {
							"post": [0, 0, 0],
							"lerp_mode": "catmullrom"
						},
						"0.25": {
							"post": [1.6425, 3.33, -4.53],
							"lerp_mode": "catmullrom"
						},
						"0.375": {
							"post": [2.075, 3.9, -2.6],
							"lerp_mode": "catmullrom"
						},
						"0.5": {
							"post": [2.2, 4.1, -2.975],
							"lerp_mode": "catmullrom"
						},
						"0.625": {
							"post": [2.21, 4.035, -2.94],
							"lerp_mode": "catmullrom"
						},
						"1.125": {
							"post": [2.21, 4.01, -2.94],
							"lerp_mode": "catmullrom"
						},
						"1.2917": {
							"post": [2.3, 4.05, -3.2],
							"lerp_mode": "catmullrom"
						},
						"1.5833": {
							"post": [2.29, 4.09, -3.115],
							"lerp_mode": "catmullrom"
						},
						"1.9583": {
							"post": [2.305, 4.09, -3.15],
							"lerp_mode": "catmullrom"
						},
						"2.2917": {
							"post": [2.23, 4.14, -3.15],
							"lerp_mode": "catmullrom"
						},
						"2.375": {
							"post": [1.825, 2.95, -3.375],
							"lerp_mode": "catmullrom"
						},
						"2.5": {
							"post": [1.2475, 1.48, -3.75],
							"lerp_mode": "catmullrom"
						},
						"2.6667": {
							"post": [0.7, 1.825, -4.1],
							"lerp_mode": "catmullrom"
						},
						"2.75": {
							"post": [0.46, 2.4, -4.17],
							"lerp_mode": "catmullrom"
						},
						"3.3333": {
							"post": [0.4, 2.4, -4.1],
							"lerp_mode": "catmullrom"
						},
						"3.5": {
							"post": [0.4, 2.4, -4.1],
							"lerp_mode": "catmullrom"
						},
						"4.2083": {
							"post": [0.36, 2.485, -4.16],
							"lerp_mode": "catmullrom"
						},
						"4.6667": {
							"post": [0.43, 2.48, -4.23],
							"lerp_mode": "catmullrom"
						},
						"4.75": {
							"post": [0.4, 2, -4.1],
							"lerp_mode": "catmullrom"
						},
						"5.0": {
							"post": [0.2, -0.7, -1.9],
							"lerp_mode": "catmullrom"
						},
						"5.1667": {
							"post": [0, 0, 0.6],
							"lerp_mode": "catmullrom"
						},
						"5.2917": {
							"post": [0, 0, 0],
							"lerp_mode": "catmullrom"
						}
					}
				}
			}
		},
		"inspect_empty": {
			"animation_length": 5.3333,
			"bones": {
				"right": {
					"rotation": [92, 7, -177],
					"position": [-6.75, -5.75, 8.5],
					"scale": [1, 1.5, 1]
				},
				"left": {
					"rotation": {
						"0.0": [90, -8, -95],
						"0.3333": {
							"pre": [111.18289, 20.77703, -129.11939],
							"post": [111.18289, 20.77703, -129.11939],
							"lerp_mode": "catmullrom"
						},
						"0.5833": [111.18289, 20.77703, -129.11939],
						"2.25": [111.18289, 20.77703, -129.11939],
						"2.6667": [80.77393, 3.2243, -137.23035],
						"4.75": [80.77393, 3.2243, -137.23035],
						"5.0": [90, -8, -95]
					},
					"position": {
						"0.0": [6.5, -6.5, 9],
						"0.4583": {
							"pre": [-1.21388, -18.81786, 27.5404],
							"post": [-1.21388, -18.81786, 27.5404],
							"lerp_mode": "catmullrom"
						},
						"0.5833": [-7.83374, -19.97496, 30.3774],
						"2.25": [-7.83374, -19.97496, 30.3774],
						"2.3333": {
							"pre": [-4.10572, -17.90701, 28.68728],
							"post": [-4.10572, -17.90701, 28.68728],
							"lerp_mode": "catmullrom"
						},
						"2.4583": {
							"post": [5.83597, -15.90293, 22.78698],
							"lerp_mode": "catmullrom"
						},
						"2.5417": {
							"post": [9.15747, -8.05415, 13.16715],
							"lerp_mode": "catmullrom"
						},
						"2.5833": {
							"post": [8.40562, -3.35754, 7.45712],
							"lerp_mode": "catmullrom"
						},
						"2.6667": [8.86548, -3.06684, 3.67234],
						"4.75": [8.86548, -3.06684, 3.67234],
						"4.875": {
							"pre": [6.76138, -5.50658, 7.61434],
							"post": [6.76138, -5.50658, 7.61434],
							"lerp_mode": "catmullrom"
						},
						"5.0": [6.5, -6.5, 9]
					},
					"scale": [1, 1.5, 1]
				},
				"camera": {
					"rotation": {
						"0.0": {
							"post": [0, 0, 0],
							"lerp_mode": "catmullrom"
						},
						"0.1667": {
							"post": [0.05, 0.125, -0.25],
							"lerp_mode": "catmullrom"
						},
						"0.3333": {
							"post": [1.875, 0.9, -1.375],
							"lerp_mode": "catmullrom"
						},
						"0.5": {
							"post": [1.825, 1.25, -1.375],
							"lerp_mode": "catmullrom"
						},
						"1.0": {
							"post": [1.6375, 1.25, -1.125],
							"lerp_mode": "catmullrom"
						},
						"1.5": {
							"post": [1.825, 0.5, -0.375],
							"lerp_mode": "catmullrom"
						},
						"2.2917": {
							"post": [1.825, 0.25, -0.375],
							"lerp_mode": "catmullrom"
						},
						"2.5": {
							"post": [1.84, -0.42, 0.14],
							"lerp_mode": "catmullrom"
						},
						"2.75": {
							"post": [2.96, -1.29, 0.76],
							"lerp_mode": "catmullrom"
						},
						"3.0417": {
							"post": [2.825, -1.75, 0.625],
							"lerp_mode": "catmullrom"
						},
						"3.875": {
							"post": [2.575, -1.75, 0.625],
							"lerp_mode": "catmullrom"
						},
						"4.6667": {
							"post": [2.825, -1.75, 0.625],
							"lerp_mode": "catmullrom"
						},
						"5.0417": {
							"post": [0.46, -0.24, 0.0725],
							"lerp_mode": "catmullrom"
						},
						"5.3333": {
							"post": [0, 0, 0],
							"lerp_mode": "catmullrom"
						}
					}
				},
				"root": {
					"rotation": {
						"0.0": {
							"post": [0, 0, 0],
							"lerp_mode": "catmullrom"
						},
						"0.0833": {
							"post": [-1.8801, -6.83227, -12.79537],
							"lerp_mode": "catmullrom"
						},
						"0.2917": {
							"post": [-9.80405, -21.4325, -46.46903],
							"lerp_mode": "catmullrom"
						},
						"0.3333": {
							"post": [-9.58991, -23.25519, -55.21838],
							"lerp_mode": "catmullrom"
						},
						"0.4167": {
							"post": [-11.15168, -22.00688, -52.90787],
							"lerp_mode": "catmullrom"
						},
						"0.8333": {
							"post": [-11.465, -21.85, -53.095],
							"lerp_mode": "catmullrom"
						},
						"1.0833": {
							"post": [-11.025, -21.98, -55.37],
							"lerp_mode": "catmullrom"
						},
						"1.25": {
							"post": [-7.41586, -22.32944, -65.76316],
							"lerp_mode": "catmullrom"
						},
						"1.5": {
							"post": [-7.02, -22.45, -66.98],
							"lerp_mode": "catmullrom"
						},
						"1.7083": {
							"post": [-7.01, -22.53, -67.09],
							"lerp_mode": "catmullrom"
						},
						"1.9167": {
							"post": [-7.05, -22.6, -66.975],
							"lerp_mode": "catmullrom"
						},
						"2.25": {
							"post": [-7.05, -22.68, -66.415],
							"lerp_mode": "catmullrom"
						},
						"2.3333": {
							"post": [-9.71586, -22.32944, -55.78816],
							"lerp_mode": "catmullrom"
						},
						"2.5": {
							"post": [-21.44026, -9.06304, 1.18923],
							"lerp_mode": "catmullrom"
						},
						"2.6667": {
							"post": [-27.11529, 13.74877, 48.36455],
							"lerp_mode": "catmullrom"
						},
						"2.75": {
							"post": [-27.51, 15.15, 62.025],
							"lerp_mode": "catmullrom"
						},
						"2.9583": {
							"post": [-27.97839, 14.10007, 60.71158],
							"lerp_mode": "catmullrom"
						},
						"3.25": {
							"post": [-27.32, 13.77, 59.795],
							"lerp_mode": "catmullrom"
						},
						"3.3333": {
							"post": [-27.11529, 13.74877, 60.26455],
							"lerp_mode": "catmullrom"
						},
						"3.5417": {
							"post": [-26.18058, 14.76844, 66.93463],
							"lerp_mode": "catmullrom"
						},
						"4.0833": {
							"post": [-25.92698, 15.98266, 69.66811],
							"lerp_mode": "catmullrom"
						},
						"4.7083": {
							"post": [-25.92698, 15.98266, 69.66811],
							"lerp_mode": "catmullrom"
						},
						"4.7917": {
							"post": [-25.11823, 13.37554, 60.09349],
							"lerp_mode": "catmullrom"
						},
						"4.9167": {
							"post": [-20.48, 7.31, 40.64],
							"lerp_mode": "catmullrom"
						},
						"5.0": {
							"post": [-0.97, 0.38, 19.71],
							"lerp_mode": "catmullrom"
						},
						"5.0417": {
							"post": [1.09695, -2.00243, 10.5698],
							"lerp_mode": "catmullrom"
						},
						"5.1667": {
							"post": [0.56, -0.68, 2.79],
							"lerp_mode": "catmullrom"
						},
						"5.2083": {
							"post": [0.19999, 0.00175, -0.5],
							"lerp_mode": "catmullrom"
						},
						"5.2917": {
							"post": [0.04615, 0.02537, 0.23],
							"lerp_mode": "catmullrom"
						},
						"5.3333": {
							"post": [0, 0, 0],
							"lerp_mode": "catmullrom"
						}
					},
					"position": {
						"0.0": {
							"post": [0, 0, 0],
							"lerp_mode": "catmullrom"
						},
						"0.25": {
							"post": [1.6425, 3.33, -4.53],
							"lerp_mode": "catmullrom"
						},
						"0.375": {
							"post": [2.075, 3.9, -2.6],
							"lerp_mode": "catmullrom"
						},
						"0.5": {
							"post": [2.2, 4.1, -2.975],
							"lerp_mode": "catmullrom"
						},
						"0.625": {
							"post": [2.21, 4.035, -2.94],
							"lerp_mode": "catmullrom"
						},
						"1.125": {
							"post": [2.21, 4.01, -2.94],
							"lerp_mode": "catmullrom"
						},
						"1.2917": {
							"post": [2.3, 4.05, -3.2],
							"lerp_mode": "catmullrom"
						},
						"1.5833": {
							"post": [2.29, 4.09, -3.115],
							"lerp_mode": "catmullrom"
						},
						"1.9583": {
							"post": [2.305, 4.09, -3.15],
							"lerp_mode": "catmullrom"
						},
						"2.2917": {
							"post": [2.23, 4.14, -3.15],
							"lerp_mode": "catmullrom"
						},
						"2.375": {
							"post": [1.825, 2.95, -3.375],
							"lerp_mode": "catmullrom"
						},
						"2.5": {
							"post": [1.2475, 1.48, -3.75],
							"lerp_mode": "catmullrom"
						},
						"2.6667": {
							"post": [0.7, 1.825, -4.1],
							"lerp_mode": "catmullrom"
						},
						"2.75": {
							"post": [0.46, 2.4, -4.17],
							"lerp_mode": "catmullrom"
						},
						"3.3333": {
							"post": [0.4, 2.4, -4.1],
							"lerp_mode": "catmullrom"
						},
						"3.5": {
							"post": [0.4, 2.4, -4.1],
							"lerp_mode": "catmullrom"
						},
						"4.2083": {
							"post": [0.36, 2.485, -4.16],
							"lerp_mode": "catmullrom"
						},
						"4.6667": {
							"post": [0.43, 2.48, -4.23],
							"lerp_mode": "catmullrom"
						},
						"4.75": {
							"post": [0.4, 2, -4.1],
							"lerp_mode": "catmullrom"
						},
						"5.0": {
							"post": [0.2, -0.7, -1.9],
							"lerp_mode": "catmullrom"
						},
						"5.1667": {
							"post": [0, 0, 0.6],
							"lerp_mode": "catmullrom"
						},
						"5.2917": {
							"post": [0, 0, 0],
							"lerp_mode": "catmullrom"
						}
					}
				}
			}
		},
		"put_away": {
			"loop": "hold_on_last_frame",
			"animation_length": 0.4167,
			"bones": {
				"right": {
					"rotation": [92, 7, -177],
					"position": [-6.75, -5.75, 8.5],
					"scale": [1, 1.5, 1]
				},
				"left": {
					"rotation": [90, -8, -95],
					"position": [6.5, -6.5, 9],
					"scale": [1, 1.5, 1]
				},
				"camera": {
					"rotation": {
						"0.0": {
							"post": [0, 0, 0],
							"lerp_mode": "catmullrom"
						},
						"0.1111": {
							"post": [0.3, 0, -0.125],
							"lerp_mode": "catmullrom"
						},
						"0.1944": {
							"post": [0.64, 0, 0.3],
							"lerp_mode": "catmullrom"
						},
						"0.3056": {
							"post": [0.5, 0, 0.15],
							"lerp_mode": "catmullrom"
						},
						"0.3889": {
							"post": [0, 0, 0],
							"lerp_mode": "catmullrom"
						}
					}
				},
				"root": {
					"rotation": {
						"0.0": {
							"post": [0, 0, 0],
							"lerp_mode": "catmullrom"
						},
						"0.0556": {
							"post": [-0.64, -3.66, -2.19],
							"lerp_mode": "catmullrom"
						},
						"0.1389": {
							"post": [1.8, -12.38, 1.96],
							"lerp_mode": "catmullrom"
						},
						"0.25": {
							"post": [6.24, -23.59, 10.25],
							"lerp_mode": "catmullrom"
						},
						"0.3611": {
							"post": [11.63972, -43.66226, 20.28897],
							"lerp_mode": "catmullrom"
						},
						"0.3889": {
							"post": [13.35, -52.02, 23.22],
							"lerp_mode": "catmullrom"
						}
					},
					"position": {
						"0.0": {
							"post": [0, 0, 0],
							"lerp_mode": "catmullrom"
						},
						"0.0556": {
							"post": [-0.45, -0.49, 0.28],
							"lerp_mode": "catmullrom"
						},
						"0.1389": {
							"post": [-0.67, -1.47, 0.34],
							"lerp_mode": "catmullrom"
						},
						"0.25": {
							"post": [-0.435, -3.62, 0.06],
							"lerp_mode": "catmullrom"
						},
						"0.3333": {
							"post": [0.92, -6.2125, -0.335],
							"lerp_mode": "catmullrom"
						},
						"0.3889": {
							"post": [1.53, -9.28, -0.38],
							"lerp_mode": "catmullrom"
						},
						"0.4167": {
							"post": [1.97, -12.47, -0.37],
							"lerp_mode": "catmullrom"
						}
					}
				}
			}
		},
		"draw": {
			"animation_length": 0.7083,
			"bones": {
				"right": {
					"rotation": [92, 7, -177],
					"position": [-6.75, -5.75, 8.5],
					"scale": [1, 1.5, 1]
				},
				"left": {
					"rotation": [90, -8, -95],
					"position": [6.5, -6.5, 9],
					"scale": [1, 1.5, 1]
				},
				"camera": {
					"rotation": {
						"0.0": {
							"post": [0, 0, 0],
							"lerp_mode": "catmullrom"
						},
						"0.0833": {
							"post": [0.3, -0.125, 0.2],
							"lerp_mode": "catmullrom"
						},
						"0.2083": {
							"post": [0.5, -0.25, 0.5],
							"lerp_mode": "catmullrom"
						},
						"0.2917": {
							"post": [0.15, -0.275, 0.375],
							"lerp_mode": "catmullrom"
						},
						"0.4167": {
							"post": [0.25, -0.15, -0.225],
							"lerp_mode": "catmullrom"
						},
						"0.4583": {
							"post": [0.09, -0.08, 0.03],
							"lerp_mode": "catmullrom"
						},
						"0.5": {
							"post": [-0.075, -0.025, -0.05],
							"lerp_mode": "catmullrom"
						},
						"0.6667": {
							"post": [0, 0, 0],
							"lerp_mode": "catmullrom"
						},
						"0.7083": {
							"post": [0, 0, 0],
							"lerp_mode": "catmullrom"
						}
					}
				},
				"root": {
					"rotation": {
						"0.0": {
							"post": [-39.61009, -56.87057, 63.98187],
							"lerp_mode": "catmullrom"
						},
						"0.1667": {
							"post": [-0.50564, -24.85404, 16.72854],
							"lerp_mode": "catmullrom"
						},
						"0.25": {
							"post": [3.25904, -10.44766, 1.21211],
							"lerp_mode": "catmullrom"
						},
						"0.3333": {
							"post": [0, -2.40625, 0],
							"lerp_mode": "catmullrom"
						},
						"0.4167": {
							"post": [0.01893, 0.98758, 1.36002],
							"lerp_mode": "catmullrom"
						},
						"0.5": {
							"post": [0.01346, -0.41108, 0.31188],
							"lerp_mode": "catmullrom"
						},
						"0.6667": {
							"post": [0, 0, 0],
							"lerp_mode": "catmullrom"
						},
						"0.7083": {
							"post": [0, 0, 0],
							"lerp_mode": "catmullrom"
						}
					},
					"position": {
						"0.0": {
							"post": [0, -11.1, -0.8],
							"lerp_mode": "catmullrom"
						},
						"0.25": {
							"post": [0.6, -1.32422, -0.8],
							"lerp_mode": "catmullrom"
						},
						"0.4167": {
							"post": [0.125, -0.22031, 0.325],
							"lerp_mode": "catmullrom"
						},
						"0.5": {
							"post": [0, -0.02734, -0.125],
							"lerp_mode": "catmullrom"
						},
						"0.6667": {
							"post": [0, 0, 0],
							"lerp_mode": "catmullrom"
						},
						"0.7083": {
							"post": [0, 0, 0],
							"lerp_mode": "catmullrom"
						}
					}
				}
			}
		},
		"static_idle2": {
			"loop": "hold_on_last_frame",
			"animation_length": 0.3889,
			"bones": {
				"right": {
					"rotation": [92, 7, -177],
					"position": [-6.75, -5.75, 8.5],
					"scale": [1, 1.5, 1]
				},
				"left": {
					"rotation": [90, -8, -95],
					"position": [6.5, -6.5, 9],
					"scale": [1, 1.5, 1]
				},
				"camera": {
					"rotation": {
						"0.0": {
							"post": [0, 0, 0],
							"lerp_mode": "catmullrom"
						},
						"0.1111": {
							"post": [0.3, 0, -0.125],
							"lerp_mode": "catmullrom"
						},
						"0.1944": {
							"post": [0.64, 0, 0.3],
							"lerp_mode": "catmullrom"
						},
						"0.3056": {
							"post": [0.5, 0, 0.15],
							"lerp_mode": "catmullrom"
						},
						"0.3889": {
							"post": [0, 0, 0],
							"lerp_mode": "catmullrom"
						}
					}
				},
				"root": {
					"rotation": {
						"0.0": {
							"post": [0, 0, 0],
							"lerp_mode": "catmullrom"
						},
						"0.0556": {
							"post": [-0.64, -3.66, -2.19],
							"lerp_mode": "catmullrom"
						},
						"0.1389": {
							"post": [1.8, -12.38, 1.96],
							"lerp_mode": "catmullrom"
						},
						"0.25": {
							"post": [6.24, -23.59, 10.25],
							"lerp_mode": "catmullrom"
						},
						"0.3611": {
							"post": [11.63972, -43.66226, 20.28897],
							"lerp_mode": "catmullrom"
						},
						"0.3889": {
							"post": [13.35, -52.02, 23.22],
							"lerp_mode": "catmullrom"
						}
					},
					"position": {
						"0.0": {
							"post": [0, 0, 0],
							"lerp_mode": "catmullrom"
						},
						"0.0556": {
							"post": [-0.45, -0.49, 0.28],
							"lerp_mode": "catmullrom"
						},
						"0.1389": {
							"post": [-0.67, -1.47, 0.34],
							"lerp_mode": "catmullrom"
						},
						"0.25": {
							"post": [-0.435, -3.62, 0.06],
							"lerp_mode": "catmullrom"
						},
						"0.3333": {
							"post": [0.92, -6.2125, -0.335],
							"lerp_mode": "catmullrom"
						},
						"0.3889": {
							"post": [1.53, -9.28, -0.38],
							"lerp_mode": "catmullrom"
						},
						"0.4167": {
							"post": [1.97, -12.47, -0.37],
							"lerp_mode": "catmullrom"
						}
					}
				}
			}
		},
		"shoot": {
			"animation_length": 0.7917,
			"bones": {
				"camera": {
					"rotation": {
						"0.0": [0, 0, 0],
						"0.0417": [0, 0, 0.65],
						"0.0833": [0, 0, 0.41],
						"0.125": [0, 0, -0.185],
						"0.1667": [0, 0, 0.2],
						"0.2083": [0, 0, 0]
					}
				},
				"root": {
					"rotation": {
						"0.0": {
							"post": [0, 0, 0],
							"lerp_mode": "catmullrom"
						},
						"0.0417": {
							"post": [-0.586, 0.022, -0.92],
							"lerp_mode": "catmullrom"
						},
						"0.125": {
							"post": [-0.014, 0.047, 1.048],
							"lerp_mode": "catmullrom"
						},
						"0.25": {
							"post": [0.339, 0.226, -0.463],
							"lerp_mode": "catmullrom"
						},
						"0.375": {
							"post": [-0.257, 0.034, 0.024],
							"lerp_mode": "catmullrom"
						},
						"0.5833": {
							"post": [0.078, 0.045, -0.164],
							"lerp_mode": "catmullrom"
						},
						"0.7917": [0, 0, 0]
					},
					"position": {
						"0.0": {
							"post": [0, 0, 0],
							"lerp_mode": "catmullrom"
						},
						"0.0417": {
							"post": [0.002, 0.029, 1.064],
							"lerp_mode": "catmullrom"
						},
						"0.0833": {
							"post": [0.012, 0.082, 0.258],
							"lerp_mode": "catmullrom"
						},
						"0.1667": {
							"post": [-0.003, -0.014, 0.11],
							"lerp_mode": "catmullrom"
						},
						"0.3333": {
							"post": [0.003, 0.004, 0.034],
							"lerp_mode": "catmullrom"
						},
						"0.75": [0, 0, 0]
					}
				}
			}
		},
		"reload": {
			"animation_length": 1.75,
			"bones": {
				"right": {
					"rotation": [92, 7, -177],
					"position": [-6.75, -5.75, 8.5],
					"scale": [1, 1.5, 1]
				},
				"left": {
					"rotation": {
						"0.0": [90, -8, -95],
						"0.4583": [90, -8, -95],
						"0.5": [76.88297, -0.36314, -18.87971],
						"1.0833": [76.88, -0.36, -18.88],
						"1.1667": [75.94481, -10.12895, -13.43031],
						"1.3333": [75.94481, -10.12895, -13.43031],
						"1.4583": {
							"pre": [81.13253, -10.31666, -48.85462],
							"post": [81.13253, -10.31666, -48.85462],
							"lerp_mode": "catmullrom"
						},
						"1.5417": {
							"post": [86.548, -8.8362, -84.26883],
							"lerp_mode": "catmullrom"
						},
						"1.6667": [90, -8, -95]
					},
					"position": {
						"0.0": [6.5, -6.5, 9],
						"0.4583": [6.5, -6.5, 9],
						"0.5": [5.22, -8.14, 10.89],
						"1.3333": [5.22, -8.14, 10.89],
						"1.4583": {
							"pre": [7.96313, -8.27404, 11.59387],
							"post": [7.96313, -8.27404, 11.59387],
							"lerp_mode": "catmullrom"
						},
						"1.5417": {
							"post": [8.06641, -7.48, 10.63],
							"lerp_mode": "catmullrom"
						},
						"1.6667": [6.5, -6.5, 9]
					},
					"scale": [1, 1.5, 1]
				},
				"camera": {
					"rotation": {
						"0.0": {
							"post": [0, 0, 0],
							"lerp_mode": "catmullrom"
						},
						"0.2083": {
							"post": [-1, 0, 0.25],
							"lerp_mode": "catmullrom"
						},
						"0.3333": {
							"post": [-0.48, 0, -0.5],
							"lerp_mode": "catmullrom"
						},
						"0.5": {
							"post": [-0.48, 0, 0.0675],
							"lerp_mode": "catmullrom"
						},
						"0.75": {
							"post": [-0.57, 0, 0],
							"lerp_mode": "catmullrom"
						},
						"1.125": {
							"post": [-0.57, 0, 0],
							"lerp_mode": "catmullrom"
						},
						"1.2083": {
							"post": [-1.02, 0, 0.5],
							"lerp_mode": "catmullrom"
						},
						"1.2917": {
							"post": [-1.1, 0, -0.47],
							"lerp_mode": "catmullrom"
						},
						"1.4167": {
							"post": [-1.02, 0, 0.25],
							"lerp_mode": "catmullrom"
						},
						"1.5417": {
							"post": [-0.1275, 0, 0],
							"lerp_mode": "catmullrom"
						},
						"1.75": {
							"post": [0, 0, 0],
							"lerp_mode": "catmullrom"
						}
					}
				},
				"root": {
					"rotation": {
						"0.0": {
							"post": [0, 0, 0],
							"lerp_mode": "catmullrom"
						},
						"0.0833": {
							"post": [1.06219, -1.65687, 2.9],
							"lerp_mode": "catmullrom"
						},
						"0.2083": {
							"post": [-14.82219, -10.26699, -19.38593],
							"lerp_mode": "catmullrom"
						},
						"0.2917": {
							"post": [-26.32219, -10.26699, -19.26093],
							"lerp_mode": "catmullrom"
						},
						"0.4167": {
							"post": [-26.77603, -4.98834, -12.67206],
							"lerp_mode": "catmullrom"
						},
						"0.5": {
							"post": [-23.53, -8.36391, -19.33531],
							"lerp_mode": "catmullrom"
						},
						"0.625": {
							"post": [-17.8825, -20.02, -41.1325],
							"lerp_mode": "catmullrom"
						},
						"0.75": {
							"post": [-16.47846, -22.11828, -47.31251],
							"lerp_mode": "catmullrom"
						},
						"0.7917": {
							"post": [-15.06514, -23.01051, -50.45963],
							"lerp_mode": "catmullrom"
						},
						"0.8333": {
							"post": [-16.87636, -21.38409, -44.34809],
							"lerp_mode": "catmullrom"
						},
						"0.875": {
							"post": [-17.33783, -20.39953, -43.58985],
							"lerp_mode": "catmullrom"
						},
						"0.9167": {
							"post": [-16.1933, -20.39172, -45.01954],
							"lerp_mode": "catmullrom"
						},
						"1.0": {
							"post": [-15.47825, -20.40022, -43.67918],
							"lerp_mode": "catmullrom"
						},
						"1.0833": {
							"post": [-15.31024, -21.47039, -36.2498],
							"lerp_mode": "catmullrom"
						},
						"1.125": {
							"post": [-16.23625, -25.24344, -46.25156],
							"lerp_mode": "catmullrom"
						},
						"1.1667": {
							"post": [-11.4019, -15.42513, -47.0581],
							"lerp_mode": "catmullrom"
						},
						"1.2083": {
							"post": [-11.60953, -16.19203, -51.30734],
							"lerp_mode": "catmullrom"
						},
						"1.25": {
							"post": [-15.94569, -21.6468, -46.76409],
							"lerp_mode": "catmullrom"
						},
						"1.2917": {
							"post": [-19.24297, -24.06375, -44.44891],
							"lerp_mode": "catmullrom"
						},
						"1.3333": {
							"post": [-21.1375, -23.32422, -43.575],
							"lerp_mode": "catmullrom"
						},
						"1.4167": {
							"post": [-18.2, -19.375, -39.45],
							"lerp_mode": "catmullrom"
						},
						"1.5417": {
							"post": [-3.865, -3.4875, -8.525],
							"lerp_mode": "catmullrom"
						},
						"1.6667": {
							"post": [0, 0, 0],
							"lerp_mode": "catmullrom"
						}
					},
					"position": {
						"0.0": {
							"post": [0, 0, 0],
							"lerp_mode": "catmullrom"
						},
						"0.0833": {
							"post": [0.21641, 0.92484, -0.31641],
							"lerp_mode": "catmullrom"
						},
						"0.1667": {
							"post": [-1.08984, 3, 1.30469],
							"lerp_mode": "catmullrom"
						},
						"0.25": {
							"post": [-1.31984, 3.125, 1.65234],
							"lerp_mode": "catmullrom"
						},
						"0.3333": {
							"post": [-0.32812, -0.60156, -1.79687],
							"lerp_mode": "catmullrom"
						},
						"0.4167": {
							"post": [-0.53953, 0.12094, -1.515],
							"lerp_mode": "catmullrom"
						},
						"0.5": {
							"post": [-1.18359, 1.30859, -0.73828],
							"lerp_mode": "catmullrom"
						},
						"0.5833": {
							"post": [-1.22312, 1.30469, -0.71094],
							"lerp_mode": "catmullrom"
						},
						"0.7083": {
							"post": [-0.86328, 1.16297, -1],
							"lerp_mode": "catmullrom"
						},
						"0.7917": {
							"post": [-1.375, 1.93359, -1.39062],
							"lerp_mode": "catmullrom"
						},
						"0.9167": {
							"post": [-1.35156, 1.88672, -1],
							"lerp_mode": "catmullrom"
						},
						"1.0": {
							"post": [-1.07422, 1.76563, -0.69531],
							"lerp_mode": "catmullrom"
						},
						"1.0833": {
							"post": [-1.18453, 1.88203, -0.75906],
							"lerp_mode": "catmullrom"
						},
						"1.1667": {
							"post": [-1.97266, 2.30469, -1.82812],
							"lerp_mode": "catmullrom"
						},
						"1.2917": {
							"post": [-1.5, 2, -0.26953],
							"lerp_mode": "catmullrom"
						},
						"1.375": {
							"post": [-1.57031, 2.09375, -0.42969],
							"lerp_mode": "catmullrom"
						},
						"1.4583": {
							"post": [-1.33984, 1.69922, -0.375],
							"lerp_mode": "catmullrom"
						},
						"1.5833": {
							"post": [-0.2025, 0.0075, 0.21484],
							"lerp_mode": "catmullrom"
						},
						"1.7083": {
							"post": [0, 0, 0],
							"lerp_mode": "catmullrom"
						}
					}
				},
				"mal": {
					"rotation": {
						"0.0": [0, 0, 0],
						"0.25": [0, 0, 0],
						"0.5": [0, 0, 0],
						"0.625": [18.9958, 0, 0],
						"0.7083": {
							"pre": [4.30434, 1.53825, -24.08299],
							"post": [4.30434, 1.53825, -24.08299],
							"lerp_mode": "catmullrom"
						},
						"0.75": {
							"post": [-0.49961, -0.01963, -7.16398],
							"lerp_mode": "catmullrom"
						},
						"0.9167": {
							"post": [-0.5, 0, 2.5],
							"lerp_mode": "catmullrom"
						},
						"1.0833": [0, 0, 0],
						"1.1667": [0, 0, 0]
					},
					"position": {
						"0.0": [0, 0, 0],
						"0.25": [12.43297, -16.79405, 3.64964],
						"0.4583": [12.43, -16.79, 3.65],
						"0.5": [1.43, -16.79, 3.65],
						"0.75": [0.12454, -3.73929, 1.5],
						"0.7917": [0, -3.75, 1.5],
						"0.9167": {
							"pre": [0, -3.875, 1.5625],
							"post": [0, -3.875, 1.5625],
							"lerp_mode": "catmullrom"
						},
						"1.0417": [0, -3.75, 1.5],
						"1.0833": [0, -3.75, 1.5],
						"1.1667": [0, 0, 0]
					}
				},
				"mag": {
					"scale": {
						"0.0": [0, 0, 0],
						"0.5": {"pre": [0, 0, 0], "post": [1, 1, 1]}
					}
				}
			},
			"sound_effects": {
				"0.0": {
					"effect": "immersive_armorer:short_smg/mag_out_1"
				},
				"0.6667": {
					"effect": "immersive_armorer:short_smg/rattle"
				},
				"0.9583": {
					"effect": "immersive_armorer:short_smg/mag_in_2"
				},
				"1.5": {
					"effect": "immersive_armorer:short_smg/down"
				}
			}
		}
	}
}