{
	"format_version": "1.12.0",
	"minecraft:geometry": [
		{
			"description": {
				"identifier": "geometry.unknown",
				"texture_width": 16,
				"texture_height": 16,
				"visible_bounds_width": 2,
				"visible_bounds_height": 1.5,
				"visible_bounds_offset": [0, 0.25, 0]
			},
			"bones": [
				{
					"name": "grip",
					"pivot": [0, 0, -2],
					"cubes": [
						{
							"origin": [-0.625, -0.375, -2],
							"size": [1.25, 0.75, 6],
							"uv": {
								"north": {"uv": [2, 10], "uv_size": [1.25, 0.75]},
								"east": {"uv": [12, 6], "uv_size": [-6, 0.75]},
								"south": {"uv": [10, 2], "uv_size": [1.25, 0.75]},
								"west": {"uv": [6, 6], "uv_size": [6, 0.75]},
								"up": {"uv": [0, 4], "uv_size": [1.25, 6]},
								"down": {"uv": [2, 10], "uv_size": [1.25, -6]}
							}
						},
						{
							"origin": [-0.623, -1.5455, -2.17417],
							"size": [1.246, 1, 3],
							"pivot": [-0.002, -1.1705, -0.67417],
							"rotation": [-45, 0, 0],
							"uv": {
								"east": {"uv": [8, 0], "uv_size": [3, 1]},
								"west": {"uv": [8, 1], "uv_size": [3, 1]},
								"down": {"uv": [6, 10], "uv_size": [1.25, -3]}
							}
						},
						{
							"origin": [-0.623, -1.5455, 1.04917],
							"size": [1.246, 0.5, 0.75],
							"pivot": [-0.002, -1.1705, 0.67417],
							"rotation": [67.5, 0, 0],
							"uv": {
								"east": {"uv": [5, 0], "uv_size": [0.75, 0.5]},
								"west": {"uv": [5, 1], "uv_size": [0.75, 0.5]},
								"down": {"uv": [10, 3.75], "uv_size": [1.25, -0.75]}
							}
						},
						{
							"origin": [-0.6235, -1.08211, -1.33579],
							"size": [1.248, 1.75, 5],
							"pivot": [-0.0005, -1.08211, -0.58579],
							"rotation": [-67.5, 0, 0],
							"uv": {
								"east": {"uv": [5, 2], "uv_size": [-5, 1.75]},
								"south": {"uv": [8, 7], "uv_size": [1.25, 1.75]},
								"west": {"uv": [0, 2], "uv_size": [5, 1.75]},
								"up": {"uv": [4, 4], "uv_size": [1.25, 5]},
								"down": {"uv": [6, 5], "uv_size": [1.25, -5]}
							}
						},
						{
							"origin": [-0.623, -1.98905, 3.18893],
							"size": [1.246, 0.5, 0.5],
							"pivot": [-0.001, -2.36405, 1.18893],
							"rotation": [-112.5, 0, 0],
							"uv": {
								"east": {"uv": [11, 1], "uv_size": [0.5, 0.5]},
								"south": {"uv": [10, 10], "uv_size": [1.25, 0.5]},
								"west": {"uv": [2, 11], "uv_size": [0.5, 0.5]},
								"down": {"uv": [0, 11.5], "uv_size": [1.25, -0.5]}
							}
						},
						{
							"origin": [-0.6235, 0.66789, 1.66421],
							"size": [1.248, 0.5, 1.5],
							"pivot": [-0.0005, -1.08211, -0.58579],
							"rotation": [-67.5, 0, 0],
							"uv": {
								"east": {"uv": [6, 10], "uv_size": [1.5, 0.5]},
								"west": {"uv": [10, 7], "uv_size": [1.5, 0.5]},
								"up": {"uv": [4, 9], "uv_size": [1.25, 1.5]}
							}
						},
						{
							"origin": [-0.623, -2.01947, 0.97009],
							"size": [1.246, 0.5, 1.5],
							"pivot": [-0.001, -1.76947, 1.47009],
							"rotation": [-45, 0, 0],
							"uv": {
								"east": {"uv": [10, 8], "uv_size": [1.5, 0.5]},
								"west": {"uv": [10, 9], "uv_size": [1.5, 0.5]},
								"up": {"uv": [8, 9], "uv_size": [1.25, 1.5]}
							}
						},
						{
							"origin": [-0.623, -3.56935, 3.10201],
							"size": [1.246, 0.5, 0.70711],
							"pivot": [-0.001, -3.31935, 2.80912],
							"rotation": [-112.5, 0, 0],
							"uv": {
								"east": {"uv": [5, 2], "uv_size": [0.75, 0.5]},
								"west": {"uv": [5, 3], "uv_size": [0.75, 0.5]},
								"up": {"uv": [10, 4], "uv_size": [1.25, 0.75]}
							}
						},
						{
							"origin": [-0.6245, -0.08577, 2.00517],
							"size": [1.248, 0.5, 2],
							"pivot": [-0.0015, 0.03923, 1.00517],
							"rotation": [-15, 0, 0],
							"uv": {
								"east": {"uv": [8, 4], "uv_size": [2, 0.5]},
								"south": {"uv": [11, 0], "uv_size": [1.25, 0.5]},
								"west": {"uv": [0, 10], "uv_size": [2, 0.5]},
								"down": {"uv": [8, 4], "uv_size": [1.25, -2]}
							}
						}
					]
				}
			]
		}
	]
}