{
	"format_version": "1.12.0",
	"minecraft:geometry": [
		{
			"description": {
				"identifier": "geometry.unknown",
				"texture_width": 32,
				"texture_height": 32,
				"visible_bounds_width": 5,
				"visible_bounds_height": 4,
				"visible_bounds_offset": [0, 1, 0]
			},
			"bones": [
				{
					"name": "muzzle",
					"pivot": [0, 0, 0],
					"cubes": [
						{
							"origin": [-0.20711, 8.75, -12.25],
							"size": [0.41422, 1, 3.25],
							"pivot": [0, 9.25, -11.75],
							"rotation": [0, 0, 45],
							"uv": {
								"north": {"uv": [23, 14], "uv_size": [0.5, 1]},
								"south": {"uv": [18, 23], "uv_size": [0.5, 1]},
								"up": {"uv": [18, 18], "uv_size": [0.5, 3.25]},
								"down": {"uv": [8, 22.25], "uv_size": [0.5, -3.25]}
							}
						},
						{
							"origin": [-0.5, 9.04289, -12.25],
							"size": [1, 0.41422, 3.25],
							"uv": {
								"north": {"uv": [7, 24], "uv_size": [1, 0.5]},
								"east": {"uv": [17, 6], "uv_size": [3.25, 0.5]},
								"south": {"uv": [24, 8], "uv_size": [1, 0.5]},
								"west": {"uv": [18, 0], "uv_size": [3.25, 0.5]}
							}
						},
						{
							"origin": [0.25, 9.125, -12],
							"size": [1, 0.25, 0.25],
							"pivot": [0, 9.25, -10.375],
							"rotation": [0, 0, 62.5],
							"uv": {
								"north": {"uv": [26, 0], "uv_size": [1, 0.25]},
								"south": {"uv": [4, 26], "uv_size": [1, 0.25]},
								"up": {"uv": [6, 26], "uv_size": [1, 0.25]},
								"down": {"uv": [8, 26.25], "uv_size": [1, -0.25]}
							}
						},
						{
							"origin": [-1.25, 9.125, -12],
							"size": [1, 0.25, 0.25],
							"pivot": [0, 9.25, -10.375],
							"rotation": [0, 0, -62.5],
							"uv": {
								"north": {"uv": [26, 8], "uv_size": [1, 0.25]},
								"south": {"uv": [10, 26], "uv_size": [1, 0.25]},
								"up": {"uv": [26, 10], "uv_size": [1, 0.25]},
								"down": {"uv": [15, 26.25], "uv_size": [1, -0.25]}
							}
						},
						{
							"origin": [-1.25, 9.125, -7.001],
							"size": [1, 0.25, 0.25],
							"pivot": [0, 9.25, -5.375],
							"rotation": [0, 0, -62.5],
							"uv": {
								"north": {"uv": [26, 16], "uv_size": [1, 0.25]},
								"south": {"uv": [26, 18], "uv_size": [1, 0.25]},
								"west": {"uv": [17, 27], "uv_size": [0.25, 0.25]},
								"up": {"uv": [20, 26], "uv_size": [1, 0.25]},
								"down": {"uv": [26, 20.25], "uv_size": [1, -0.25]}
							}
						},
						{
							"origin": [0.25, 9.125, -7.001],
							"size": [1, 0.25, 0.25],
							"pivot": [0, 9.25, -5.375],
							"rotation": [0, 0, 62.5],
							"uv": {
								"north": {"uv": [22, 26], "uv_size": [1, 0.25]},
								"east": {"uv": [27, 22], "uv_size": [0.25, 0.25]},
								"south": {"uv": [24, 26], "uv_size": [1, 0.25]},
								"up": {"uv": [26, 24], "uv_size": [1, 0.25]},
								"down": {"uv": [26, 26.25], "uv_size": [1, -0.25]}
							}
						},
						{
							"origin": [-0.5, 9.04289, -12.25],
							"size": [1, 0.41422, 3.25],
							"pivot": [0, 9.25, -11.75],
							"rotation": [0, 0, 45],
							"uv": {
								"north": {"uv": [9, 24], "uv_size": [1, 0.5]},
								"east": {"uv": [18, 2], "uv_size": [3.25, 0.5]},
								"south": {"uv": [24, 10], "uv_size": [1, 0.5]},
								"west": {"uv": [20, 12], "uv_size": [3.25, 0.5]}
							}
						},
						{
							"origin": [-0.20711, 8.75, -12.25],
							"size": [0.41422, 1, 3.25],
							"uv": {
								"north": {"uv": [11, 24], "uv_size": [0.5, 1]},
								"south": {"uv": [16, 24], "uv_size": [0.5, 1]},
								"up": {"uv": [10, 19], "uv_size": [0.5, 3.25]},
								"down": {"uv": [0, 23.25], "uv_size": [0.5, -3.25]}
							}
						},
						{
							"origin": [-0.95711, 7.25, -12.25],
							"size": [0.41422, 1, 5.5],
							"uv": {
								"north": {"uv": [24, 16], "uv_size": [0.5, 1]},
								"south": {"uv": [24, 18], "uv_size": [0.5, 1]},
								"up": {"uv": [0, 0], "uv_size": [0.5, 5.5]},
								"down": {"uv": [2, 5.5], "uv_size": [0.5, -5.5]}
							}
						},
						{
							"origin": [-1.25, 7.54289, -12.25],
							"size": [1, 0.41422, 5.5],
							"pivot": [-0.75, 7.75, -11.75],
							"rotation": [0, 0, 45],
							"uv": {
								"north": {"uv": [20, 24], "uv_size": [1, 0.5]},
								"east": {"uv": [4, 0], "uv_size": [5.5, 0.5]},
								"south": {"uv": [24, 20], "uv_size": [1, 0.5]},
								"west": {"uv": [4, 2], "uv_size": [5.5, 0.5]}
							}
						},
						{
							"origin": [-1.25, 7.54289, -12.25],
							"size": [1, 0.41422, 5.5],
							"uv": {
								"north": {"uv": [22, 24], "uv_size": [1, 0.5]},
								"east": {"uv": [4, 4], "uv_size": [5.5, 0.5]},
								"south": {"uv": [24, 24], "uv_size": [1, 0.5]},
								"west": {"uv": [4, 6], "uv_size": [5.5, 0.5]}
							}
						},
						{
							"origin": [-0.95711, 7.25, -12.25],
							"size": [0.41422, 1, 5.5],
							"pivot": [-0.75, 7.75, -11.75],
							"rotation": [0, 0, 45],
							"uv": {
								"north": {"uv": [0, 25], "uv_size": [0.5, 1]},
								"south": {"uv": [2, 25], "uv_size": [0.5, 1]},
								"up": {"uv": [0, 7], "uv_size": [0.5, 5.5]},
								"down": {"uv": [2, 12.5], "uv_size": [0.5, -5.5]}
							}
						},
						{
							"origin": [-0.375, 7.625, -12],
							"size": [0.75, 0.25, 0.25],
							"uv": {
								"north": {"uv": [0, 27], "uv_size": [0.75, 0.25]},
								"south": {"uv": [2, 27], "uv_size": [0.75, 0.25]},
								"up": {"uv": [27, 2], "uv_size": [0.75, 0.25]},
								"down": {"uv": [27, 4.25], "uv_size": [0.75, -0.25]}
							}
						},
						{
							"origin": [-0.375, 7.625, -7.001],
							"size": [0.75, 0.25, 0.25],
							"uv": {
								"north": {"uv": [27, 6], "uv_size": [0.75, 0.25]},
								"south": {"uv": [12, 27], "uv_size": [0.75, 0.25]},
								"up": {"uv": [27, 12], "uv_size": [0.75, 0.25]},
								"down": {"uv": [27, 14.25], "uv_size": [0.75, -0.25]}
							}
						},
						{
							"origin": [0.54289, 7.25, -12.25],
							"size": [0.41422, 1, 5.5],
							"uv": {
								"north": {"uv": [25, 2], "uv_size": [0.5, 1]},
								"south": {"uv": [25, 4], "uv_size": [0.5, 1]},
								"up": {"uv": [4, 8], "uv_size": [0.5, 5.5]},
								"down": {"uv": [6, 13.5], "uv_size": [0.5, -5.5]}
							}
						},
						{
							"origin": [0.25, 7.54289, -12.25],
							"size": [1, 0.41422, 5.5],
							"pivot": [0.75, 7.75, -11.75],
							"rotation": [0, 0, -45],
							"uv": {
								"north": {"uv": [25, 6], "uv_size": [1, 0.5]},
								"east": {"uv": [8, 8], "uv_size": [5.5, 0.5]},
								"south": {"uv": [25, 12], "uv_size": [1, 0.5]},
								"west": {"uv": [8, 10], "uv_size": [5.5, 0.5]}
							}
						},
						{
							"origin": [0.25, 7.54289, -12.25],
							"size": [1, 0.41422, 5.5],
							"uv": {
								"north": {"uv": [13, 25], "uv_size": [1, 0.5]},
								"east": {"uv": [11, 0], "uv_size": [5.5, 0.5]},
								"south": {"uv": [25, 14], "uv_size": [1, 0.5]},
								"west": {"uv": [11, 2], "uv_size": [5.5, 0.5]}
							}
						},
						{
							"origin": [0.54289, 7.25, -12.25],
							"size": [0.41422, 1, 5.5],
							"pivot": [0.75, 7.75, -11.75],
							"rotation": [0, 0, -45],
							"uv": {
								"north": {"uv": [18, 25], "uv_size": [0.5, 1]},
								"south": {"uv": [25, 22], "uv_size": [0.5, 1]},
								"up": {"uv": [8, 12], "uv_size": [0.5, 5.5]},
								"down": {"uv": [10, 17.5], "uv_size": [0.5, -5.5]}
							}
						},
						{
							"origin": [0.49111, 7.125, -11.75],
							"size": [0.51778, 1.25, 4.5],
							"uv": {
								"north": {"uv": [2, 20], "uv_size": [0.5, 1.25]},
								"south": {"uv": [20, 18], "uv_size": [0.5, 1.25]},
								"up": {"uv": [12, 12], "uv_size": [0.5, 4.5]},
								"down": {"uv": [0, 18.5], "uv_size": [0.5, -4.5]}
							}
						},
						{
							"origin": [0.125, 7.49111, -11.75],
							"size": [1.25, 0.51778, 4.5],
							"pivot": [0.75, 7.75, -8.375],
							"rotation": [0, 0, -45],
							"uv": {
								"north": {"uv": [20, 14], "uv_size": [1.25, 0.5]},
								"east": {"uv": [11, 4], "uv_size": [4.5, 0.5]},
								"south": {"uv": [4, 21], "uv_size": [1.25, 0.5]},
								"west": {"uv": [11, 6], "uv_size": [4.5, 0.5]}
							}
						},
						{
							"origin": [0.125, 7.49111, -11.75],
							"size": [1.25, 0.51778, 4.5],
							"uv": {
								"north": {"uv": [21, 8], "uv_size": [1.25, 0.5]},
								"east": {"uv": [14, 12], "uv_size": [4.5, 0.5]},
								"south": {"uv": [21, 10], "uv_size": [1.25, 0.5]},
								"west": {"uv": [14, 14], "uv_size": [4.5, 0.5]}
							}
						},
						{
							"origin": [0.49111, 7.125, -11.75],
							"size": [0.51778, 1.25, 4.5],
							"pivot": [0.75, 7.75, -8.375],
							"rotation": [0, 0, -45],
							"uv": {
								"north": {"uv": [20, 21], "uv_size": [0.5, 1.25]},
								"south": {"uv": [14, 22], "uv_size": [0.5, 1.25]},
								"up": {"uv": [2, 14], "uv_size": [0.5, 4.5]},
								"down": {"uv": [4, 19.5], "uv_size": [0.5, -4.5]}
							}
						},
						{
							"origin": [-1.00889, 7.125, -11.75],
							"size": [0.51778, 1.25, 4.5],
							"uv": {
								"north": {"uv": [22, 16], "uv_size": [0.5, 1.25]},
								"south": {"uv": [22, 19], "uv_size": [0.5, 1.25]},
								"up": {"uv": [6, 15], "uv_size": [0.5, 4.5]},
								"down": {"uv": [14, 20.5], "uv_size": [0.5, -4.5]}
							}
						},
						{
							"origin": [-1.375, 7.49111, -11.75],
							"size": [1.25, 0.51778, 4.5],
							"pivot": [-0.75, 7.75, -8.375],
							"rotation": [0, 0, 45],
							"uv": {
								"north": {"uv": [22, 6], "uv_size": [1.25, 0.5]},
								"east": {"uv": [15, 8], "uv_size": [4.5, 0.5]},
								"south": {"uv": [22, 22], "uv_size": [1.25, 0.5]},
								"west": {"uv": [15, 10], "uv_size": [4.5, 0.5]}
							}
						},
						{
							"origin": [-1.375, 7.49111, -11.75],
							"size": [1.25, 0.51778, 4.5],
							"uv": {
								"north": {"uv": [23, 0], "uv_size": [1.25, 0.5]},
								"east": {"uv": [16, 16], "uv_size": [4.5, 0.5]},
								"south": {"uv": [2, 23], "uv_size": [1.25, 0.5]},
								"west": {"uv": [17, 4], "uv_size": [4.5, 0.5]}
							}
						},
						{
							"origin": [-1.00889, 7.125, -11.75],
							"size": [0.51778, 1.25, 4.5],
							"pivot": [-0.75, 7.75, -8.375],
							"rotation": [0, 0, 45],
							"uv": {
								"north": {"uv": [23, 2], "uv_size": [0.5, 1.25]},
								"south": {"uv": [5, 23], "uv_size": [0.5, 1.25]},
								"up": {"uv": [12, 18], "uv_size": [0.5, 4.5]},
								"down": {"uv": [16, 22.5], "uv_size": [0.5, -4.5]}
							}
						}
					]
				}
			]
		}
	]
}