{
	"format_version": "1.12.0",
	"minecraft:geometry": [
		{
			"description": {
				"identifier": "geometry.unknown",
				"texture_width": 32,
				"texture_height": 32,
				"visible_bounds_width": 2,
				"visible_bounds_height": 1.5,
				"visible_bounds_offset": [0, 0.25, 0]
			},
			"bones": [
				{
					"name": "main",
					"pivot": [0, -8.25, -2],
					"cubes": [
						{
							"origin": [-0.625, -0.25888, -4.25],
							"size": [1.25, 0.51777, 4],
							"uv": {
								"north": {"uv": [13, 5], "uv_size": [1.25, 0.5]},
								"east": {"uv": [4, 4], "uv_size": [4, 0.5]},
								"south": {"uv": [13, 6], "uv_size": [1.25, 0.5]},
								"west": {"uv": [4, 5], "uv_size": [4, 0.5]}
							}
						},
						{
							"origin": [-0.625, -0.25888, -4.25],
							"size": [1.25, 0.51777, 4],
							"pivot": [0, 0, -1.75],
							"rotation": [0, 0, 45],
							"uv": {
								"north": {"uv": [7, 13], "uv_size": [1.25, 0.5]},
								"east": {"uv": [4, 6], "uv_size": [4, 0.5]},
								"south": {"uv": [13, 7], "uv_size": [1.25, 0.5]},
								"west": {"uv": [0, 7], "uv_size": [4, 0.5]}
							}
						},
						{
							"origin": [-0.25888, -0.625, -4.25],
							"size": [0.51777, 1.25, 4],
							"uv": {
								"north": {"uv": [5, 13], "uv_size": [0.5, 1.25]},
								"south": {"uv": [13, 8], "uv_size": [0.5, 1.25]},
								"up": {"uv": [4, 7], "uv_size": [0.5, 4]},
								"down": {"uv": [5, 11], "uv_size": [0.5, -4]}
							}
						},
						{
							"origin": [-0.25888, -0.625, -4.25],
							"size": [0.51777, 1.25, 4],
							"pivot": [0, 0, -1.75],
							"rotation": [0, 0, 45],
							"uv": {
								"north": {"uv": [9, 13], "uv_size": [0.5, 1.25]},
								"south": {"uv": [10, 13], "uv_size": [0.5, 1.25]},
								"up": {"uv": [6, 7], "uv_size": [0.5, 4]},
								"down": {"uv": [7, 11], "uv_size": [0.5, -4]}
							}
						},
						{
							"origin": [-0.31066, -0.75, -0.5],
							"size": [0.62132, 1.5, 1.5],
							"pivot": [0, 0, -1],
							"rotation": [0, 0, 45],
							"uv": {
								"north": {"uv": [11, 11], "uv_size": [0.5, 1.5]},
								"south": {"uv": [0, 12], "uv_size": [0.5, 1.5]},
								"up": {"uv": [1, 12], "uv_size": [0.5, 1.5]},
								"down": {"uv": [2, 13.5], "uv_size": [0.5, -1.5]}
							}
						},
						{
							"origin": [-0.31066, -0.75, -0.5],
							"size": [0.62132, 1.5, 1.5],
							"uv": {
								"north": {"uv": [3, 12], "uv_size": [0.5, 1.5]},
								"south": {"uv": [12, 4], "uv_size": [0.5, 1.5]},
								"up": {"uv": [6, 12], "uv_size": [0.5, 1.5]},
								"down": {"uv": [12, 7.5], "uv_size": [0.5, -1.5]}
							}
						},
						{
							"origin": [-0.75, -0.31066, -0.5],
							"size": [1.5, 0.62132, 1.5],
							"pivot": [0, 0, -1],
							"rotation": [0, 0, 45],
							"uv": {
								"north": {"uv": [7, 12], "uv_size": [1.5, 0.5]},
								"east": {"uv": [9, 12], "uv_size": [1.5, 0.5]},
								"south": {"uv": [12, 11], "uv_size": [1.5, 0.5]},
								"west": {"uv": [12, 12], "uv_size": [1.5, 0.5]}
							}
						},
						{
							"origin": [-0.75, -0.31066, -0.5],
							"size": [1.5, 0.62132, 1.5],
							"uv": {
								"north": {"uv": [13, 0], "uv_size": [1.5, 0.5]},
								"east": {"uv": [13, 1], "uv_size": [1.5, 0.5]},
								"south": {"uv": [13, 2], "uv_size": [1.5, 0.5]},
								"west": {"uv": [13, 3], "uv_size": [1.5, 0.5]}
							}
						},
						{
							"origin": [-0.625, -2.00888, 0],
							"size": [1.25, 0.51777, 1],
							"uv": {
								"north": {"uv": [13, 10], "uv_size": [1.25, 0.5]},
								"east": {"uv": [15, 5], "uv_size": [1, 0.5]},
								"south": {"uv": [11, 13], "uv_size": [1.25, 0.5]},
								"west": {"uv": [15, 6], "uv_size": [1, 0.5]}
							}
						},
						{
							"origin": [-0.625, -2.00888, 0],
							"size": [1.25, 0.51777, 1],
							"pivot": [0, -1.75, -0.5],
							"rotation": [0, 0, 45],
							"uv": {
								"north": {"uv": [13, 13], "uv_size": [1.25, 0.5]},
								"east": {"uv": [15, 7], "uv_size": [1, 0.5]},
								"south": {"uv": [0, 14], "uv_size": [1.25, 0.5]},
								"west": {"uv": [15, 8], "uv_size": [1, 0.5]}
							}
						},
						{
							"origin": [-0.25888, -2.375, 0],
							"size": [0.51777, 1.25, 1],
							"pivot": [0, -1.75, -0.5],
							"rotation": [0, 0, 45],
							"uv": {
								"north": {"uv": [2, 14], "uv_size": [0.5, 1.25]},
								"south": {"uv": [3, 14], "uv_size": [0.5, 1.25]},
								"up": {"uv": [9, 15], "uv_size": [0.5, 1]},
								"down": {"uv": [15, 10], "uv_size": [0.5, -1]}
							}
						},
						{
							"origin": [-0.25888, -2.375, 0],
							"size": [0.51777, 1.25, 1],
							"uv": {
								"north": {"uv": [4, 14], "uv_size": [0.5, 1.25]},
								"south": {"uv": [6, 14], "uv_size": [0.5, 1.25]},
								"up": {"uv": [10, 15], "uv_size": [0.5, 1]},
								"down": {"uv": [15, 11], "uv_size": [0.5, -1]}
							}
						},
						{
							"origin": [-0.25888, -2.375, -5.75],
							"size": [0.51777, 1.25, 1],
							"pivot": [0, -1.75, -6.25],
							"rotation": [0, 0, 45],
							"uv": {
								"north": {"uv": [7, 14], "uv_size": [0.5, 1.25]},
								"south": {"uv": [8, 14], "uv_size": [0.5, 1.25]},
								"up": {"uv": [12, 15], "uv_size": [0.5, 1]},
								"down": {"uv": [13, 16], "uv_size": [0.5, -1]}
							}
						},
						{
							"origin": [-0.25888, -2.375, -5.75],
							"size": [0.51777, 1.25, 1],
							"uv": {
								"north": {"uv": [14, 8], "uv_size": [0.5, 1.25]},
								"south": {"uv": [11, 14], "uv_size": [0.5, 1.25]},
								"up": {"uv": [15, 13], "uv_size": [0.5, 1]},
								"down": {"uv": [15, 15], "uv_size": [0.5, -1]}
							}
						},
						{
							"origin": [-0.625, -2.00888, -5.75],
							"size": [1.25, 0.51777, 1],
							"pivot": [0, -1.75, -6.25],
							"rotation": [0, 0, 45],
							"uv": {
								"north": {"uv": [14, 4], "uv_size": [1.25, 0.5]},
								"east": {"uv": [15, 15], "uv_size": [1, 0.5]},
								"south": {"uv": [14, 11], "uv_size": [1.25, 0.5]},
								"west": {"uv": [2, 16], "uv_size": [1, 0.5]}
							}
						},
						{
							"origin": [-0.625, -2.00888, -5.75],
							"size": [1.25, 0.51777, 1],
							"uv": {
								"north": {"uv": [12, 14], "uv_size": [1.25, 0.5]},
								"east": {"uv": [3, 16], "uv_size": [1, 0.5]},
								"south": {"uv": [14, 12], "uv_size": [1.25, 0.5]},
								"west": {"uv": [4, 16], "uv_size": [1, 0.5]}
							}
						},
						{
							"origin": [-0.25888, -0.625, -5.75],
							"size": [0.51777, 1.25, 1],
							"pivot": [0, 0, -6.25],
							"rotation": [0, 0, 45],
							"uv": {
								"north": {"uv": [14, 14], "uv_size": [0.5, 1.25]},
								"south": {"uv": [0, 15], "uv_size": [0.5, 1.25]},
								"up": {"uv": [16, 4], "uv_size": [0.5, 1]},
								"down": {"uv": [16, 6], "uv_size": [0.5, -1]}
							}
						},
						{
							"origin": [-0.625, -0.25888, -5.75],
							"size": [1.25, 0.51777, 1],
							"uv": {
								"north": {"uv": [15, 0], "uv_size": [1.25, 0.5]},
								"east": {"uv": [6, 16], "uv_size": [1, 0.5]},
								"south": {"uv": [15, 1], "uv_size": [1.25, 0.5]},
								"west": {"uv": [16, 6], "uv_size": [1, 0.5]}
							}
						},
						{
							"origin": [-0.625, -0.25888, -5.75],
							"size": [1.25, 0.51777, 1],
							"pivot": [0, 0, -6.25],
							"rotation": [0, 0, 45],
							"uv": {
								"north": {"uv": [15, 2], "uv_size": [1.25, 0.5]},
								"east": {"uv": [7, 16], "uv_size": [1, 0.5]},
								"south": {"uv": [15, 3], "uv_size": [1.25, 0.5]},
								"west": {"uv": [16, 7], "uv_size": [1, 0.5]}
							}
						},
						{
							"origin": [-0.25888, -0.625, -5.75],
							"size": [0.51777, 1.25, 1],
							"uv": {
								"north": {"uv": [1, 15], "uv_size": [0.5, 1.25]},
								"south": {"uv": [5, 15], "uv_size": [0.5, 1.25]},
								"up": {"uv": [8, 16], "uv_size": [0.5, 1]},
								"down": {"uv": [16, 9], "uv_size": [0.5, -1]}
							}
						},
						{
							"origin": [-0.25888, -0.625, -10.25],
							"size": [0.51777, 0.125, 2],
							"pivot": [0, 0, -9.75],
							"rotation": [0, 0, 45],
							"uv": {
								"north": {"uv": [10, 17], "uv_size": [0.5, 0.25]},
								"south": {"uv": [17, 10], "uv_size": [0.5, 0.25]},
								"up": {"uv": [8, 8], "uv_size": [0.5, 2]},
								"down": {"uv": [9, 10], "uv_size": [0.5, -2]}
							}
						},
						{
							"origin": [-0.25888, -0.625, -10.25],
							"size": [0.51777, 0.125, 2],
							"uv": {
								"north": {"uv": [11, 17], "uv_size": [0.5, 0.25]},
								"south": {"uv": [17, 11], "uv_size": [0.5, 0.25]},
								"up": {"uv": [8, 10], "uv_size": [0.5, 2]},
								"down": {"uv": [10, 10], "uv_size": [0.5, -2]}
							}
						},
						{
							"origin": [-0.25888, 0.5, -10.25],
							"size": [0.51777, 0.125, 2],
							"uv": {
								"north": {"uv": [12, 17], "uv_size": [0.5, 0.25]},
								"south": {"uv": [17, 12], "uv_size": [0.5, 0.25]},
								"up": {"uv": [9, 10], "uv_size": [0.5, 2]},
								"down": {"uv": [10, 12], "uv_size": [0.5, -2]}
							}
						},
						{
							"origin": [-0.25, 0.625, -5.75],
							"size": [0.5, 0.5, 1],
							"uv": {
								"north": {"uv": [4, 17], "uv_size": [0.5, 0.5]},
								"east": {"uv": [9, 16], "uv_size": [1, 0.5]},
								"south": {"uv": [17, 4], "uv_size": [0.5, 0.5]},
								"west": {"uv": [16, 9], "uv_size": [1, 0.5]}
							}
						},
						{
							"origin": [-0.25, 1.125, -5.75],
							"size": [0.5, 0.5, 0.5],
							"uv": {
								"north": {"uv": [5, 17], "uv_size": [0.5, 0.5]},
								"east": {"uv": [17, 5], "uv_size": [0.5, 0.5]},
								"west": {"uv": [6, 17], "uv_size": [0.5, 0.5]},
								"up": {"uv": [17, 6], "uv_size": [0.5, 0.5]}
							}
						},
						{
							"origin": [-0.1875, 1.625, -5.625],
							"size": [0.375, 0.75, 0.25],
							"uv": {
								"north": {"uv": [17, 1], "uv_size": [0.5, 0.75]},
								"east": {"uv": [8, 17], "uv_size": [0.25, 0.75]},
								"south": {"uv": [2, 17], "uv_size": [0.5, 0.75]},
								"west": {"uv": [17, 8], "uv_size": [0.25, 0.75]}
							}
						},
						{
							"origin": [-0.249, 1.02145, -5.5],
							"size": [0.498, 0.5, 0.70711],
							"pivot": [-0.001, 1.27145, -5.25],
							"rotation": [-45, 0, 0],
							"uv": {
								"east": {"uv": [17, 2], "uv_size": [0.75, 0.5]},
								"west": {"uv": [3, 17], "uv_size": [0.75, 0.5]},
								"up": {"uv": [17, 3], "uv_size": [0.5, 0.75]}
							}
						},
						{
							"origin": [-0.625, -0.25888, -10.25],
							"size": [0.125, 0.51777, 2],
							"pivot": [0, 0, -9.75],
							"rotation": [0, 0, 45],
							"uv": {
								"north": {"uv": [13, 17], "uv_size": [0.25, 0.5]},
								"east": {"uv": [11, 0], "uv_size": [2, 0.5]},
								"south": {"uv": [17, 13], "uv_size": [0.25, 0.5]},
								"west": {"uv": [11, 1], "uv_size": [2, 0.5]}
							}
						},
						{
							"origin": [-0.20711, -0.5, -8.25],
							"size": [0.41421, 1, 4],
							"pivot": [0, 0, -5.75],
							"rotation": [0, 0, 45],
							"uv": {
								"north": {"uv": [10, 16], "uv_size": [0.5, 1]},
								"south": {"uv": [16, 10], "uv_size": [0.5, 1]},
								"up": {"uv": [0, 8], "uv_size": [0.5, 4]},
								"down": {"uv": [1, 12], "uv_size": [0.5, -4]}
							}
						},
						{
							"origin": [-0.20711, -0.5, -8.25],
							"size": [0.41421, 1, 4],
							"uv": {
								"north": {"uv": [11, 16], "uv_size": [0.5, 1]},
								"south": {"uv": [16, 11], "uv_size": [0.5, 1]},
								"up": {"uv": [2, 8], "uv_size": [0.5, 4]},
								"down": {"uv": [3, 12], "uv_size": [0.5, -4]}
							}
						},
						{
							"origin": [-0.5, -0.20711, -8.25],
							"size": [1, 0.41421, 4],
							"pivot": [0, 0, -5.75],
							"rotation": [0, 0, 45],
							"uv": {
								"north": {"uv": [12, 16], "uv_size": [1, 0.5]},
								"east": {"uv": [8, 4], "uv_size": [4, 0.5]},
								"south": {"uv": [16, 12], "uv_size": [1, 0.5]},
								"west": {"uv": [8, 5], "uv_size": [4, 0.5]}
							}
						},
						{
							"origin": [-0.5, -0.20711, -8.25],
							"size": [1, 0.41421, 4],
							"uv": {
								"north": {"uv": [13, 16], "uv_size": [1, 0.5]},
								"east": {"uv": [8, 6], "uv_size": [4, 0.5]},
								"south": {"uv": [16, 13], "uv_size": [1, 0.5]},
								"west": {"uv": [8, 7], "uv_size": [4, 0.5]}
							}
						},
						{
							"origin": [-0.20711, -2.25, -6.75],
							"size": [0.41421, 1, 6.75],
							"pivot": [0, -1.75, -1.5],
							"rotation": [0, 0, 45],
							"uv": {
								"north": {"uv": [14, 16], "uv_size": [0.5, 1]},
								"south": {"uv": [16, 14], "uv_size": [0.5, 1]},
								"up": {"uv": [0, 0], "uv_size": [0.5, 6.75]},
								"down": {"uv": [1, 6.75], "uv_size": [0.5, -6.75]}
							}
						},
						{
							"origin": [-0.20711, -2.25, -6.75],
							"size": [0.41421, 1, 6.75],
							"uv": {
								"north": {"uv": [15, 16], "uv_size": [0.5, 1]},
								"south": {"uv": [16, 15], "uv_size": [0.5, 1]},
								"up": {"uv": [2, 0], "uv_size": [0.5, 6.75]},
								"down": {"uv": [3, 6.75], "uv_size": [0.5, -6.75]}
							}
						},
						{
							"origin": [-0.125, -1.25, -5.75],
							"size": [0.25, 0.75, 1],
							"uv": {
								"north": {"uv": [9, 17], "uv_size": [0.25, 0.75]},
								"east": {"uv": [4, 13], "uv_size": [1, 0.75]},
								"south": {"uv": [17, 9], "uv_size": [0.25, 0.75]},
								"west": {"uv": [13, 4], "uv_size": [1, 0.75]},
								"up": {"uv": [7, 17], "uv_size": [0.25, 1]},
								"down": {"uv": [17, 8], "uv_size": [0.25, -1]}
							}
						},
						{
							"origin": [-0.5, -1.95711, -6.75],
							"size": [1, 0.41421, 6.75],
							"pivot": [0, -1.75, -1.5],
							"rotation": [0, 0, 45],
							"uv": {
								"north": {"uv": [16, 16], "uv_size": [1, 0.5]},
								"east": {"uv": [4, 0], "uv_size": [6.75, 0.5]},
								"south": {"uv": [0, 17], "uv_size": [1, 0.5]},
								"west": {"uv": [4, 1], "uv_size": [6.75, 0.5]}
							}
						},
						{
							"origin": [-0.5, -1.95711, -6.75],
							"size": [1, 0.41421, 6.75],
							"uv": {
								"north": {"uv": [17, 0], "uv_size": [1, 0.5]},
								"east": {"uv": [4, 2], "uv_size": [6.75, 0.5]},
								"south": {"uv": [1, 17], "uv_size": [1, 0.5]},
								"west": {"uv": [4, 3], "uv_size": [6.75, 0.5]}
							}
						},
						{
							"origin": [-0.625, -0.25888, -10.25],
							"size": [0.125, 0.51777, 2],
							"uv": {
								"north": {"uv": [14, 17], "uv_size": [0.25, 0.5]},
								"east": {"uv": [11, 2], "uv_size": [2, 0.5]},
								"south": {"uv": [17, 14], "uv_size": [0.25, 0.5]},
								"west": {"uv": [11, 3], "uv_size": [2, 0.5]}
							}
						},
						{
							"origin": [-0.20711, 2.3125, -5.625],
							"size": [0.41421, 0.125, 0.25],
							"pivot": [0, 2.8125, -4.125],
							"rotation": [0, 0, 45],
							"uv": {
								"north": {"uv": [15, 17], "uv_size": [0.5, 0.25]},
								"south": {"uv": [17, 15], "uv_size": [0.5, 0.25]},
								"up": {"uv": [16, 17], "uv_size": [0.5, 0.25]},
								"down": {"uv": [17, 16.25], "uv_size": [0.5, -0.25]}
							}
						},
						{
							"origin": [0.10225, 3.05936, -5.625],
							"size": [0.41421, 0.125, 0.25],
							"pivot": [0.30936, 3.12186, -5.5],
							"rotation": [0, 0, 45],
							"uv": {
								"north": {"uv": [17, 17], "uv_size": [0.5, 0.25]},
								"south": {"uv": [0, 18], "uv_size": [0.5, 0.25]},
								"up": {"uv": [18, 0], "uv_size": [0.5, 0.25]},
								"down": {"uv": [1, 18.25], "uv_size": [0.5, -0.25]}
							}
						},
						{
							"origin": [-0.51647, 3.05936, -5.625],
							"size": [0.41421, 0.125, 0.25],
							"pivot": [-0.30936, 3.12186, -5.5],
							"rotation": [0, 0, -45],
							"uv": {
								"north": {"uv": [18, 1], "uv_size": [0.5, 0.25]},
								"south": {"uv": [2, 18], "uv_size": [0.5, 0.25]},
								"up": {"uv": [18, 2], "uv_size": [0.5, 0.25]},
								"down": {"uv": [3, 18.25], "uv_size": [0.5, -0.25]}
							}
						},
						{
							"origin": [-0.20711, 2.3125, -5.625],
							"size": [0.41421, 0.125, 0.25],
							"uv": {
								"north": {"uv": [18, 3], "uv_size": [0.5, 0.25]},
								"south": {"uv": [4, 18], "uv_size": [0.5, 0.25]},
								"up": {"uv": [18, 4], "uv_size": [0.5, 0.25]},
								"down": {"uv": [5, 18.25], "uv_size": [0.5, -0.25]}
							}
						},
						{
							"origin": [-0.20711, 3.1875, -5.625],
							"size": [0.41421, 0.125, 0.25],
							"uv": {
								"north": {"uv": [18, 5], "uv_size": [0.5, 0.25]},
								"south": {"uv": [6, 18], "uv_size": [0.5, 0.25]},
								"up": {"uv": [18, 6], "uv_size": [0.5, 0.25]},
								"down": {"uv": [7, 18.25], "uv_size": [0.5, -0.25]}
							}
						},
						{
							"origin": [0.375, 2.60539, -5.625],
							"size": [0.125, 0.41421, 0.25],
							"pivot": [0, 2.8125, -4.125],
							"rotation": [0, 0, 45],
							"uv": {
								"north": {"uv": [18, 7], "uv_size": [0.25, 0.5]},
								"east": {"uv": [8, 18], "uv_size": [0.25, 0.5]},
								"south": {"uv": [18, 8], "uv_size": [0.25, 0.5]},
								"west": {"uv": [9, 18], "uv_size": [0.25, 0.5]}
							}
						},
						{
							"origin": [-0.5, 2.60539, -5.625],
							"size": [0.125, 0.41421, 0.25],
							"uv": {
								"north": {"uv": [18, 9], "uv_size": [0.25, 0.5]},
								"east": {"uv": [10, 18], "uv_size": [0.25, 0.5]},
								"south": {"uv": [18, 10], "uv_size": [0.25, 0.5]},
								"west": {"uv": [11, 18], "uv_size": [0.25, 0.5]}
							}
						},
						{
							"origin": [0.375, 2.60539, -5.625],
							"size": [0.125, 0.41421, 0.25],
							"uv": {
								"north": {"uv": [18, 11], "uv_size": [0.25, 0.5]},
								"east": {"uv": [12, 18], "uv_size": [0.25, 0.5]},
								"south": {"uv": [18, 12], "uv_size": [0.25, 0.5]},
								"west": {"uv": [13, 18], "uv_size": [0.25, 0.5]}
							}
						},
						{
							"origin": [-0.25888, -0.625, -10.25],
							"size": [0.51777, 0.125, 2],
							"pivot": [0, 0, -9.75],
							"rotation": [0, 0, -45],
							"uv": {
								"north": {"uv": [18, 13], "uv_size": [0.5, 0.25]},
								"south": {"uv": [14, 18], "uv_size": [0.5, 0.25]},
								"up": {"uv": [4, 11], "uv_size": [0.5, 2]},
								"down": {"uv": [5, 13], "uv_size": [0.5, -2]}
							}
						},
						{
							"origin": [0.5, -0.25888, -10.25],
							"size": [0.125, 0.51777, 2],
							"uv": {
								"north": {"uv": [18, 14], "uv_size": [0.25, 0.5]},
								"east": {"uv": [6, 11], "uv_size": [2, 0.5]},
								"south": {"uv": [15, 18], "uv_size": [0.25, 0.5]},
								"west": {"uv": [11, 8], "uv_size": [2, 0.5]}
							}
						},
						{
							"origin": [0.5, -0.25888, -10.25],
							"size": [0.125, 0.51777, 2],
							"pivot": [0, 0, -9.75],
							"rotation": [0, 0, -45],
							"uv": {
								"north": {"uv": [18, 15], "uv_size": [0.25, 0.5]},
								"east": {"uv": [11, 9], "uv_size": [2, 0.5]},
								"south": {"uv": [16, 18], "uv_size": [0.25, 0.5]},
								"west": {"uv": [11, 10], "uv_size": [2, 0.5]}
							}
						}
					]
				}
			]
		}
	]
}