{
	"format_version": "1.12.0",
	"minecraft:geometry": [
		{
			"description": {
				"identifier": "geometry.unknown",
				"texture_width": 16,
				"texture_height": 16,
				"visible_bounds_width": 6,
				"visible_bounds_height": 3,
				"visible_bounds_offset": [0, -0.5, 0]
			},
			"bones": [
				{
					"name": "scope_body",
					"pivot": [0, 0, 0],
					"cubes": [
						{
							"origin": [0.625, 2.06434, -4.75],
							"size": [0.125, 0.62132, 4.75],
							"uv": {
								"north": {"uv": [8, 13], "uv_size": [0.25, 0.5]},
								"east": {"uv": [2, 0], "uv_size": [4.75, 0.5]},
								"south": {"uv": [13, 8], "uv_size": [0.25, 0.5]},
								"west": {"uv": [2, 1], "uv_size": [4.75, 0.5]}
							}
						},
						{
							"origin": [0.625, 2.06434, -4.75],
							"size": [0.125, 0.62132, 4.75],
							"pivot": [0, 2.375, -1.25],
							"rotation": [0, 0, 45],
							"uv": {
								"north": {"uv": [9, 13], "uv_size": [0.25, 0.5]},
								"east": {"uv": [2, 2], "uv_size": [4.75, 0.5]},
								"south": {"uv": [13, 9], "uv_size": [0.25, 0.5]},
								"west": {"uv": [2, 3], "uv_size": [4.75, 0.5]}
							}
						},
						{
							"origin": [-0.31066, 3, -4.75],
							"size": [0.62132, 0.125, 4.75],
							"uv": {
								"north": {"uv": [10, 13], "uv_size": [0.5, 0.25]},
								"south": {"uv": [13, 10], "uv_size": [0.5, 0.25]},
								"up": {"uv": [0, 4], "uv_size": [0.5, 4.75]},
								"down": {"uv": [1, 8.75], "uv_size": [0.5, -4.75]}
							}
						},
						{
							"origin": [-0.125, 3.125, -2],
							"size": [0.25, 0.25, 0.25],
							"pivot": [0, 3.1875, -1.875],
							"rotation": [0, 45, 0],
							"uv": {
								"north": {"uv": [8, 15], "uv_size": [0.25, 0.25]},
								"east": {"uv": [15, 8], "uv_size": [0.25, 0.25]},
								"south": {"uv": [9, 15], "uv_size": [0.25, 0.25]},
								"west": {"uv": [15, 9], "uv_size": [0.25, 0.25]}
							}
						},
						{
							"origin": [-0.25, 3.375, -2.125],
							"size": [0.5, 0.125, 0.5],
							"pivot": [0, 3.3125, -1.875],
							"rotation": [0, 45, 0],
							"uv": {
								"north": {"uv": [11, 13], "uv_size": [0.5, 0.25]},
								"east": {"uv": [13, 11], "uv_size": [0.5, 0.25]},
								"south": {"uv": [12, 13], "uv_size": [0.5, 0.25]},
								"west": {"uv": [13, 12], "uv_size": [0.5, 0.25]},
								"up": {"uv": [9, 11], "uv_size": [0.5, 0.5]},
								"down": {"uv": [11, 9.5], "uv_size": [0.5, -0.5]}
							}
						},
						{
							"origin": [-0.31066, 3, -4.75],
							"size": [0.62132, 0.125, 4.75],
							"pivot": [0, 2.375, -1.25],
							"rotation": [0, 0, 45],
							"uv": {
								"north": {"uv": [13, 13], "uv_size": [0.5, 0.25]},
								"south": {"uv": [0, 14], "uv_size": [0.5, 0.25]},
								"up": {"uv": [2, 4], "uv_size": [0.5, 4.75]},
								"down": {"uv": [3, 8.75], "uv_size": [0.5, -4.75]}
							}
						},
						{
							"origin": [-0.31066, 1.625, -4.75],
							"size": [0.62132, 0.125, 4.75],
							"uv": {
								"north": {"uv": [14, 0], "uv_size": [0.5, 0.25]},
								"south": {"uv": [1, 14], "uv_size": [0.5, 0.25]},
								"up": {"uv": [4, 4], "uv_size": [0.5, 4.75]},
								"down": {"uv": [5, 8.75], "uv_size": [0.5, -4.75]}
							}
						},
						{
							"origin": [-0.75, 2.06434, -4.75],
							"size": [0.125, 0.62132, 4.75],
							"pivot": [0, 2.375, -1.25],
							"rotation": [0, 0, 45],
							"uv": {
								"north": {"uv": [14, 1], "uv_size": [0.25, 0.5]},
								"east": {"uv": [6, 4], "uv_size": [4.75, 0.5]},
								"south": {"uv": [2, 14], "uv_size": [0.25, 0.5]},
								"west": {"uv": [6, 5], "uv_size": [4.75, 0.5]}
							}
						},
						{
							"origin": [-0.75, 2.06434, -4.75],
							"size": [0.125, 0.62132, 4.75],
							"uv": {
								"north": {"uv": [14, 2], "uv_size": [0.25, 0.5]},
								"east": {"uv": [6, 6], "uv_size": [4.75, 0.5]},
								"south": {"uv": [3, 14], "uv_size": [0.25, 0.5]},
								"west": {"uv": [7, 0], "uv_size": [4.75, 0.5]}
							}
						},
						{
							"origin": [-0.31066, 1.625, -4.75],
							"size": [0.62132, 0.125, 4.75],
							"pivot": [0, 2.375, -1.25],
							"rotation": [0, 0, 45],
							"uv": {
								"north": {"uv": [14, 3], "uv_size": [0.5, 0.25]},
								"south": {"uv": [4, 14], "uv_size": [0.5, 0.25]},
								"up": {"uv": [6, 7], "uv_size": [0.5, 4.75]},
								"down": {"uv": [7, 11.75], "uv_size": [0.5, -4.75]}
							}
						},
						{
							"origin": [-0.34173, 3.0625, -3.25],
							"size": [0.68345, 0.1375, 0.75],
							"pivot": [0, 2.375, -2.375],
							"rotation": [0, 0, 45],
							"uv": {
								"north": {"uv": [12, 3], "uv_size": [0.75, 0.25]},
								"south": {"uv": [4, 12], "uv_size": [0.75, 0.25]},
								"up": {"uv": [0, 10], "uv_size": [0.75, 0.75]}
							}
						},
						{
							"origin": [-0.34173, 3.0625, -3.25],
							"size": [0.68345, 0.1375, 0.75],
							"uv": {
								"north": {"uv": [12, 4], "uv_size": [0.75, 0.25]},
								"south": {"uv": [5, 12], "uv_size": [0.75, 0.25]},
								"up": {"uv": [1, 10], "uv_size": [0.75, 0.75]}
							}
						},
						{
							"origin": [0.6875, 2.03327, -3.25],
							"size": [0.1375, 0.68345, 0.75],
							"pivot": [0, 2.375, -2.375],
							"rotation": [0, 0, 45],
							"uv": {
								"north": {"uv": [12, 5], "uv_size": [0.25, 0.75]},
								"south": {"uv": [6, 12], "uv_size": [0.25, 0.75]},
								"west": {"uv": [2, 10], "uv_size": [0.75, 0.75]}
							}
						},
						{
							"origin": [0.6875, 2.03327, -3.25],
							"size": [0.1375, 0.68345, 0.75],
							"uv": {
								"north": {"uv": [12, 6], "uv_size": [0.25, 0.75]},
								"south": {"uv": [7, 12], "uv_size": [0.25, 0.75]},
								"west": {"uv": [3, 10], "uv_size": [0.75, 0.75]}
							}
						},
						{
							"origin": [-0.34173, 1.55, -3.25],
							"size": [0.68345, 0.1375, 0.75],
							"pivot": [0, 2.375, -2.375],
							"rotation": [0, 0, 45],
							"uv": {
								"north": {"uv": [12, 7], "uv_size": [0.75, 0.25]},
								"south": {"uv": [8, 12], "uv_size": [0.75, 0.25]},
								"down": {"uv": [10, 7.75], "uv_size": [0.75, -0.75]}
							}
						},
						{
							"origin": [-0.825, 2.03327, -3.25],
							"size": [0.1375, 0.68345, 0.75],
							"uv": {
								"north": {"uv": [12, 8], "uv_size": [0.25, 0.75]},
								"east": {"uv": [8, 10], "uv_size": [0.75, 0.75]},
								"south": {"uv": [9, 12], "uv_size": [0.25, 0.75]}
							}
						},
						{
							"origin": [-0.825, 2.03327, -3.25],
							"size": [0.1375, 0.68345, 0.75],
							"pivot": [0, 2.375, -2.375],
							"rotation": [0, 0, 45],
							"uv": {
								"north": {"uv": [12, 9], "uv_size": [0.25, 0.75]},
								"east": {"uv": [10, 8], "uv_size": [0.75, 0.75]},
								"south": {"uv": [10, 12], "uv_size": [0.25, 0.75]}
							}
						},
						{
							"origin": [-0.34173, 1.55, -3.25],
							"size": [0.68345, 0.1375, 0.75],
							"uv": {
								"north": {"uv": [12, 10], "uv_size": [0.75, 0.25]},
								"south": {"uv": [11, 12], "uv_size": [0.75, 0.25]},
								"down": {"uv": [9, 10.75], "uv_size": [0.75, -0.75]}
							}
						},
						{
							"origin": [-0.34173, 3.0625, -4],
							"size": [0.68345, 0.1375, 0.5],
							"pivot": [0, 2.375, -3.375],
							"rotation": [0, 0, 45],
							"uv": {
								"north": {"uv": [12, 11], "uv_size": [0.75, 0.25]},
								"south": {"uv": [12, 12], "uv_size": [0.75, 0.25]},
								"up": {"uv": [4, 11], "uv_size": [0.75, 0.5]}
							}
						},
						{
							"origin": [-0.34173, 3.0625, -4],
							"size": [0.68345, 0.1375, 0.5],
							"uv": {
								"north": {"uv": [0, 13], "uv_size": [0.75, 0.25]},
								"south": {"uv": [13, 0], "uv_size": [0.75, 0.25]},
								"up": {"uv": [11, 4], "uv_size": [0.75, 0.5]}
							}
						},
						{
							"origin": [0.6875, 2.03327, -4],
							"size": [0.1375, 0.68345, 0.5],
							"pivot": [0, 2.375, -3.375],
							"rotation": [0, 0, 45],
							"uv": {
								"north": {"uv": [1, 13], "uv_size": [0.25, 0.75]},
								"south": {"uv": [13, 1], "uv_size": [0.25, 0.75]},
								"west": {"uv": [5, 11], "uv_size": [0.5, 0.75]}
							}
						},
						{
							"origin": [0.6875, 2.03327, -4],
							"size": [0.1375, 0.68345, 0.5],
							"uv": {
								"north": {"uv": [2, 13], "uv_size": [0.25, 0.75]},
								"south": {"uv": [13, 2], "uv_size": [0.25, 0.75]},
								"west": {"uv": [11, 5], "uv_size": [0.5, 0.75]}
							}
						},
						{
							"origin": [-0.34173, 1.55, -4],
							"size": [0.68345, 0.1375, 0.5],
							"pivot": [0, 2.375, -3.375],
							"rotation": [0, 0, 45],
							"uv": {
								"north": {"uv": [3, 13], "uv_size": [0.75, 0.25]},
								"south": {"uv": [13, 3], "uv_size": [0.75, 0.25]},
								"down": {"uv": [11, 6.5], "uv_size": [0.75, -0.5]}
							}
						},
						{
							"origin": [-0.825, 2.03327, -4],
							"size": [0.1375, 0.68345, 0.5],
							"uv": {
								"north": {"uv": [4, 13], "uv_size": [0.25, 0.75]},
								"east": {"uv": [11, 7], "uv_size": [0.5, 0.75]},
								"south": {"uv": [13, 4], "uv_size": [0.25, 0.75]}
							}
						},
						{
							"origin": [-0.825, 2.03327, -4],
							"size": [0.1375, 0.68345, 0.5],
							"pivot": [0, 2.375, -3.375],
							"rotation": [0, 0, 45],
							"uv": {
								"north": {"uv": [5, 13], "uv_size": [0.25, 0.75]},
								"east": {"uv": [8, 11], "uv_size": [0.5, 0.75]},
								"south": {"uv": [13, 5], "uv_size": [0.25, 0.75]}
							}
						},
						{
							"origin": [-0.34173, 1.55, -4],
							"size": [0.68345, 0.1375, 0.5],
							"uv": {
								"north": {"uv": [6, 13], "uv_size": [0.75, 0.25]},
								"south": {"uv": [13, 6], "uv_size": [0.75, 0.25]},
								"down": {"uv": [11, 8.5], "uv_size": [0.75, -0.5]}
							}
						},
						{
							"origin": [-0.625, -0.375, -2],
							"size": [1.25, 1, 2],
							"uv": {
								"north": {"uv": [7, 3], "uv_size": [1.25, 1]},
								"east": {"uv": [7, 1], "uv_size": [2, 1]},
								"south": {"uv": [8, 7], "uv_size": [1.25, 1]},
								"west": {"uv": [7, 2], "uv_size": [2, 1]},
								"up": {"uv": [0, 0], "uv_size": [1.25, 2]},
								"down": {"uv": [0, 4], "uv_size": [1.25, -2]}
							}
						},
						{
							"origin": [-0.25, 0.625, -0.5],
							"size": [0.5, 1, 0.5],
							"uv": {
								"north": {"uv": [10, 9], "uv_size": [0.5, 1]},
								"east": {"uv": [10, 10], "uv_size": [0.5, 1]},
								"south": {"uv": [0, 11], "uv_size": [0.5, 1]},
								"west": {"uv": [1, 11], "uv_size": [0.5, 1]},
								"up": {"uv": [10, 11], "uv_size": [0.5, 0.5]},
								"down": {"uv": [11, 10.5], "uv_size": [0.5, -0.5]}
							}
						},
						{
							"origin": [-0.25, 0.625, -1.5],
							"size": [0.5, 0.25, 1],
							"uv": {
								"east": {"uv": [11, 11], "uv_size": [1, 0.25]},
								"west": {"uv": [0, 12], "uv_size": [1, 0.25]},
								"up": {"uv": [11, 1], "uv_size": [0.5, 1]}
							}
						},
						{
							"origin": [-0.249, 0.55806, -1.73483],
							"size": [0.498, 0.25, 0.5],
							"pivot": [-0.001, 0.68306, -1.23483],
							"rotation": [-45, 0, 0],
							"uv": {
								"east": {"uv": [14, 4], "uv_size": [0.5, 0.25]},
								"west": {"uv": [5, 14], "uv_size": [0.5, 0.25]},
								"up": {"uv": [12, 0], "uv_size": [0.5, 0.5]}
							}
						},
						{
							"origin": [-0.249, 0.55806, -0.76517],
							"size": [0.498, 0.25, 0.5],
							"pivot": [-0.001, 0.68306, -0.76517],
							"rotation": [45, 0, 0],
							"uv": {
								"east": {"uv": [14, 5], "uv_size": [0.5, 0.25]},
								"west": {"uv": [6, 14], "uv_size": [0.5, 0.25]},
								"up": {"uv": [1, 12], "uv_size": [0.5, 0.5]}
							}
						},
						{
							"origin": [-0.25, 0.625, -2],
							"size": [0.5, 1, 0.5],
							"uv": {
								"north": {"uv": [2, 11], "uv_size": [0.5, 1]},
								"east": {"uv": [11, 2], "uv_size": [0.5, 1]},
								"south": {"uv": [3, 11], "uv_size": [0.5, 1]},
								"west": {"uv": [11, 3], "uv_size": [0.5, 1]},
								"up": {"uv": [12, 1], "uv_size": [0.5, 0.5]},
								"down": {"uv": [2, 12.5], "uv_size": [0.5, -0.5]}
							}
						},
						{
							"origin": [-0.6875, -0.125, -1.25],
							"size": [1.375, 0.5, 0.5],
							"pivot": [0, 0.125, -1],
							"rotation": [-45, 0, 0],
							"uv": {
								"north": {"uv": [0, 9], "uv_size": [1.5, 0.5]},
								"east": {"uv": [12, 2], "uv_size": [0.5, 0.5]},
								"south": {"uv": [9, 1], "uv_size": [1.5, 0.5]},
								"west": {"uv": [3, 12], "uv_size": [0.5, 0.5]},
								"up": {"uv": [2, 9], "uv_size": [1.5, 0.5]},
								"down": {"uv": [9, 2.5], "uv_size": [1.5, -0.5]}
							}
						},
						{
							"origin": [-0.625, 2, -4.5],
							"size": [1.25, 0.75, 0],
							"uv": {
								"north": {"uv": [8, 8], "uv_size": [1.25, 0.75]}
							}
						},
						{
							"origin": [-0.375, 2.75, -4.5],
							"size": [0.75, 0.25, 0],
							"uv": {
								"north": {"uv": [7, 13], "uv_size": [0.75, 0.25]}
							}
						},
						{
							"origin": [-0.125, 1.75, -4.498],
							"size": [0.25, 0.25, 0],
							"pivot": [0, 2.375, -4.5],
							"rotation": [0, 0, -45],
							"uv": {
								"north": {"uv": [10, 15], "uv_size": [0.25, 0.25]}
							}
						},
						{
							"origin": [-0.125, 1.75, -4.498],
							"size": [0.25, 0.25, 0],
							"pivot": [0, 2.375, -4.5],
							"rotation": [0, 0, 45],
							"uv": {
								"north": {"uv": [15, 10], "uv_size": [0.25, 0.25]}
							}
						},
						{
							"origin": [-0.125, 2.75, -4.498],
							"size": [0.25, 0.25, 0],
							"pivot": [0, 2.375, -4.5],
							"rotation": [0, 0, -45],
							"uv": {
								"north": {"uv": [11, 15], "uv_size": [0.25, 0.25]}
							}
						},
						{
							"origin": [-0.125, 2.75, -4.498],
							"size": [0.25, 0.25, 0],
							"pivot": [0, 2.375, -4.5],
							"rotation": [0, 0, 45],
							"uv": {
								"north": {"uv": [15, 11], "uv_size": [0.25, 0.25]}
							}
						},
						{
							"origin": [-0.375, 1.75, -4.5],
							"size": [0.75, 0.25, 0],
							"uv": {
								"north": {"uv": [13, 7], "uv_size": [0.75, 0.25]}
							}
						}
					]
				},
				{
					"name": "ocular_ring",
					"pivot": [0, 2.375, 0.125],
					"cubes": [
						{
							"origin": [-0.31066, 3, 0],
							"size": [0.62132, 0.125, 0.25],
							"pivot": [0, 2.375, -1],
							"rotation": [0, 0, 45],
							"uv": {
								"north": {"uv": [14, 6], "uv_size": [0.5, 0.25]},
								"south": {"uv": [7, 14], "uv_size": [0.5, 0.25]},
								"up": {"uv": [14, 7], "uv_size": [0.5, 0.25]},
								"down": {"uv": [8, 14.25], "uv_size": [0.5, -0.25]}
							}
						},
						{
							"origin": [-0.31066, 3, 0],
							"size": [0.62132, 0.125, 0.25],
							"uv": {
								"north": {"uv": [14, 8], "uv_size": [0.5, 0.25]},
								"south": {"uv": [9, 14], "uv_size": [0.5, 0.25]},
								"up": {"uv": [14, 9], "uv_size": [0.5, 0.25]},
								"down": {"uv": [10, 14.25], "uv_size": [0.5, -0.25]}
							}
						},
						{
							"origin": [0.625, 2.06434, 0],
							"size": [0.125, 0.62132, 0.25],
							"pivot": [0, 2.375, -1],
							"rotation": [0, 0, 45],
							"uv": {
								"north": {"uv": [14, 10], "uv_size": [0.25, 0.5]},
								"east": {"uv": [11, 14], "uv_size": [0.25, 0.5]},
								"south": {"uv": [14, 11], "uv_size": [0.25, 0.5]},
								"west": {"uv": [12, 14], "uv_size": [0.25, 0.5]}
							}
						},
						{
							"origin": [0.625, 2.06434, 0],
							"size": [0.125, 0.62132, 0.25],
							"uv": {
								"north": {"uv": [14, 12], "uv_size": [0.25, 0.5]},
								"east": {"uv": [13, 14], "uv_size": [0.25, 0.5]},
								"south": {"uv": [14, 13], "uv_size": [0.25, 0.5]},
								"west": {"uv": [14, 14], "uv_size": [0.25, 0.5]}
							}
						},
						{
							"origin": [-0.31066, 1.625, 0],
							"size": [0.62132, 0.125, 0.25],
							"pivot": [0, 2.375, -1],
							"rotation": [0, 0, 45],
							"uv": {
								"north": {"uv": [0, 15], "uv_size": [0.5, 0.25]},
								"south": {"uv": [15, 0], "uv_size": [0.5, 0.25]},
								"up": {"uv": [1, 15], "uv_size": [0.5, 0.25]},
								"down": {"uv": [15, 1.25], "uv_size": [0.5, -0.25]}
							}
						},
						{
							"origin": [-0.75, 2.06434, 0],
							"size": [0.125, 0.62132, 0.25],
							"uv": {
								"north": {"uv": [2, 15], "uv_size": [0.25, 0.5]},
								"east": {"uv": [15, 2], "uv_size": [0.25, 0.5]},
								"south": {"uv": [3, 15], "uv_size": [0.25, 0.5]},
								"west": {"uv": [15, 3], "uv_size": [0.25, 0.5]}
							}
						},
						{
							"origin": [-0.75, 2.06434, 0],
							"size": [0.125, 0.62132, 0.25],
							"pivot": [0, 2.375, -1],
							"rotation": [0, 0, 45],
							"uv": {
								"north": {"uv": [4, 15], "uv_size": [0.25, 0.5]},
								"east": {"uv": [15, 4], "uv_size": [0.25, 0.5]},
								"south": {"uv": [5, 15], "uv_size": [0.25, 0.5]},
								"west": {"uv": [15, 5], "uv_size": [0.25, 0.5]}
							}
						},
						{
							"origin": [-0.31066, 1.625, 0],
							"size": [0.62132, 0.125, 0.25],
							"uv": {
								"north": {"uv": [6, 15], "uv_size": [0.5, 0.25]},
								"south": {"uv": [15, 6], "uv_size": [0.5, 0.25]},
								"up": {"uv": [7, 15], "uv_size": [0.5, 0.25]},
								"down": {"uv": [15, 7.25], "uv_size": [0.5, -0.25]}
							}
						}
					]
				},
				{
					"name": "scope_view",
					"pivot": [0, 2.375, 4.125]
				},
				{
					"name": "ocular",
					"pivot": [0, 2.375, 0],
					"cubes": [
						{
							"origin": [-0.31066, 1.625, 0],
							"size": [0.62132, 1.5, 0],
							"pivot": [0, 2.375, -1],
							"rotation": [0, 0, 45],
							"uv": {
								"south": {"uv": [4, 9], "uv_size": [0.5, 1.5]}
							}
						},
						{
							"origin": [-0.31066, 1.625, 0],
							"size": [0.62132, 1.5, 0],
							"uv": {
								"south": {"uv": [5, 9], "uv_size": [0.5, 1.5]}
							}
						},
						{
							"origin": [-0.75, 2.06434, 0],
							"size": [1.5, 0.62132, 0],
							"pivot": [0, 2.375, -1],
							"rotation": [0, 0, 45],
							"uv": {
								"south": {"uv": [9, 3], "uv_size": [1.5, 0.5]}
							}
						},
						{
							"origin": [-0.75, 2.06434, 0],
							"size": [1.5, 0.62132, 0],
							"uv": {
								"south": {"uv": [8, 9], "uv_size": [1.5, 0.5]}
							}
						}
					]
				},
				{
					"name": "division",
					"pivot": [0, 2.375, -40],
					"cubes": [
						{
							"origin": [-0.13258, -29.75758, -40],
							"size": [0.26517, 32, 0],
							"uv": {
								"south": {"uv": [12, 15], "uv_size": [0.25, 0.25]}
							}
						},
						{
							"origin": [-33.13258, 2.24242, -40],
							"size": [32, 0.26517, 0],
							"uv": {
								"south": {"uv": [15, 12], "uv_size": [0.25, 0.25]}
							}
						},
						{
							"origin": [1.13258, 2.24242, -40],
							"size": [32, 0.26517, 0],
							"uv": {
								"south": {"uv": [13, 15], "uv_size": [0.25, 0.25]}
							}
						},
						{
							"origin": [0.55622, 2.392, -40],
							"size": [0.1875, 0.1875, 0],
							"pivot": [0.61872, 1.5795, -41],
							"rotation": [0, 0, -45],
							"uv": {
								"south": {"uv": [15, 13], "uv_size": [0.25, 0.25]}
							}
						},
						{
							"origin": [-0.44378, 2.5795, -40],
							"size": [0.1875, 0.1875, 0],
							"pivot": [-0.38128, 1.5795, -41],
							"rotation": [0, 0, -45],
							"uv": {
								"south": {"uv": [14, 15], "uv_size": [0.25, 0.25]}
							}
						},
						{
							"origin": [0.25628, 2.5795, -40],
							"size": [0.1875, 0.1875, 0],
							"pivot": [0.38128, 1.5795, -41],
							"rotation": [0, 0, 45],
							"uv": {
								"south": {"uv": [15, 14], "uv_size": [0.25, 0.25]}
							}
						}
					]
				}
			]
		}
	]
}