{
	"format_version": "1.12.0",
	"minecraft:geometry": [
		{
			"description": {
				"identifier": "geometry.unknown",
				"texture_width": 16,
				"texture_height": 16,
				"visible_bounds_width": 7,
				"visible_bounds_height": 1.5,
				"visible_bounds_offset": [0, 0.25, 0]
			},
			"bones": [
				{
					"name": "scope_body",
					"pivot": [0, 0, -1],
					"cubes": [
						{
							"origin": [-0.5, -0.375, -2],
							"size": [1, 0.5, 2],
							"uv": {
								"north": {"uv": [2, 5], "uv_size": [1, 0.5]},
								"east": {"uv": [4, 1], "uv_size": [2, 0.5]},
								"south": {"uv": [5, 2], "uv_size": [1, 0.5]},
								"west": {"uv": [2, 4], "uv_size": [2, 0.5]},
								"up": {"uv": [0, 0], "uv_size": [1, 2]},
								"down": {"uv": [1, 2], "uv_size": [1, -2]}
							}
						},
						{
							"origin": [-0.09375, -0.16161, -0.71875],
							"size": [0.1875, 0.375, 0.1875],
							"pivot": [0, 0.21339, -0.625],
							"rotation": [54.73561, -30, -35.26439],
							"uv": {
								"north": {"uv": [2, 11], "uv_size": [0.25, 0.5]},
								"east": {"uv": [11, 2], "uv_size": [0.25, 0.5]},
								"south": {"uv": [3, 11], "uv_size": [0.25, 0.5]},
								"west": {"uv": [11, 3], "uv_size": [0.25, 0.5]},
								"up": {"uv": [12, 8], "uv_size": [0.25, 0.25]},
								"down": {"uv": [9, 12.25], "uv_size": [0.25, -0.25]}
							}
						},
						{
							"origin": [-0.75, 0.125, -0.25],
							"size": [1.5, 0.25, 0.25],
							"uv": {
								"north": {"uv": [6, 6], "uv_size": [1.5, 0.25]},
								"east": {"uv": [9, 11], "uv_size": [0.25, 0.25]},
								"south": {"uv": [0, 7], "uv_size": [1.5, 0.25]},
								"west": {"uv": [11, 9], "uv_size": [0.25, 0.25]},
								"up": {"uv": [2, 7], "uv_size": [1.5, 0.25]},
								"down": {"uv": [7, 3.25], "uv_size": [1.5, -0.25]}
							}
						},
						{
							"origin": [0.125, 0.0625, -0.1875],
							"size": [0.375, 0.25, 0.25],
							"uv": {
								"north": {"uv": [4, 11], "uv_size": [0.5, 0.25]},
								"east": {"uv": [14, 3], "uv_size": [0.25, 0.25]},
								"south": {"uv": [11, 4], "uv_size": [0.5, 0.25]},
								"west": {"uv": [4, 14], "uv_size": [0.25, 0.25]},
								"up": {"uv": [5, 11], "uv_size": [0.5, 0.25]},
								"down": {"uv": [11, 5.25], "uv_size": [0.5, -0.25]}
							}
						},
						{
							"origin": [-0.5, 0.0625, -0.1875],
							"size": [0.375, 0.25, 0.25],
							"uv": {
								"north": {"uv": [6, 11], "uv_size": [0.5, 0.25]},
								"east": {"uv": [14, 4], "uv_size": [0.25, 0.25]},
								"south": {"uv": [11, 6], "uv_size": [0.5, 0.25]},
								"west": {"uv": [5, 14], "uv_size": [0.25, 0.25]},
								"up": {"uv": [7, 11], "uv_size": [0.5, 0.25]},
								"down": {"uv": [11, 7.25], "uv_size": [0.5, -0.25]}
							}
						},
						{
							"origin": [0.5, 0.125, -1],
							"size": [0.25, 0.25, 0.75],
							"uv": {
								"north": {"uv": [12, 3], "uv_size": [0.25, 0.25]},
								"east": {"uv": [10, 4], "uv_size": [0.75, 0.25]},
								"south": {"uv": [4, 12], "uv_size": [0.25, 0.25]},
								"west": {"uv": [5, 10], "uv_size": [0.75, 0.25]},
								"up": {"uv": [6, 10], "uv_size": [0.25, 0.75]},
								"down": {"uv": [7, 10.75], "uv_size": [0.25, -0.75]}
							}
						},
						{
							"origin": [-0.75, 0.125, -1],
							"size": [0.25, 0.25, 0.75],
							"uv": {
								"north": {"uv": [12, 4], "uv_size": [0.25, 0.25]},
								"east": {"uv": [10, 7], "uv_size": [0.75, 0.25]},
								"south": {"uv": [5, 12], "uv_size": [0.25, 0.25]},
								"west": {"uv": [10, 8], "uv_size": [0.75, 0.25]},
								"up": {"uv": [10, 9], "uv_size": [0.25, 0.75]},
								"down": {"uv": [10, 10.75], "uv_size": [0.25, -0.75]}
							}
						},
						{
							"origin": [-0.75, 0.125, -2],
							"size": [1.5, 0.25, 1],
							"uv": {
								"north": {"uv": [0, 8], "uv_size": [1.5, 0.25]},
								"east": {"uv": [3, 10], "uv_size": [1, 0.25]},
								"south": {"uv": [8, 0], "uv_size": [1.5, 0.25]},
								"west": {"uv": [10, 3], "uv_size": [1, 0.25]},
								"up": {"uv": [0, 4], "uv_size": [1.5, 1]},
								"down": {"uv": [4, 1], "uv_size": [1.5, -1]}
							}
						},
						{
							"origin": [0.75, 0.375, -1.25],
							"size": [0.125, 0.875, 0.25],
							"uv": {
								"north": {"uv": [3, 5], "uv_size": [0.25, 1]},
								"east": {"uv": [9, 7], "uv_size": [0.25, 1]},
								"south": {"uv": [0, 10], "uv_size": [0.25, 1]},
								"west": {"uv": [10, 0], "uv_size": [0.25, 1]},
								"up": {"uv": [10, 11], "uv_size": [0.25, 0.25]},
								"down": {"uv": [11, 10.25], "uv_size": [0.25, -0.25]}
							}
						},
						{
							"origin": [0.78125, 1.0625, -1.1875],
							"size": [0.125, 0.125, 0.125],
							"pivot": [0.84375, 1.125, -1.125],
							"rotation": [45, 0, 0],
							"uv": {
								"north": {"uv": [12, 9], "uv_size": [0.25, 0.25]},
								"east": {"uv": [10, 12], "uv_size": [0.25, 0.25]},
								"south": {"uv": [12, 10], "uv_size": [0.25, 0.25]},
								"west": {"uv": [11, 12], "uv_size": [0.25, 0.25]},
								"up": {"uv": [12, 11], "uv_size": [0.25, 0.25]},
								"down": {"uv": [12, 12.25], "uv_size": [0.25, -0.25]}
							}
						},
						{
							"origin": [0.78125, 0.1875, -1.6875],
							"size": [0.125, 0.125, 0.125],
							"pivot": [0.84375, 0.25, -1.625],
							"rotation": [45, 0, 0],
							"uv": {
								"north": {"uv": [5, 13], "uv_size": [0.25, 0.25]},
								"east": {"uv": [13, 5], "uv_size": [0.25, 0.25]},
								"south": {"uv": [6, 13], "uv_size": [0.25, 0.25]},
								"west": {"uv": [13, 6], "uv_size": [0.25, 0.25]},
								"up": {"uv": [7, 13], "uv_size": [0.25, 0.25]},
								"down": {"uv": [13, 7.25], "uv_size": [0.25, -0.25]}
							}
						},
						{
							"origin": [0.78125, 0.1875, -0.6875],
							"size": [0.125, 0.125, 0.125],
							"pivot": [0.84375, 0.25, -0.625],
							"rotation": [45, 0, 0],
							"uv": {
								"north": {"uv": [8, 13], "uv_size": [0.25, 0.25]},
								"east": {"uv": [13, 8], "uv_size": [0.25, 0.25]},
								"south": {"uv": [9, 13], "uv_size": [0.25, 0.25]},
								"west": {"uv": [13, 9], "uv_size": [0.25, 0.25]},
								"up": {"uv": [10, 13], "uv_size": [0.25, 0.25]},
								"down": {"uv": [13, 10.25], "uv_size": [0.25, -0.25]}
							}
						},
						{
							"origin": [-0.90625, 0.1875, -1.6875],
							"size": [0.125, 0.125, 0.125],
							"pivot": [-0.84375, 0.25, -1.625],
							"rotation": [45, 0, 0],
							"uv": {
								"north": {"uv": [14, 0], "uv_size": [0.25, 0.25]},
								"east": {"uv": [1, 14], "uv_size": [0.25, 0.25]},
								"south": {"uv": [14, 1], "uv_size": [0.25, 0.25]},
								"west": {"uv": [2, 14], "uv_size": [0.25, 0.25]},
								"up": {"uv": [14, 2], "uv_size": [0.25, 0.25]},
								"down": {"uv": [3, 14.25], "uv_size": [0.25, -0.25]}
							}
						},
						{
							"origin": [-0.90625, 0.1875, -0.6875],
							"size": [0.125, 0.125, 0.125],
							"pivot": [-0.84375, 0.25, -0.625],
							"rotation": [45, 0, 0],
							"uv": {
								"north": {"uv": [11, 13], "uv_size": [0.25, 0.25]},
								"east": {"uv": [13, 11], "uv_size": [0.25, 0.25]},
								"south": {"uv": [12, 13], "uv_size": [0.25, 0.25]},
								"west": {"uv": [13, 12], "uv_size": [0.25, 0.25]},
								"up": {"uv": [13, 13], "uv_size": [0.25, 0.25]},
								"down": {"uv": [0, 14.25], "uv_size": [0.25, -0.25]}
							}
						},
						{
							"origin": [-0.90625, 1.0625, -1.1875],
							"size": [0.125, 0.125, 0.125],
							"pivot": [-0.84375, 1.125, -1.125],
							"rotation": [45, 0, 0],
							"uv": {
								"north": {"uv": [0, 13], "uv_size": [0.25, 0.25]},
								"east": {"uv": [13, 0], "uv_size": [0.25, 0.25]},
								"south": {"uv": [1, 13], "uv_size": [0.25, 0.25]},
								"west": {"uv": [13, 1], "uv_size": [0.25, 0.25]},
								"up": {"uv": [2, 13], "uv_size": [0.25, 0.25]},
								"down": {"uv": [13, 2.25], "uv_size": [0.25, -0.25]}
							}
						},
						{
							"origin": [-0.875, 0.375, -1.25],
							"size": [0.125, 0.875, 0.25],
							"uv": {
								"north": {"uv": [1, 10], "uv_size": [0.25, 1]},
								"east": {"uv": [10, 1], "uv_size": [0.25, 1]},
								"south": {"uv": [2, 10], "uv_size": [0.25, 1]},
								"west": {"uv": [10, 2], "uv_size": [0.25, 1]},
								"up": {"uv": [11, 11], "uv_size": [0.25, 0.25]},
								"down": {"uv": [0, 12.25], "uv_size": [0.25, -0.25]}
							}
						},
						{
							"origin": [0.75, 0.125, -1.75],
							"size": [0.125, 0.25, 1.25],
							"uv": {
								"north": {"uv": [4, 13], "uv_size": [0.25, 0.25]},
								"east": {"uv": [9, 5], "uv_size": [1.25, 0.25]},
								"south": {"uv": [13, 4], "uv_size": [0.25, 0.25]},
								"west": {"uv": [9, 6], "uv_size": [1.25, 0.25]},
								"up": {"uv": [8, 9], "uv_size": [0.25, 1.25]},
								"down": {"uv": [9, 10.25], "uv_size": [0.25, -1.25]}
							}
						},
						{
							"origin": [-0.875, 0.125, -1.75],
							"size": [0.125, 0.25, 1.25],
							"uv": {
								"north": {"uv": [3, 13], "uv_size": [0.25, 0.25]},
								"east": {"uv": [8, 8], "uv_size": [1.25, 0.25]},
								"south": {"uv": [13, 3], "uv_size": [0.25, 0.25]},
								"west": {"uv": [0, 9], "uv_size": [1.25, 0.25]},
								"up": {"uv": [9, 1], "uv_size": [0.25, 1.25]},
								"down": {"uv": [9, 4.25], "uv_size": [0.25, -1.25]}
							}
						},
						{
							"origin": [-0.88128, -0.44194, -2],
							"size": [0.5, 0.25, 2],
							"pivot": [-0.13128, -0.31694, -1],
							"rotation": [0, 0, 45],
							"uv": {
								"north": {"uv": [0, 11], "uv_size": [0.5, 0.25]},
								"east": {"uv": [5, 3], "uv_size": [2, 0.25]},
								"south": {"uv": [11, 0], "uv_size": [0.5, 0.25]},
								"west": {"uv": [5, 4], "uv_size": [2, 0.25]},
								"up": {"uv": [4, 2], "uv_size": [0.5, 2]},
								"down": {"uv": [4, 6], "uv_size": [0.5, -2]}
							}
						},
						{
							"origin": [0.38128, -0.44194, -2],
							"size": [0.5, 0.25, 2],
							"pivot": [0.13128, -0.31694, -1],
							"rotation": [0, 0, -45],
							"uv": {
								"north": {"uv": [1, 11], "uv_size": [0.5, 0.25]},
								"east": {"uv": [5, 5], "uv_size": [2, 0.25]},
								"south": {"uv": [11, 1], "uv_size": [0.5, 0.25]},
								"west": {"uv": [6, 0], "uv_size": [2, 0.25]},
								"up": {"uv": [0, 5], "uv_size": [0.5, 2]},
								"down": {"uv": [1, 7], "uv_size": [0.5, -2]}
							}
						},
						{
							"origin": [-0.75, 0.375, -1.25],
							"size": [1.5, 0.125, 0.25],
							"pivot": [0, 1.125, -1.125],
							"rotation": [-22.5, 0, 0],
							"uv": {
								"north": {"uv": [6, 1], "uv_size": [1.5, 0.25]},
								"east": {"uv": [8, 11], "uv_size": [0.25, 0.25]},
								"south": {"uv": [2, 6], "uv_size": [1.5, 0.25]},
								"west": {"uv": [11, 8], "uv_size": [0.25, 0.25]},
								"up": {"uv": [6, 2], "uv_size": [1.5, 0.25]},
								"down": {"uv": [4, 6.25], "uv_size": [1.5, -0.25]}
							}
						},
						{
							"origin": [-0.75, 0.5, -1.25],
							"size": [0.125, 1.25, 0.25],
							"pivot": [0, 1.125, -1.125],
							"rotation": [-22.5, 0, 0],
							"uv": {
								"north": {"uv": [8, 1], "uv_size": [0.25, 1.25]},
								"east": {"uv": [2, 8], "uv_size": [0.25, 1.25]},
								"south": {"uv": [3, 8], "uv_size": [0.25, 1.25]},
								"west": {"uv": [4, 8], "uv_size": [0.25, 1.25]},
								"up": {"uv": [12, 1], "uv_size": [0.25, 0.25]},
								"down": {"uv": [2, 12.25], "uv_size": [0.25, -0.25]}
							}
						},
						{
							"origin": [0.25, 1.25, -1.125],
							"size": [0.125, 0.125, 0.001],
							"pivot": [0, 1.125, -1.125],
							"rotation": [-22.5, 0, 0],
							"uv": {
								"north": {"uv": [0, 2], "uv_size": [1.25, 1.25]},
								"south": {"uv": [14, 14.25], "uv_size": [0.25, 0.25]}
							}
						},
						{
							"origin": [0.125, 1.375, -1.125],
							"size": [0.125, 0.125, 0.001],
							"pivot": [0, 1.125, -1.125],
							"rotation": [-22.5, 0, 0],
							"uv": {
								"north": {"uv": [0, 2], "uv_size": [1.25, 1.25]},
								"south": {"uv": [14.25, 14], "uv_size": [0.25, 0.25]}
							}
						},
						{
							"origin": [-0.375, 0.875, -1.125],
							"size": [0.125, 0.125, 0.001],
							"pivot": [0, 1.125, -1.125],
							"rotation": [-22.5, 0, 0],
							"uv": {
								"north": {"uv": [0, 2], "uv_size": [1.25, 1.25]},
								"south": {"uv": [15.25, 15], "uv_size": [0.25, 0.25]}
							}
						},
						{
							"origin": [-0.25, 0.75, -1.125],
							"size": [0.125, 0.125, 0.001],
							"pivot": [0, 1.125, -1.125],
							"rotation": [-22.5, 0, 0],
							"uv": {
								"north": {"uv": [0, 2], "uv_size": [1.25, 1.25]},
								"south": {"uv": [15, 15.25], "uv_size": [0.25, 0.25]}
							}
						},
						{
							"origin": [-0.625, 0.625, -1.125],
							"size": [0.125, 1, 0.001],
							"pivot": [0, 1.125, -1.125],
							"rotation": [-22.5, 0, 0],
							"uv": {
								"south": {"uv": [15.75, 13.5], "uv_size": [0.25, 2.5]}
							}
						},
						{
							"origin": [0.5, 0.625, -1.125],
							"size": [0.125, 1, 0.001],
							"pivot": [0, 1.125, -1.125],
							"rotation": [-22.5, 0, 0],
							"uv": {
								"south": {"uv": [13.5, 13.5], "uv_size": [0.25, 2.5]}
							}
						},
						{
							"origin": [-0.625, 0.5, -1.125],
							"size": [1.25, 0.125, 0.001],
							"pivot": [0, 1.125, -1.125],
							"rotation": [-22.5, 0, 0],
							"uv": {
								"south": {"uv": [13.5, 15.75], "uv_size": [2.5, 0.25]}
							}
						},
						{
							"origin": [-0.625, 1.625, -1.125],
							"size": [1.25, 0.125, 0.001],
							"pivot": [0, 1.125, -1.125],
							"rotation": [-22.5, 0, 0],
							"uv": {
								"south": {"uv": [13.5, 13.5], "uv_size": [2.5, 0.25]}
							}
						},
						{
							"origin": [0.625, 0.5, -1.25],
							"size": [0.125, 1.25, 0.25],
							"pivot": [0, 1.125, -1.125],
							"rotation": [-22.5, 0, 0],
							"uv": {
								"north": {"uv": [5, 8], "uv_size": [0.25, 1.25]},
								"east": {"uv": [6, 8], "uv_size": [0.25, 1.25]},
								"south": {"uv": [8, 6], "uv_size": [0.25, 1.25]},
								"west": {"uv": [7, 8], "uv_size": [0.25, 1.25]},
								"up": {"uv": [12, 2], "uv_size": [0.25, 0.25]},
								"down": {"uv": [3, 12.25], "uv_size": [0.25, -0.25]}
							}
						},
						{
							"origin": [-0.75, 1.75, -1.25],
							"size": [1.5, 0.125, 0.25],
							"pivot": [0, 1.125, -1.125],
							"rotation": [-22.5, 0, 0],
							"uv": {
								"north": {"uv": [4, 7], "uv_size": [1.5, 0.25]},
								"east": {"uv": [12, 0], "uv_size": [0.25, 0.25]},
								"south": {"uv": [7, 4], "uv_size": [1.5, 0.25]},
								"west": {"uv": [1, 12], "uv_size": [0.25, 0.25]},
								"up": {"uv": [7, 5], "uv_size": [1.5, 0.25]},
								"down": {"uv": [6, 7.25], "uv_size": [1.5, -0.25]}
							}
						}
					]
				},
				{
					"name": "lamp_illuminated",
					"parent": "scope_body",
					"pivot": [0, 0.21339, -0.625],
					"cubes": [
						{
							"origin": [-0.0625, 0.21339, -0.6875],
							"size": [0.125, 0.125, 0.125],
							"pivot": [0, 0.21339, -0.625],
							"rotation": [54.73561, -30, -35.26439],
							"uv": {
								"north": {"uv": [12, 5], "uv_size": [0.25, 0.25]},
								"east": {"uv": [6, 12], "uv_size": [0.25, 0.25]},
								"south": {"uv": [12, 6], "uv_size": [0.25, 0.25]},
								"west": {"uv": [7, 12], "uv_size": [0.25, 0.25]},
								"up": {"uv": [12, 7], "uv_size": [0.25, 0.25]},
								"down": {"uv": [8, 12.25], "uv_size": [0.25, -0.25]}
							}
						}
					]
				},
				{
					"name": "scope_view",
					"pivot": [0, 1.125, 8]
				},
				{
					"name": "division",
					"pivot": [0, 1.125, 0]
				},
				{
					"name": "division_illuminated",
					"parent": "division",
					"pivot": [0, 1.125, 0],
					"cubes": [
						{
							"origin": [-0.25, 0.875, -60],
							"size": [0.5, 0.5, 0],
							"pivot": [0, 1.125, -60],
							"rotation": [0, 0, 45],
							"uv": {
								"south": {"uv": [4, 10], "uv_size": [0.5, 0.5]}
							}
						}
					]
				},
				{
					"name": "ocular",
					"pivot": [0, 1.125, -1.125],
					"cubes": [
						{
							"origin": [-0.625, 0.5, -1.1875],
							"size": [1.25, 1.25, 0.001],
							"pivot": [0, 1.125, -1.125],
							"rotation": [-22.5, 0, 0],
							"uv": {
								"south": {"uv": [2, 2], "uv_size": [1.25, 1.25]}
							}
						}
					]
				}
			]
		}
	]
}