{
	"format_version": "1.12.0",
	"minecraft:geometry": [
		{
			"description": {
				"identifier": "geometry.unknown",
				"texture_width": 32,
				"texture_height": 32,
				"visible_bounds_width": 3,
				"visible_bounds_height": 1.5,
				"visible_bounds_offset": [0, 0.25, 0]
			},
			"bones": [
				{
					"name": "main",
					"pivot": [0, 0, 0],
					"cubes": [
						{
							"origin": [-0.33957, 0.20794, 1.5],
							"size": [0.83957, -0.001, 0.75],
							"pivot": [0.5, 0.2071, 0.75],
							"rotation": [0, 0, 83.10175],
							"uv": {
								"up": {"uv": [13, 0], "uv_size": [0.75, 0.75]},
								"down": {"uv": [13, 1.75], "uv_size": [0.75, -0.75]}
							}
						},
						{
							"origin": [-0.16568, 0.475, 1],
							"size": [0.33136, 0.8, 6],
							"pivot": [0, 0.875, 5],
							"rotation": [0, 0, 135],
							"uv": {
								"north": {"uv": [7, 15], "uv_size": [0.25, 0.75]},
								"up": {"uv": [4, 1], "uv_size": [0.25, 6]},
								"down": {"uv": [0, 11], "uv_size": [0.25, -6]}
							}
						},
						{
							"origin": [-0.16568, 0.475, 1],
							"size": [0.33136, 0.8, 6],
							"pivot": [0, 0.875, 5],
							"rotation": [0, 0, 90],
							"uv": {
								"north": {"uv": [8, 15], "uv_size": [0.25, 0.75]},
								"up": {"uv": [1, 5], "uv_size": [0.25, 6]},
								"down": {"uv": [5, 7], "uv_size": [0.25, -6]}
							}
						},
						{
							"origin": [-0.16568, 0.475, 1],
							"size": [0.33136, 0.8, 6],
							"pivot": [0, 0.875, 5],
							"rotation": [0, 0, 45],
							"uv": {
								"north": {"uv": [15, 8], "uv_size": [0.25, 0.75]},
								"up": {"uv": [2, 5], "uv_size": [0.25, 6]},
								"down": {"uv": [3, 11], "uv_size": [0.25, -6]}
							}
						},
						{
							"origin": [-0.16568, 0.475, 1],
							"size": [0.33136, 0.8, 6],
							"uv": {
								"north": {"uv": [9, 15], "uv_size": [0.25, 0.75]},
								"up": {"uv": [6, 1], "uv_size": [0.25, 6]},
								"down": {"uv": [7, 7], "uv_size": [0.25, -6]}
							}
						},
						{
							"origin": [-0.16568, -1.275, 1],
							"size": [0.33136, 0.8, 6],
							"pivot": [0, -0.875, 5],
							"rotation": [0, 0, 135],
							"uv": {
								"north": {"uv": [15, 11], "uv_size": [0.25, 0.75]},
								"up": {"uv": [9, 0], "uv_size": [0.25, 6]},
								"down": {"uv": [9, 12], "uv_size": [0.25, -6]}
							}
						},
						{
							"origin": [-0.16568, -1.275, 1],
							"size": [0.33136, 0.8, 6],
							"pivot": [0, -0.875, 5],
							"rotation": [0, 0, 90],
							"uv": {
								"north": {"uv": [15, 10], "uv_size": [0.25, 0.75]},
								"up": {"uv": [8, 0], "uv_size": [0.25, 6]},
								"down": {"uv": [8, 12], "uv_size": [0.25, -6]}
							}
						},
						{
							"origin": [-0.16568, -1.275, 1],
							"size": [0.33136, 0.8, 6],
							"pivot": [0, -0.875, 5],
							"rotation": [0, 0, 45],
							"uv": {
								"north": {"uv": [10, 15], "uv_size": [0.25, 0.75]},
								"up": {"uv": [6, 7], "uv_size": [0.25, 6]},
								"down": {"uv": [7, 13], "uv_size": [0.25, -6]}
							}
						},
						{
							"origin": [-0.16568, -1.275, 1],
							"size": [0.33136, 0.8, 6],
							"uv": {
								"north": {"uv": [15, 9], "uv_size": [0.25, 0.75]},
								"up": {"uv": [4, 7], "uv_size": [0.25, 6]},
								"down": {"uv": [5, 13], "uv_size": [0.25, -6]}
							}
						},
						{
							"origin": [-0.2071, 0.375, 7],
							"size": [0.4142, 1, 2],
							"pivot": [0, 0.875, 1],
							"rotation": [0, 0, 135],
							"uv": {
								"north": {"uv": [13, 5], "uv_size": [0.5, 1]},
								"up": {"uv": [3, 11], "uv_size": [0.5, 2]},
								"down": {"uv": [11, 5], "uv_size": [0.5, -2]}
							}
						},
						{
							"origin": [-0.2071, 0.375, 7],
							"size": [0.4142, 1, 2],
							"pivot": [0, 0.875, 1],
							"rotation": [0, 0, 90],
							"uv": {
								"north": {"uv": [6, 13], "uv_size": [0.5, 1]},
								"up": {"uv": [11, 5], "uv_size": [0.5, 2]},
								"down": {"uv": [11, 9], "uv_size": [0.5, -2]}
							}
						},
						{
							"origin": [-0.2071, 0.375, 7],
							"size": [0.4142, 1, 2],
							"pivot": [0, 0.875, 1],
							"rotation": [0, 0, 45],
							"uv": {
								"north": {"uv": [13, 6], "uv_size": [0.5, 1]},
								"up": {"uv": [11, 9], "uv_size": [0.5, 2]},
								"down": {"uv": [11, 13], "uv_size": [0.5, -2]}
							}
						},
						{
							"origin": [-0.2071, 0.375, 7],
							"size": [0.4142, 1, 2],
							"uv": {
								"north": {"uv": [7, 13], "uv_size": [0.5, 1]},
								"up": {"uv": [12, 0], "uv_size": [0.5, 2]},
								"down": {"uv": [12, 4], "uv_size": [0.5, -2]}
							}
						},
						{
							"origin": [-0.2071, -1.375, 7],
							"size": [0.4142, 1, 2],
							"pivot": [0, -0.875, 1],
							"rotation": [0, 0, 90],
							"uv": {
								"north": {"uv": [13, 7], "uv_size": [0.5, 1]},
								"up": {"uv": [12, 4], "uv_size": [0.5, 2]},
								"down": {"uv": [12, 8], "uv_size": [0.5, -2]}
							}
						},
						{
							"origin": [-0.2071, -1.375, 7],
							"size": [0.4142, 1, 2],
							"pivot": [0, -0.875, 1],
							"rotation": [0, 0, 45],
							"uv": {
								"north": {"uv": [13, 8], "uv_size": [0.5, 1]},
								"up": {"uv": [8, 12], "uv_size": [0.5, 2]},
								"down": {"uv": [12, 10], "uv_size": [0.5, -2]}
							}
						},
						{
							"origin": [-0.2071, -1.375, 7],
							"size": [0.4142, 1, 2],
							"uv": {
								"north": {"uv": [13, 9], "uv_size": [0.5, 1]},
								"up": {"uv": [9, 12], "uv_size": [0.5, 2]},
								"down": {"uv": [10, 14], "uv_size": [0.5, -2]}
							}
						},
						{
							"origin": [-0.2071, -1.375, 7],
							"size": [0.4142, 1, 2],
							"pivot": [0, -0.875, 1],
							"rotation": [0, 0, 135],
							"uv": {
								"north": {"uv": [13, 10], "uv_size": [0.5, 1]},
								"up": {"uv": [12, 10], "uv_size": [0.5, 2]},
								"down": {"uv": [12, 14], "uv_size": [0.5, -2]}
							}
						},
						{
							"origin": [-1, -1.25, 9],
							"size": [3.5, 2, 0.5],
							"pivot": [0.5, 0.25, 1],
							"rotation": [0, 0, 90],
							"uv": {
								"north": {"uv": [0, 0], "uv_size": [3.5, 2]},
								"south": {"uv": [0, 2], "uv_size": [3.5, 2]},
								"up": {"uv": [0, 4], "uv_size": [3.5, 0.5]},
								"down": {"uv": [4, 0.5], "uv_size": [3.5, -0.5]}
							}
						},
						{
							"origin": [-1, -1.25, 9],
							"size": [0.5, 1, 0.5],
							"pivot": [1, 0.25, 1],
							"rotation": [0, 0, 90],
							"uv": {
								"north": {"uv": [11, 13], "uv_size": [0.5, 1]},
								"east": {"uv": [13, 11], "uv_size": [0.5, 1]},
								"south": {"uv": [13, 12], "uv_size": [0.5, 1]}
							}
						},
						{
							"origin": [-3.41421, -0.37132, 9.001],
							"size": [0.5, 0.70711, 0.498],
							"pivot": [-0.91421, 0.12868, 9.25],
							"rotation": [0, 0, 135],
							"uv": {
								"north": {"uv": [5, 14], "uv_size": [0.5, 0.75]},
								"east": {"uv": [14, 5], "uv_size": [0.5, 0.75]},
								"south": {"uv": [6, 14], "uv_size": [0.5, 0.75]}
							}
						},
						{
							"origin": [2.91421, -0.37132, 9.001],
							"size": [0.5, 0.70711, 0.498],
							"pivot": [0.91421, 0.12868, 9.25],
							"rotation": [0, 0, -135],
							"uv": {
								"north": {"uv": [14, 6], "uv_size": [0.5, 0.75]},
								"south": {"uv": [7, 14], "uv_size": [0.5, 0.75]},
								"west": {"uv": [14, 7], "uv_size": [0.5, 0.75]}
							}
						},
						{
							"origin": [-1, -5.25, 9],
							"size": [0.5, 1, 0.5],
							"pivot": [1, -3.75, 1],
							"rotation": [0, 0, 90],
							"uv": {
								"north": {"uv": [13, 13], "uv_size": [0.5, 1]},
								"south": {"uv": [0, 14], "uv_size": [0.5, 1]},
								"west": {"uv": [14, 0], "uv_size": [0.5, 1]}
							}
						},
						{
							"origin": [-3.41421, -0.33579, 9.001],
							"size": [0.5, 0.70711, 0.498],
							"pivot": [-0.91421, -0.12868, 9.25],
							"rotation": [0, 0, -135],
							"uv": {
								"north": {"uv": [8, 14], "uv_size": [0.5, 0.75]},
								"east": {"uv": [14, 8], "uv_size": [0.5, 0.75]},
								"south": {"uv": [9, 14], "uv_size": [0.5, 0.75]}
							}
						},
						{
							"origin": [2.91421, -0.33579, 9.001],
							"size": [0.5, 0.70711, 0.498],
							"pivot": [0.91421, -0.12868, 9.25],
							"rotation": [0, 0, 135],
							"uv": {
								"north": {"uv": [14, 9], "uv_size": [0.5, 0.75]},
								"south": {"uv": [10, 14], "uv_size": [0.5, 0.75]},
								"west": {"uv": [14, 10], "uv_size": [0.5, 0.75]}
							}
						},
						{
							"origin": [-0.5, 0.20794, 1.5],
							"size": [0.83957, -0.001, 0.75],
							"pivot": [-0.5, 0.2071, 0.75],
							"rotation": [0, 0, -83.10175],
							"uv": {
								"up": {"uv": [13, 2], "uv_size": [0.75, 0.75]},
								"down": {"uv": [3, 13.75], "uv_size": [0.75, -0.75]}
							}
						},
						{
							"origin": [-0.5, -0.20694, 1.5],
							"size": [0.83957, -0.001, 0.75],
							"pivot": [-0.5, -0.2071, 0.75],
							"rotation": [0, 0, 83.10175],
							"uv": {
								"up": {"uv": [13, 3], "uv_size": [0.75, 0.75]},
								"down": {"uv": [4, 13.75], "uv_size": [0.75, -0.75]}
							}
						},
						{
							"origin": [-0.33957, -0.20694, 1.5],
							"size": [0.83957, -0.001, 0.75],
							"pivot": [0.5, -0.2071, 0.75],
							"rotation": [0, 0, -83.10175],
							"uv": {
								"up": {"uv": [13, 4], "uv_size": [0.75, 0.75]},
								"down": {"uv": [5, 13.75], "uv_size": [0.75, -0.75]}
							}
						},
						{
							"origin": [-0.125, -0.5625, 1],
							"size": [0.25, 1.125, 0.25],
							"pivot": [0, 0, 1.125],
							"rotation": [0, -45, 90],
							"uv": {
								"north": {"uv": [11, 14], "uv_size": [0.25, 1.25]},
								"east": {"uv": [14, 11], "uv_size": [0.25, 1.25]},
								"south": {"uv": [12, 14], "uv_size": [0.25, 1.25]},
								"west": {"uv": [13, 14], "uv_size": [0.25, 1.25]},
								"up": {"uv": [15, 12], "uv_size": [0.25, 0.25]},
								"down": {"uv": [15, 13.25], "uv_size": [0.25, -0.25]}
							}
						},
						{
							"origin": [-0.125, -0.5625, 2.5],
							"size": [0.25, 1.125, 0.25],
							"pivot": [0, 0, 2.625],
							"rotation": [0, -45, 90],
							"uv": {
								"north": {"uv": [14, 13], "uv_size": [0.25, 1.25]},
								"east": {"uv": [0, 15], "uv_size": [0.25, 1.25]},
								"south": {"uv": [15, 0], "uv_size": [0.25, 1.25]},
								"west": {"uv": [1, 15], "uv_size": [0.25, 1.25]},
								"up": {"uv": [14, 15], "uv_size": [0.25, 0.25]},
								"down": {"uv": [15, 14.25], "uv_size": [0.25, -0.25]}
							}
						},
						{
							"origin": [-0.125, 0.3125, 7.75],
							"size": [0.25, 1.125, 0.25],
							"pivot": [0, 0.875, 7.875],
							"rotation": [0, -45, 90],
							"uv": {
								"north": {"uv": [2, 15], "uv_size": [0.25, 1.25]},
								"east": {"uv": [15, 2], "uv_size": [0.25, 1.25]},
								"south": {"uv": [3, 15], "uv_size": [0.25, 1.25]},
								"west": {"uv": [4, 15], "uv_size": [0.25, 1.25]},
								"up": {"uv": [15, 15], "uv_size": [0.25, 0.25]},
								"down": {"uv": [16, 0.25], "uv_size": [0.25, -0.25]}
							}
						},
						{
							"origin": [-0.125, -1.4375, 7.75],
							"size": [0.25, 1.125, 0.25],
							"pivot": [0, -0.875, 7.875],
							"rotation": [0, -45, 90],
							"uv": {
								"north": {"uv": [15, 4], "uv_size": [0.25, 1.25]},
								"east": {"uv": [5, 15], "uv_size": [0.25, 1.25]},
								"south": {"uv": [6, 15], "uv_size": [0.25, 1.25]},
								"west": {"uv": [15, 6], "uv_size": [0.25, 1.25]},
								"up": {"uv": [16, 1], "uv_size": [0.25, 0.25]},
								"down": {"uv": [16, 2.25], "uv_size": [0.25, -0.25]}
							}
						},
						{
							"origin": [-0.2071, -0.5, 0],
							"size": [0.4142, 1, 3],
							"uv": {
								"north": {"uv": [1, 14], "uv_size": [0.5, 1]},
								"south": {"uv": [14, 1], "uv_size": [0.5, 1]},
								"up": {"uv": [10, 0], "uv_size": [0.5, 3]},
								"down": {"uv": [10, 6], "uv_size": [0.5, -3]}
							}
						},
						{
							"origin": [-0.2071, -0.5, 0],
							"size": [0.4142, 1, 3],
							"pivot": [0, 0, 1],
							"rotation": [0, 0, 45],
							"uv": {
								"north": {"uv": [2, 14], "uv_size": [0.5, 1]},
								"south": {"uv": [14, 2], "uv_size": [0.5, 1]},
								"up": {"uv": [10, 6], "uv_size": [0.5, 3]},
								"down": {"uv": [10, 12], "uv_size": [0.5, -3]}
							}
						},
						{
							"origin": [-0.2071, -0.5, 0],
							"size": [0.4142, 1, 3],
							"pivot": [0, 0, 1],
							"rotation": [0, 0, 90],
							"uv": {
								"north": {"uv": [3, 14], "uv_size": [0.5, 1]},
								"south": {"uv": [14, 3], "uv_size": [0.5, 1]},
								"up": {"uv": [0, 11], "uv_size": [0.5, 3]},
								"down": {"uv": [11, 3], "uv_size": [0.5, -3]}
							}
						},
						{
							"origin": [-0.2071, -0.5, 0],
							"size": [0.4142, 1, 3],
							"pivot": [0, 0, 1],
							"rotation": [0, 0, 135],
							"uv": {
								"north": {"uv": [4, 14], "uv_size": [0.5, 1]},
								"south": {"uv": [14, 4], "uv_size": [0.5, 1]},
								"up": {"uv": [1, 11], "uv_size": [0.5, 3]},
								"down": {"uv": [2, 14], "uv_size": [0.5, -3]}
							}
						}
					]
				}
			]
		}
	]
}