{
	"format_version": "1.12.0",
	"minecraft:geometry": [
		{
			"description": {
				"identifier": "geometry.unknown",
				"texture_width": 32,
				"texture_height": 32,
				"visible_bounds_width": 3,
				"visible_bounds_height": 1.5,
				"visible_bounds_offset": [0, 0.25, 0]
			},
			"bones": [
				{
					"name": "main",
					"pivot": [0, 0, 0],
					"cubes": [
						{
							"origin": [-0.2071, -0.5, 0],
							"size": [0.4142, 1, 3],
							"uv": {
								"north": {"uv": [12, 11], "uv_size": [0.5, 1]},
								"south": {"uv": [13, 4], "uv_size": [0.5, 1]},
								"up": {"uv": [0, 13], "uv_size": [0.5, 3]},
								"down": {"uv": [1, 16], "uv_size": [0.5, -3]}
							}
						},
						{
							"origin": [-0.2071, -0.5, 0],
							"size": [0.4142, 1, 3],
							"pivot": [0, 0, 1],
							"rotation": [0, 0, 45],
							"uv": {
								"north": {"uv": [16, 4], "uv_size": [0.5, 1]},
								"south": {"uv": [16, 5], "uv_size": [0.5, 1]},
								"up": {"uv": [2, 13], "uv_size": [0.5, 3]},
								"down": {"uv": [3, 16], "uv_size": [0.5, -3]}
							}
						},
						{
							"origin": [-0.2071, -0.5, 0],
							"size": [0.4142, 1, 3],
							"pivot": [0, 0, 1],
							"rotation": [0, 0, 90],
							"uv": {
								"north": {"uv": [6, 16], "uv_size": [0.5, 1]},
								"south": {"uv": [7, 16], "uv_size": [0.5, 1]},
								"up": {"uv": [6, 13], "uv_size": [0.5, 3]},
								"down": {"uv": [7, 16], "uv_size": [0.5, -3]}
							}
						},
						{
							"origin": [-0.2071, -0.5, 0],
							"size": [0.4142, 1, 3],
							"pivot": [0, 0, 1],
							"rotation": [0, 0, 135],
							"uv": {
								"north": {"uv": [8, 16], "uv_size": [0.5, 1]},
								"south": {"uv": [16, 14], "uv_size": [0.5, 1]},
								"up": {"uv": [13, 7], "uv_size": [0.5, 3]},
								"down": {"uv": [8, 16], "uv_size": [0.5, -3]}
							}
						},
						{
							"origin": [-0.16568, -0.4, 3],
							"size": [0.33136, 0.8, 4],
							"pivot": [0, 0, 5],
							"rotation": [0, 0, 135],
							"uv": {
								"north": {"uv": [2, 18], "uv_size": [0.25, 0.75]},
								"east": {"uv": [5, 10], "uv_size": [4, 0.75]},
								"south": {"uv": [18, 2], "uv_size": [0.25, 0.75]},
								"west": {"uv": [10, 5], "uv_size": [4, 0.75]},
								"up": {"uv": [9, 13], "uv_size": [0.25, 4]},
								"down": {"uv": [10, 17], "uv_size": [0.25, -4]}
							}
						},
						{
							"origin": [-0.16568, -0.4, 3],
							"size": [0.33136, 0.8, 4],
							"pivot": [0, 0, 5],
							"rotation": [0, 0, 90],
							"uv": {
								"north": {"uv": [3, 18], "uv_size": [0.25, 0.75]},
								"east": {"uv": [9, 10], "uv_size": [4, 0.75]},
								"south": {"uv": [18, 3], "uv_size": [0.25, 0.75]},
								"west": {"uv": [2, 11], "uv_size": [4, 0.75]},
								"up": {"uv": [11, 13], "uv_size": [0.25, 4]},
								"down": {"uv": [12, 17], "uv_size": [0.25, -4]}
							}
						},
						{
							"origin": [-0.16568, -0.4, 3],
							"size": [0.33136, 0.8, 4],
							"pivot": [0, 0, 5],
							"rotation": [0, 0, 45],
							"uv": {
								"north": {"uv": [4, 18], "uv_size": [0.25, 0.75]},
								"east": {"uv": [11, 2], "uv_size": [4, 0.75]},
								"south": {"uv": [18, 4], "uv_size": [0.25, 0.75]},
								"west": {"uv": [11, 3], "uv_size": [4, 0.75]},
								"up": {"uv": [13, 13], "uv_size": [0.25, 4]},
								"down": {"uv": [4, 18], "uv_size": [0.25, -4]}
							}
						},
						{
							"origin": [-0.16568, -0.4, 3],
							"size": [0.33136, 0.8, 4],
							"uv": {
								"north": {"uv": [5, 18], "uv_size": [0.25, 0.75]},
								"east": {"uv": [6, 11], "uv_size": [4, 0.75]},
								"south": {"uv": [18, 5], "uv_size": [0.25, 0.75]},
								"west": {"uv": [11, 6], "uv_size": [4, 0.75]},
								"up": {"uv": [5, 14], "uv_size": [0.25, 4]},
								"down": {"uv": [14, 11], "uv_size": [0.25, -4]}
							}
						},
						{
							"origin": [-0.2071, -0.5, 7],
							"size": [0.4142, 1, 2],
							"pivot": [0, 0, 1],
							"rotation": [0, 0, 135],
							"uv": {
								"north": {"uv": [15, 16], "uv_size": [0.5, 1]},
								"up": {"uv": [13, 10], "uv_size": [0.5, 2]},
								"down": {"uv": [14, 2], "uv_size": [0.5, -2]}
							}
						},
						{
							"origin": [-0.2071, -0.5, 7],
							"size": [0.4142, 1, 2],
							"pivot": [0, 0, 1],
							"rotation": [0, 0, 90],
							"uv": {
								"north": {"uv": [16, 16], "uv_size": [0.5, 1]},
								"up": {"uv": [14, 4], "uv_size": [0.5, 2]},
								"down": {"uv": [14, 13], "uv_size": [0.5, -2]}
							}
						},
						{
							"origin": [-0.2071, -0.5, 7],
							"size": [0.4142, 1, 2],
							"pivot": [0, 0, 1],
							"rotation": [0, 0, 45],
							"uv": {
								"north": {"uv": [17, 1], "uv_size": [0.5, 1]},
								"up": {"uv": [14, 13], "uv_size": [0.5, 2]},
								"down": {"uv": [15, 2], "uv_size": [0.5, -2]}
							}
						},
						{
							"origin": [-0.2071, -0.5, 7],
							"size": [0.4142, 1, 2],
							"uv": {
								"north": {"uv": [17, 3], "uv_size": [0.5, 1]},
								"up": {"uv": [15, 2], "uv_size": [0.5, 2]},
								"down": {"uv": [15, 6], "uv_size": [0.5, -2]}
							}
						},
						{
							"origin": [-0.125, -0.5625, 7.75],
							"size": [0.25, 1.125, 0.25],
							"pivot": [0, 0, 7.875],
							"rotation": [0, -45, 90],
							"uv": {
								"north": {"uv": [17, 14], "uv_size": [0.25, 1.25]},
								"east": {"uv": [15, 17], "uv_size": [0.25, 1.25]},
								"south": {"uv": [16, 17], "uv_size": [0.25, 1.25]},
								"west": {"uv": [17, 16], "uv_size": [0.25, 1.25]},
								"up": {"uv": [6, 18], "uv_size": [0.25, 0.25]},
								"down": {"uv": [18, 6.25], "uv_size": [0.25, -0.25]}
							}
						},
						{
							"origin": [-1, -2.5, 9],
							"size": [3.5, 2, 0.5],
							"pivot": [0.5, -1, 1],
							"rotation": [0, 0, 90],
							"uv": {
								"north": {"uv": [4, 0], "uv_size": [3.5, 2]},
								"south": {"uv": [4, 2], "uv_size": [3.5, 2]},
								"up": {"uv": [6, 12], "uv_size": [3.5, 0.5]},
								"down": {"uv": [6, 12.5], "uv_size": [3.5, -0.5]}
							}
						},
						{
							"origin": [0.375, -1.5, 3.5],
							"size": [1.5, 1.25, 5.5],
							"pivot": [-0.125, -1, 8.75],
							"rotation": [0, 0, 90],
							"uv": {
								"east": {"uv": [4, 4], "uv_size": [5.5, 1.25]},
								"west": {"uv": [0, 6], "uv_size": [5.5, 1.25]},
								"up": {"uv": [0, 0], "uv_size": [1.5, 5.5]},
								"down": {"uv": [0, 5.5], "uv_size": [1.5, -5.5]}
							}
						},
						{
							"origin": [-1.05667, -1.5, 6.25],
							"size": [1.68067, 0.001, 0.5],
							"pivot": [0.624, -1.5, 6.25],
							"rotation": [0, 0, 82.34084],
							"uv": {
								"east": {"uv": [0, 0], "uv_size": [0.5, 0]},
								"west": {"uv": [0, 0], "uv_size": [0.5, 0]},
								"up": {"uv": [15, 6], "uv_size": [1.75, 0.5]},
								"down": {"uv": [15, 7.5], "uv_size": [1.75, -0.5]}
							}
						},
						{
							"origin": [-0.624, -1.5, 6.25],
							"size": [1.68067, 0.001, 0.5],
							"pivot": [-0.624, -1.5, 6.25],
							"rotation": [0, 0, -82.34084],
							"uv": {
								"east": {"uv": [0, 0], "uv_size": [0.5, 0]},
								"west": {"uv": [0, 0], "uv_size": [0.5, 0]},
								"up": {"uv": [15, 8], "uv_size": [1.75, 0.5]},
								"down": {"uv": [15, 9.5], "uv_size": [1.75, -0.5]}
							}
						},
						{
							"origin": [-1.05667, -1.5, 4.25],
							"size": [1.68067, 0.001, 0.5],
							"pivot": [0.624, -1.5, 4.25],
							"rotation": [0, 0, 82.34084],
							"uv": {
								"east": {"uv": [0, 0], "uv_size": [0.5, 0]},
								"west": {"uv": [0, 0], "uv_size": [0.5, 0]},
								"up": {"uv": [15, 10], "uv_size": [1.75, 0.5]},
								"down": {"uv": [15, 11.5], "uv_size": [1.75, -0.5]}
							}
						},
						{
							"origin": [-0.624, -1.5, 4.25],
							"size": [1.68067, 0.001, 0.5],
							"pivot": [-0.624, -1.5, 4.25],
							"rotation": [0, 0, -82.34084],
							"uv": {
								"east": {"uv": [0, 0], "uv_size": [0.5, 0]},
								"west": {"uv": [0, 0], "uv_size": [0.5, 0]},
								"up": {"uv": [15, 12], "uv_size": [1.75, 0.5]},
								"down": {"uv": [15, 13.5], "uv_size": [1.75, -0.5]}
							}
						},
						{
							"origin": [-0.874, -1.02513, 0.83579],
							"size": [1.5, 1.248, 4],
							"pivot": [-0.124, -0.52513, 2.08579],
							"rotation": [0, 45, 90],
							"uv": {
								"north": {"uv": [4, 12], "uv_size": [1.5, 1.25]},
								"east": {"uv": [8, 0], "uv_size": [4, 1.25]},
								"west": {"uv": [2, 8], "uv_size": [4, 1.25]},
								"up": {"uv": [6, 6], "uv_size": [1.5, 4]},
								"down": {"uv": [6, 10], "uv_size": [1.5, -4]}
							}
						},
						{
							"origin": [-0.3125, -1.21263, 1.33579],
							"size": [0.5, 1.5, 0.5],
							"pivot": [-0.0625, -0.52513, 2.08579],
							"rotation": [0, 45, 90],
							"uv": {
								"north": {"uv": [14, 15], "uv_size": [0.5, 1.5]},
								"east": {"uv": [15, 14], "uv_size": [0.5, 1.5]},
								"south": {"uv": [0, 16], "uv_size": [0.5, 1.5]},
								"west": {"uv": [16, 0], "uv_size": [0.5, 1.5]},
								"up": {"uv": [0, 18], "uv_size": [0.5, 0.5]},
								"down": {"uv": [18, 0.5], "uv_size": [0.5, -0.5]}
							}
						},
						{
							"origin": [-0.3125, -1.21263, 4.08579],
							"size": [0.5, 1.5, 0.5],
							"pivot": [-0.0625, -0.52513, 2.08579],
							"rotation": [0, 45, 90],
							"uv": {
								"north": {"uv": [1, 16], "uv_size": [0.5, 1.5]},
								"east": {"uv": [2, 16], "uv_size": [0.5, 1.5]},
								"south": {"uv": [16, 2], "uv_size": [0.5, 1.5]},
								"west": {"uv": [3, 16], "uv_size": [0.5, 1.5]},
								"up": {"uv": [1, 18], "uv_size": [0.5, 0.5]},
								"down": {"uv": [18, 1.5], "uv_size": [0.5, -0.5]}
							}
						},
						{
							"origin": [-1, -2.5, 9],
							"size": [0.5, 1, 0.5],
							"pivot": [1, -1, 1],
							"rotation": [0, 0, 90],
							"uv": {
								"north": {"uv": [17, 5], "uv_size": [0.5, 1]},
								"east": {"uv": [6, 17], "uv_size": [0.5, 1]},
								"south": {"uv": [17, 6], "uv_size": [0.5, 1]}
							}
						},
						{
							"origin": [-3.41421, -1.62132, 9.001],
							"size": [0.5, 0.70711, 0.498],
							"pivot": [-0.91421, -1.12132, 9.25],
							"rotation": [0, 0, 135],
							"uv": {
								"north": {"uv": [17, 8], "uv_size": [0.5, 0.75]},
								"east": {"uv": [9, 17], "uv_size": [0.5, 0.75]},
								"south": {"uv": [17, 9], "uv_size": [0.5, 0.75]}
							}
						},
						{
							"origin": [2.91421, -1.62132, 9.001],
							"size": [0.5, 0.70711, 0.498],
							"pivot": [0.91421, -1.12132, 9.25],
							"rotation": [0, 0, -135],
							"uv": {
								"north": {"uv": [10, 17], "uv_size": [0.5, 0.75]},
								"south": {"uv": [17, 10], "uv_size": [0.5, 0.75]},
								"west": {"uv": [11, 17], "uv_size": [0.5, 0.75]}
							}
						},
						{
							"origin": [-1, -6.5, 9],
							"size": [0.5, 1, 0.5],
							"pivot": [1, -5, 1],
							"rotation": [0, 0, 90],
							"uv": {
								"north": {"uv": [7, 17], "uv_size": [0.5, 1]},
								"south": {"uv": [17, 7], "uv_size": [0.5, 1]},
								"west": {"uv": [8, 17], "uv_size": [0.5, 1]}
							}
						},
						{
							"origin": [-3.41421, -1.58579, 9.001],
							"size": [0.5, 0.70711, 0.498],
							"pivot": [-0.91421, -1.37868, 9.25],
							"rotation": [0, 0, -135],
							"uv": {
								"north": {"uv": [17, 11], "uv_size": [0.5, 0.75]},
								"east": {"uv": [12, 17], "uv_size": [0.5, 0.75]},
								"south": {"uv": [17, 12], "uv_size": [0.5, 0.75]}
							}
						},
						{
							"origin": [2.91421, -1.58579, 9.001],
							"size": [0.5, 0.70711, 0.498],
							"pivot": [0.91421, -1.37868, 9.25],
							"rotation": [0, 0, 135],
							"uv": {
								"north": {"uv": [13, 17], "uv_size": [0.5, 0.75]},
								"south": {"uv": [17, 13], "uv_size": [0.5, 0.75]},
								"west": {"uv": [14, 17], "uv_size": [0.5, 0.75]}
							}
						}
					]
				}
			]
		}
	]
}