{
	"format_version": "1.12.0",
	"minecraft:geometry": [
		{
			"description": {
				"identifier": "geometry.unknown",
				"texture_width": 32,
				"texture_height": 32,
				"visible_bounds_width": 3,
				"visible_bounds_height": 1.5,
				"visible_bounds_offset": [0, 0.25, 0]
			},
			"bones": [
				{
					"name": "main",
					"pivot": [0, 0, 0],
					"cubes": [
						{
							"origin": [-0.2071, -0.5, 6.25],
							"size": [0.4142, 1, 3.25],
							"pivot": [0, 0, 1],
							"rotation": [0, 0, 90],
							"uv": {
								"north": {"uv": [11, 3], "uv_size": [0.5, 1]},
								"up": {"uv": [6, 9], "uv_size": [0.5, 3.25]},
								"down": {"uv": [7, 12.25], "uv_size": [0.5, -3.25]}
							}
						},
						{
							"origin": [-0.2071, -0.5, 6.25],
							"size": [0.4142, 1, 3.25],
							"pivot": [0, 0, 1],
							"rotation": [0, 0, 135],
							"uv": {
								"north": {"uv": [3, 14], "uv_size": [0.5, 1]},
								"up": {"uv": [9, 8], "uv_size": [0.5, 3.25]},
								"down": {"uv": [0, 13.25], "uv_size": [0.5, -3.25]}
							}
						},
						{
							"origin": [-0.2071, -0.5, 6.25],
							"size": [0.4142, 1, 3.25],
							"uv": {
								"north": {"uv": [8, 14], "uv_size": [0.5, 1]},
								"up": {"uv": [1, 10], "uv_size": [0.5, 3.25]},
								"down": {"uv": [2, 13.25], "uv_size": [0.5, -3.25]}
							}
						},
						{
							"origin": [-0.2071, -0.5, 6.25],
							"size": [0.4142, 1, 3.25],
							"pivot": [0, 0, 1],
							"rotation": [0, 0, 45],
							"uv": {
								"north": {"uv": [14, 10], "uv_size": [0.5, 1]},
								"up": {"uv": [3, 10], "uv_size": [0.5, 3.25]},
								"down": {"uv": [10, 9.25], "uv_size": [0.5, -3.25]}
							}
						},
						{
							"origin": [-0.125, -0.5625, 7.75],
							"size": [0.25, 1.125, 0.25],
							"pivot": [0, 0, 7.875],
							"rotation": [0, -45, 90],
							"uv": {
								"north": {"uv": [16, 6], "uv_size": [0.25, 1.25]},
								"east": {"uv": [8, 16], "uv_size": [0.25, 1.25]},
								"south": {"uv": [16, 8], "uv_size": [0.25, 1.25]},
								"west": {"uv": [9, 16], "uv_size": [0.25, 1.25]},
								"up": {"uv": [7, 17], "uv_size": [0.25, 0.25]},
								"down": {"uv": [17, 7.25], "uv_size": [0.25, -0.25]}
							}
						},
						{
							"origin": [-0.5, -1.9571, 9.25],
							"size": [1, 1.75, 0.25],
							"uv": {
								"east": {"uv": [15, 10], "uv_size": [0.25, 1.75]},
								"west": {"uv": [15, 12], "uv_size": [0.25, 1.75]},
								"down": {"uv": [16, 16.25], "uv_size": [1, -0.25]}
							}
						},
						{
							"origin": [-0.5, 0.2071, 8.5],
							"size": [1, 0.75, 1],
							"uv": {
								"east": {"uv": [9, 1], "uv_size": [1, 0.75]},
								"west": {"uv": [9, 6], "uv_size": [1, 0.75]}
							}
						},
						{
							"origin": [-0.499, 0.85355, 8.95711],
							"size": [0.998, 0.5, 0.5],
							"pivot": [-0.001, 1.10355, 9],
							"rotation": [-45, 0, 0],
							"uv": {
								"east": {"uv": [0, 17], "uv_size": [0.5, 0.5]},
								"west": {"uv": [17, 0], "uv_size": [0.5, 0.5]},
								"up": {"uv": [14, 11], "uv_size": [1, 0.5]}
							}
						},
						{
							"origin": [-0.499, 0.61559, 7.59151],
							"size": [0.998, 0.5, 1.25],
							"pivot": [-0.001, 0.86559, 8.59151],
							"rotation": [60, 0, 0],
							"uv": {
								"east": {"uv": [13, 8], "uv_size": [1.25, 0.5]},
								"west": {"uv": [13, 9], "uv_size": [1.25, 0.5]},
								"up": {"uv": [10, 1], "uv_size": [1, 1.25]}
							}
						},
						{
							"origin": [-0.498, -1.86127, 8.83637],
							"size": [0.996, 2.25, 0.7071],
							"pivot": [0, -0.73627, 9.31492],
							"rotation": [20, 0, 0],
							"uv": {
								"north": {"uv": [8, 8], "uv_size": [1, 2.25]},
								"east": {"uv": [4, 9], "uv_size": [0.75, 2.25]},
								"west": {"uv": [5, 9], "uv_size": [0.75, 2.25]}
							}
						},
						{
							"origin": [-0.75, 0.5044, 6.41139],
							"size": [1.5, 0.25, 2.75],
							"pivot": [0, 0.6336, 7.05211],
							"rotation": [12.5, 0, 0],
							"uv": {
								"east": {"uv": [13, 4], "uv_size": [2.75, 0.25]},
								"west": {"uv": [13, 5], "uv_size": [2.75, 0.25]},
								"down": {"uv": [4, 2.75], "uv_size": [1.5, -2.75]}
							}
						},
						{
							"origin": [-0.749, 0.32677, 5.43723],
							"size": [1.498, 0.25, 1.03078],
							"pivot": [0, 0.85004, 8.02841],
							"rotation": [-1.53624, 0, 0],
							"uv": {
								"east": {"uv": [1, 17], "uv_size": [1, 0.25]},
								"west": {"uv": [17, 1], "uv_size": [1, 0.25]},
								"down": {"uv": [9, 1], "uv_size": [1.5, -1]}
							}
						},
						{
							"origin": [-0.749, -0.94924, 8.45225],
							"size": [1.498, 0.25, 0.35355],
							"pivot": [0, 0.6336, 7.05211],
							"rotation": [57.5, 0, 0],
							"uv": {
								"east": {"uv": [17, 8], "uv_size": [0.25, 0.25]},
								"west": {"uv": [17, 9], "uv_size": [0.25, 0.25]},
								"down": {"uv": [13, 15.25], "uv_size": [1.5, -0.25]}
							}
						},
						{
							"origin": [-0.75, 0.7544, 5.41139],
							"size": [1.5, 0.25, 4],
							"pivot": [0, 0.6336, 7.05211],
							"rotation": [12.5, 0, 0],
							"uv": {
								"north": {"uv": [15, 14], "uv_size": [1.5, 0.25]},
								"east": {"uv": [12, 6], "uv_size": [4, 0.25]},
								"south": {"uv": [15, 15], "uv_size": [1.5, 0.25]},
								"west": {"uv": [12, 7], "uv_size": [4, 0.25]},
								"up": {"uv": [0, 4], "uv_size": [1.5, 4]}
							}
						},
						{
							"origin": [0.95043, -0.1206, 8.00255],
							"size": [0.375, 1.25, 0.375],
							"pivot": [0, 0.6336, 7.05211],
							"rotation": [17.40744, -43.65747, -12.2127],
							"uv": {
								"north": {"uv": [10, 13], "uv_size": [0.5, 1.25]},
								"east": {"uv": [13, 10], "uv_size": [0.5, 1.25]},
								"south": {"uv": [13, 12], "uv_size": [0.5, 1.25]},
								"west": {"uv": [0, 14], "uv_size": [0.5, 1.25]},
								"up": {"uv": [2, 17], "uv_size": [0.5, 0.5]}
							}
						},
						{
							"origin": [-0.1875, -0.31032, 6.02297],
							"size": [0.375, 1.25, 0.375],
							"pivot": [0, 0.31468, 6.21047],
							"rotation": [162.59256, 43.65747, 167.7873],
							"uv": {
								"north": {"uv": [14, 0], "uv_size": [0.5, 1.25]},
								"east": {"uv": [1, 14], "uv_size": [0.5, 1.25]},
								"south": {"uv": [2, 14], "uv_size": [0.5, 1.25]},
								"west": {"uv": [14, 2], "uv_size": [0.5, 1.25]},
								"up": {"uv": [17, 2], "uv_size": [0.5, 0.5]}
							}
						},
						{
							"origin": [-1, -2, 9.5],
							"size": [4, 2, 0.5],
							"pivot": [0.5, -0.5, 1.5],
							"rotation": [0, 0, 90],
							"uv": {
								"north": {"uv": [0, 0], "uv_size": [4, 2]},
								"south": {"uv": [0, 2], "uv_size": [4, 2]},
								"up": {"uv": [8, 5], "uv_size": [4, 0.5]},
								"down": {"uv": [0, 9.5], "uv_size": [4, -0.5]}
							}
						},
						{
							"origin": [-1, -2, 9.5],
							"size": [0.5, 1, 0.5],
							"pivot": [1, -0.5, 1.5],
							"rotation": [0, 0, 90],
							"uv": {
								"north": {"uv": [14, 12], "uv_size": [0.5, 1]},
								"east": {"uv": [13, 14], "uv_size": [0.5, 1]},
								"south": {"uv": [14, 13], "uv_size": [0.5, 1]}
							}
						},
						{
							"origin": [-3.41421, -1.12132, 9.501],
							"size": [0.5, 0.70711, 0.498],
							"pivot": [-0.91421, -0.62132, 9.75],
							"rotation": [0, 0, 135],
							"uv": {
								"north": {"uv": [0, 16], "uv_size": [0.5, 0.75]},
								"east": {"uv": [16, 0], "uv_size": [0.5, 0.75]},
								"south": {"uv": [1, 16], "uv_size": [0.5, 0.75]}
							}
						},
						{
							"origin": [2.91421, -1.12132, 9.501],
							"size": [0.5, 0.70711, 0.498],
							"pivot": [0.91421, -0.62132, 9.75],
							"rotation": [0, 0, -135],
							"uv": {
								"north": {"uv": [16, 1], "uv_size": [0.5, 0.75]},
								"south": {"uv": [2, 16], "uv_size": [0.5, 0.75]},
								"west": {"uv": [16, 2], "uv_size": [0.5, 0.75]}
							}
						},
						{
							"origin": [-1, -6.5, 9.5],
							"size": [0.5, 1, 0.5],
							"pivot": [1, -5, 1.5],
							"rotation": [0, 0, 90],
							"uv": {
								"north": {"uv": [14, 14], "uv_size": [0.5, 1]},
								"south": {"uv": [15, 0], "uv_size": [0.5, 1]},
								"west": {"uv": [15, 1], "uv_size": [0.5, 1]}
							}
						},
						{
							"origin": [-3.41421, -1.58579, 9.501],
							"size": [0.5, 0.70711, 0.498],
							"pivot": [-0.91421, -1.37868, 9.75],
							"rotation": [0, 0, -135],
							"uv": {
								"north": {"uv": [3, 16], "uv_size": [0.5, 0.75]},
								"east": {"uv": [16, 3], "uv_size": [0.5, 0.75]},
								"south": {"uv": [4, 16], "uv_size": [0.5, 0.75]}
							}
						},
						{
							"origin": [2.91421, -1.58579, 9.501],
							"size": [0.5, 0.70711, 0.498],
							"pivot": [0.91421, -1.37868, 9.75],
							"rotation": [0, 0, 135],
							"uv": {
								"north": {"uv": [16, 4], "uv_size": [0.5, 0.75]},
								"south": {"uv": [5, 16], "uv_size": [0.5, 0.75]},
								"west": {"uv": [16, 5], "uv_size": [0.5, 0.75]}
							}
						},
						{
							"origin": [-0.2071, -0.5, 0],
							"size": [0.4142, 1, 3],
							"uv": {
								"north": {"uv": [15, 2], "uv_size": [0.5, 1]},
								"east": {"uv": [2, 4], "uv_size": [3, 1]},
								"south": {"uv": [3, 15], "uv_size": [0.5, 1]},
								"west": {"uv": [4, 3], "uv_size": [3, 1]},
								"up": {"uv": [10, 10], "uv_size": [0.5, 3]},
								"down": {"uv": [11, 3], "uv_size": [0.5, -3]}
							}
						},
						{
							"origin": [-0.2071, -0.5, 0],
							"size": [0.4142, 1, 3],
							"pivot": [0, 0, 1],
							"rotation": [0, 0, 45],
							"uv": {
								"north": {"uv": [15, 3], "uv_size": [0.5, 1]},
								"east": {"uv": [2, 5], "uv_size": [3, 1]},
								"south": {"uv": [4, 15], "uv_size": [0.5, 1]},
								"west": {"uv": [5, 4], "uv_size": [3, 1]},
								"up": {"uv": [11, 6], "uv_size": [0.5, 3]},
								"down": {"uv": [8, 14], "uv_size": [0.5, -3]}
							}
						},
						{
							"origin": [-0.2071, -0.5, 0],
							"size": [0.4142, 1, 3],
							"pivot": [0, 0, 1],
							"rotation": [0, 0, 90],
							"uv": {
								"north": {"uv": [8, 15], "uv_size": [0.5, 1]},
								"east": {"uv": [5, 5], "uv_size": [3, 1]},
								"south": {"uv": [15, 8], "uv_size": [0.5, 1]},
								"west": {"uv": [6, 0], "uv_size": [3, 1]},
								"up": {"uv": [11, 9], "uv_size": [0.5, 3]},
								"down": {"uv": [12, 3], "uv_size": [0.5, -3]}
							}
						},
						{
							"origin": [-0.125, -0.5625, 2.5],
							"size": [0.25, 1.125, 0.25],
							"pivot": [0, 0, 2.625],
							"rotation": [0, -45, 90],
							"uv": {
								"north": {"uv": [10, 16], "uv_size": [0.25, 1.25]},
								"east": {"uv": [16, 10], "uv_size": [0.25, 1.25]},
								"south": {"uv": [11, 16], "uv_size": [0.25, 1.25]},
								"west": {"uv": [12, 16], "uv_size": [0.25, 1.25]},
								"up": {"uv": [17, 10], "uv_size": [0.25, 0.25]},
								"down": {"uv": [17, 11.25], "uv_size": [0.25, -0.25]}
							}
						},
						{
							"origin": [-0.125, -0.5625, 1.5],
							"size": [0.25, 1.125, 0.25],
							"pivot": [0, 0, 1.625],
							"rotation": [0, -45, 90],
							"uv": {
								"north": {"uv": [16, 12], "uv_size": [0.25, 1.25]},
								"east": {"uv": [13, 16], "uv_size": [0.25, 1.25]},
								"south": {"uv": [14, 16], "uv_size": [0.25, 1.25]},
								"west": {"uv": [15, 16], "uv_size": [0.25, 1.25]},
								"up": {"uv": [17, 12], "uv_size": [0.25, 0.25]},
								"down": {"uv": [17, 13.25], "uv_size": [0.25, -0.25]}
							}
						},
						{
							"origin": [-0.2071, -0.5, 0],
							"size": [0.4142, 1, 3],
							"pivot": [0, 0, 1],
							"rotation": [0, 0, 135],
							"uv": {
								"north": {"uv": [15, 9], "uv_size": [0.5, 1]},
								"east": {"uv": [6, 1], "uv_size": [3, 1]},
								"south": {"uv": [10, 15], "uv_size": [0.5, 1]},
								"west": {"uv": [2, 6], "uv_size": [3, 1]},
								"up": {"uv": [12, 3], "uv_size": [0.5, 3]},
								"down": {"uv": [4, 15], "uv_size": [0.5, -3]}
							}
						},
						{
							"origin": [-0.16568, -0.4, 3],
							"size": [0.33136, 0.8, 3.25],
							"uv": {
								"north": {"uv": [3, 17], "uv_size": [0.25, 0.75]},
								"east": {"uv": [6, 2], "uv_size": [3.25, 0.75]},
								"south": {"uv": [17, 3], "uv_size": [0.25, 0.75]},
								"west": {"uv": [5, 6], "uv_size": [3.25, 0.75]},
								"up": {"uv": [5, 12], "uv_size": [0.25, 3.25]},
								"down": {"uv": [12, 11.25], "uv_size": [0.25, -3.25]}
							}
						},
						{
							"origin": [-0.16568, -0.4, 3],
							"size": [0.33136, 0.8, 3.25],
							"pivot": [0, 0, 5],
							"rotation": [0, 0, 45],
							"uv": {
								"north": {"uv": [4, 17], "uv_size": [0.25, 0.75]},
								"east": {"uv": [2, 7], "uv_size": [3.25, 0.75]},
								"south": {"uv": [17, 4], "uv_size": [0.25, 0.75]},
								"west": {"uv": [7, 3], "uv_size": [3.25, 0.75]},
								"up": {"uv": [9, 12], "uv_size": [0.25, 3.25]},
								"down": {"uv": [11, 15.25], "uv_size": [0.25, -3.25]}
							}
						},
						{
							"origin": [-0.16568, -0.4, 3],
							"size": [0.33136, 0.8, 3.25],
							"pivot": [0, 0, 5],
							"rotation": [0, 0, 90],
							"uv": {
								"north": {"uv": [5, 17], "uv_size": [0.25, 0.75]},
								"east": {"uv": [6, 7], "uv_size": [3.25, 0.75]},
								"south": {"uv": [17, 5], "uv_size": [0.25, 0.75]},
								"west": {"uv": [0, 8], "uv_size": [3.25, 0.75]},
								"up": {"uv": [12, 12], "uv_size": [0.25, 3.25]},
								"down": {"uv": [13, 3.25], "uv_size": [0.25, -3.25]}
							}
						},
						{
							"origin": [-0.16568, -0.4, 3],
							"size": [0.33136, 0.8, 3.25],
							"pivot": [0, 0, 5],
							"rotation": [0, 0, 135],
							"uv": {
								"north": {"uv": [6, 17], "uv_size": [0.25, 0.75]},
								"east": {"uv": [4, 8], "uv_size": [3.25, 0.75]},
								"south": {"uv": [17, 6], "uv_size": [0.25, 0.75]},
								"west": {"uv": [8, 4], "uv_size": [3.25, 0.75]},
								"up": {"uv": [6, 13], "uv_size": [0.25, 3.25]},
								"down": {"uv": [7, 16.25], "uv_size": [0.25, -3.25]}
							}
						}
					]
				}
			]
		}
	]
}